URL,Version,Status,OIDs,Name,Title,Description,Used
http://hl7.org/fhir/CodeSystem/medication-status,4.0.1,draft,"2.16.840.1.113883.4.642.4.1380",Medication Status Codes,Medication  status  codes,"Medication Status Codes","ValueSet/medication-status"
http://hl7.org/fhir/CodeSystem/medicationrequest-intent,4.0.1,draft,"2.16.840.1.113883.4.642.4.1378",medicationRequest Intent,Medication request  intent,"MedicationRequest Intent Codes","ValueSet/medicationrequest-intent"
http://hl7.org/fhir/CodeSystem/medicationrequest-status,4.0.1,draft,"2.16.840.1.113883.4.642.4.1377",medicationrequest Status,Medicationrequest  status,"MedicationRequest Status Codes","ValueSet/medicationrequest-status"
http://hl7.org/fhir/address-type,4.0.1,active,"2.16.840.1.113883.4.642.4.70",AddressType,AddressType,"The type of an address (physical / postal).","ValueSet/address-type"
http://hl7.org/fhir/address-use,4.0.1,active,"2.16.840.1.113883.4.642.4.68",AddressUse,AddressUse,"The use of an address.","ValueSet/address-use"
http://hl7.org/fhir/administrative-gender,4.0.1,active,"2.16.840.1.113883.4.642.4.2",AdministrativeGender,AdministrativeGender,"The gender of a person used for administrative purposes.","ValueSet/administrative-gender"
http://hl7.org/fhir/contact-point-system,4.0.1,active,"2.16.840.1.113883.4.642.4.72",ContactPointSystem,ContactPointSystem,"Telecommunications form for contact point.","ValueSet/contact-point-system"
http://hl7.org/fhir/contact-point-use,4.0.1,active,"2.16.840.1.113883.4.642.4.74",ContactPointUse,ContactPointUse,"Use of contact point.","ValueSet/contact-point-use"
http://hl7.org/fhir/identifier-use,4.0.1,active,"2.16.840.1.113883.4.642.4.58",IdentifierUse,IdentifierUse,"Identifies the purpose for this identifier, if known .","ValueSet/identifier-use"
http://hl7.org/fhir/link-type,4.0.1,active,"2.16.840.1.113883.4.642.4.424",LinkType,LinkType,"The type of link between this patient resource and another patient resource.","ValueSet/link-type"
http://hl7.org/fhir/name-use,4.0.1,active,"2.16.840.1.113883.4.642.4.66",NameUse,NameUse,"The use of a human name.","ValueSet/name-use"
http://hl7.org/fhir/observation-status,4.0.1,active,"2.16.840.1.113883.4.642.4.401",ObservationStatus,ObservationStatus,"Codes providing the status of an observation.","ValueSet/observation-status"
http://hl7.org/fhir/quantity-comparator,4.0.1,active,"2.16.840.1.113883.4.642.4.60",QuantityComparator,QuantityComparator,"How the Quantity should be understood and represented.","ValueSet/quantity-comparator"
http://hl7.org/fhir/request-priority,4.0.1,draft,"2.16.840.1.113883.4.642.4.116",RequestPriority,RequestPriority,"Identifies the level of importance to be assigned to actioning the request.","ValueSet/request-priority"
http://hl7.org/fhir/sid/icd-10-cm,2.0.1,active,"2.16.840.1.113883.6.90",Icd10CM,International Classification of Diseases, 10th Revision, Clinical Modification (ICD-10-CM),"The International Classification of Diseases, 10th Revision, Clinical Modification (ICD-10-CM), describes the classification of morbidity and mortality information for statistical purposes and for the indexing of healthcare records by diseases. The ICD-10-CM codes can be used as the value of the Act.cd attribute.","ValueSet/gvhd-icd10-codes"
http://hl7.org/fhir/uv/genomics-reporting/CodeSystem/variant-confidence-status-cs,2.0.0,active,,VariantConfidenceStatusCS,Variant Confidence Status Codes,"A code that represents the confidence of a true positive variant call.","ValueSet/variant-confidence-status-vs"
http://loinc.org,3.1.0,active,"2.16.840.1.113883.6.1",LOINC,Logical Observation Identifiers, Names and Codes (LOINC),"LOINC provides a set of universal names and ID codes for identifying laboratory and clinical test results.1,2 LOINC facilitates the exchange and pooling of results, such as blood hemoglobin, serum potassium, or vital signs, for clinical care, outcomes management, and research. LOINC's universal identifiers (names and codes) can be used in the context of order and observation exchanges between information systems that use syntax standards such as HL73, CEN TC251, ISO TC215, ASTM4, and DICOM. Specifically, the identifier can be used as the coded value for an observation in any other standard that uses the observation/observation value paradigm, whether messages, documents, application programming interface (API), etc. For example, LOINC codes are used widely in the OBX segment Observation Identifier field (OBX-3) of an ORU HL7 (HL7 version 2.x or ASTM 1238-9410) message that may be sent between a Clinical Laboratory Information Management Systems (LIMS) and Electronic Health Record Systems (EHR).5, 6 In this way, LOINC codes provide universal identifiers that allow the exchange of clinical data between heterogeneous computing environments.","ValueSet/cibmtr-priority-variables-2021,ValueSet/leukocyte-morphology-blood-vs,ValueSet/cibmtr-priority-variables-2022,ValueSet/vital-signs,ValueSet/cbc-w-differential-unspecified-blood-vs,ValueSet/smear-morphology-blood-vs,ValueSet/2.16.840.1.113883.3.88.12.80.62,ValueSet/cbc-blood-automated-vs,ValueSet/auto-differential-blood-vs,ValueSet/cibmtr-priority-variables-epic-2021,ValueSet/manual-differential-blood-vs,ValueSet/erythrocyte-morphology-blood-vs,ValueSet/us-core-laboratory-test-codes,ValueSet/presence-valueset,ValueSet/platelet-morphology-blood-vs,ValueSet/variant-inheritance-vs,ValueSet/null,ValueSet/observation-codes,ValueSet/patient,ValueSet/differential-unspecified-blood-vs"
http://snomed.info/sct,null,active,"2.16.840.1.113883.6.96",SNOMED_CT,SNOMED CT (all versions),"SNOMED CT is the most comprehensive and precise clinical health terminology product in the world, owned and distributed around the world by The International Health Terminology Standards Development Organisation (IHTSDO).","ValueSet/performer-role,ValueSet/referencerange-appliesto,ValueSet/gvhd-sct-codes,ValueSet/additional-instruction-codes,ValueSet/route-codes,ValueSet/approach-site-codes,ValueSet/presence-valueset,ValueSet/medication-form-codes,ValueSet/observation-methods,ValueSet/body-site,ValueSet/snomed-myelodysplastic-diseases-vs,ValueSet/hematopoietic-disorder-vs,ValueSet/reason-medication-not-given-codes,ValueSet/administration-method-codes,ValueSet/medication-as-needed-reason"
http://terminology.hl7.org/CodeSystem/common-tags,4.0.1,draft,"2.16.840.1.113883.4.642.4.1067",CommonTags,Common Tags,"Common Tag Codes defined by FHIR project","ValueSet/common-tags"
http://terminology.hl7.org/CodeSystem/data-absent-reason,4.0.1,active,"2.16.840.1.113883.4.642.4.1048",DataAbsentReason,DataAbsentReason,"Used to specify why the normally expected content of the data element is missing.","ValueSet/data-absent-reason"
http://terminology.hl7.org/CodeSystem/dose-rate-type,4.0.1,draft,"2.16.840.1.113883.4.642.4.1069",DoseAndRateType,DoseAndRateType,"The kind of dose or rate specified.","ValueSet/dose-rate-type"
http://terminology.hl7.org/CodeSystem/med-admin-perform-function,4.0.1,draft,"2.16.840.1.113883.4.642.4.1112",MedicationAdministration Performer Function Codes,Medication administration  performer  function  codes,"MedicationAdministration Performer Function Codes","ValueSet/med-admin-perform-function"
http://terminology.hl7.org/CodeSystem/medication-admin-category,4.0.1,draft,"2.16.840.1.113883.4.642.4.1111",MedicationAdministration Category Codes,Medication administration  category  codes,"MedicationAdministration Category Codes","ValueSet/medication-admin-category"
http://terminology.hl7.org/CodeSystem/medication-admin-status,4.0.1,draft,"2.16.840.1.113883.4.642.4.1311",MedicationAdministration Status Codes,Medication administration  status  codes,"MedicationAdministration Status Codes","ValueSet/medication-admin-status"
http://terminology.hl7.org/CodeSystem/medicationrequest-category,4.0.1,draft,"2.16.840.1.113883.4.642.4.1323",medicationRequest Category Codes,Medication request  category  codes,"MedicationRequest Category Codes","ValueSet/medicationrequest-category"
http://terminology.hl7.org/CodeSystem/medicationrequest-course-of-therapy,4.0.1,draft,"2.16.840.1.113883.4.642.4.1327",medicationRequest Course of Therapy Codes,Medication request  course of  therapy  codes,"MedicationRequest Course of Therapy Codes","ValueSet/medicationrequest-course-of-therapy"
http://terminology.hl7.org/CodeSystem/medicationrequest-status-reason,4.0.1,draft,"2.16.840.1.113883.4.642.4.1325",medicationRequest Status Reason Codes,Medication request  status  reason  codes,"MedicationRequest Status Reason Codes","ValueSet/medicationrequest-status-reason"
http://terminology.hl7.org/CodeSystem/observation-category,4.0.1,draft,"2.16.840.1.113883.4.642.4.1125",ObservationCategoryCodes,Observation Category Codes,"Observation Category codes.","ValueSet/us-core-clinical-result-observation-category,ValueSet/observation-category"
http://terminology.hl7.org/CodeSystem/referencerange-meaning,4.0.1,draft,"2.16.840.1.113883.4.642.4.1124",ObservationReferenceRangeMeaningCodes,Observation Reference Range Meaning Codes,"This value set defines a set of codes that can be used to indicate the meaning/use of a reference range for a particular target population.","ValueSet/referencerange-meaning"
http://terminology.hl7.org/CodeSystem/v2-0131,2.9,active,"2.16.840.1.113883.18.58",v2.0131,v2 Contact Role,"FHIR Value set/code system definition for HL7 v2 table 0131 ( Contact Role)","ValueSet/patient-contactrelationship"
http://terminology.hl7.org/CodeSystem/v2-0203,2.9,active,"2.16.840.1.113883.18.108",v2.0203,v2 Identifier Type,"FHIR Value set/code system definition for HL7 v2 table 0203 ( Identifier Type)","ValueSet/identifier-type"
http://terminology.hl7.org/CodeSystem/v3-ActReason,2018-08-12,active,"2.16.840.1.113883.5.8",v3.ActReason,v3 Code System ActReason," A set of codes specifying the motivation, cause, or rationale of an Act, when such rationale is not reasonably represented as an ActRelationship of type ""has reason"" linking to another Act.  Examples:  Example reasons that might qualify for being coded in this field might be: ""routine requirement"", ""infectious disease reporting requirement"", ""on patient request"", ""required by law"".","ValueSet/v3-SubstanceAdminSubstitutionReason"
http://terminology.hl7.org/CodeSystem/v3-MaritalStatus,2018-08-12,active,"2.16.840.1.113883.5.2",v3.MaritalStatus,v3 Code System MaritalStatus," * * * No description supplied * * *  Open Issue:  The specific meanings of these codes can vary somewhat by jurisdiction and implementation so caution should be used when determining equivalency.","ValueSet/marital-status"
http://terminology.hl7.org/CodeSystem/v3-NullFlavor,2018-08-12,active,"2.16.840.1.113883.5.1008",v3.NullFlavor,v3 Code System NullFlavor," A collection of codes specifying why a valid value is not present.","ValueSet/marital-status"
http://terminology.hl7.org/CodeSystem/v3-ObservationInterpretation,2018-08-12,active,"2.16.840.1.113883.5.83",v3.ObservationInterpretation,v3 Code System ObservationInterpretation,"One or more codes providing a rough qualitative interpretation of the observation, such as ""normal"" / ""abnormal"", ""low"" / ""high"", ""better"" / ""worse"", ""resistant"" /  ""susceptible"", ""expected"" / ""not expected"". The value set is intended to be for ANY use where coded representation of an interpretation is needed.","ValueSet/observation-interpretation"
http://terminology.hl7.org/CodeSystem/v3-substanceAdminSubstitution,2018-08-12,active,"2.16.840.1.113883.5.1070",v3.substanceAdminSubstitution,v3 Code System substanceAdminSubstitution," Identifies what sort of change is permitted or has occurred between the therapy that was ordered and the therapy that was/will be provided.","ValueSet/v3-ActSubstanceAdminSubstitutionCode"
http://unitsofmeasure.org,3.0.1,active,"2.16.840.1.113883.6.8",UCUM,Unified Code for Units of Measure (UCUM),"The Unified Code for Units of Measure (UCUM) is a code system intended to include all units of measures being contemporarily used in international science, engineering, and business. The purpose is to facilitate unambiguous electronic communication of quantities together with their units. The focus is on electronic communication, as opposed to communication between humans. A typical application of The Unified Code for Units of Measure are electronic data interchange (EDI) protocols, but there is nothing that prevents it from being used in other types of machine communication.","ValueSet/ucum-bodyweight,ValueSet/ucum-vitals-common,ValueSet/ucum-bodylength"
http://varnomen.hgvs.org,2.0.1,active,"2.16.840.1.113883.6.282",Hgvs,Human Genome Variation Society nomenclature,"HGVS nomenclatures are the guidelines for mutation nomenclature made by the Human Genome Variation Society.    HGVS nomenclature can be used with the HL7 coded data type (code data type that accepts expression data, or a coded expression data type). This coded data type should be able to distinguish expressions in HGVS nomenclature from coded concepts. For example, in the HL7 messages specified according to the HL7 V2 Clinical Genomics Fully LOINC-Qualified Genetic Variation Model, HGVS nomenclature can be used to as the observation values for DNA sequence variations. For example, OBX|1|CWE|48004-6^DNA Sequence Variation^LN||c.1129C>T^^HGVS|    Versioning information: The HGVS nomenclature for the description of sequence variants was last modified Feb 20, 2008. The HGVS nomenclature for the description of protein sequence variants was last modified May 12, 2007. The HGVS nomenclature for the description of DNA sequence variants was last modified June 15, 2007 The HGVS nomenclature for the description of RNA sequence variants was last modified May 12, 2007    HGVS nomenclatures can be used freely by the public.","ValueSet/hgvs-vs"
http://www.genenames.org/genegroup,1.1.0,active,,HGNCGeneGroup,HUGO Gene Nomenclature Committee Gene Group,"""The HGNC is responsible for approving unique symbols and names for human loci, including protein coding genes, ncRNA genes and pseudogenes, to allow unambiguous scientific communication.""    HGNC Gene Group is an index on gene families/groups. The numeric GeneGroup IDs should be used as codes. GeneGroup IDs do not begin with ""HGNC:"" (like the GeneIDs for genes in HGNC Genes), so care must be made to ensure alignment of concepts when viewing an HGNC ID from an older system that may be referring to the GeneID and not a gene group. For example, 588 refers to the HLA gene family, but HGNC:588 identifies the ATG12 gene. To provide clarity for systems that do not distinguish codes from genes and gene families, use ""http://www.genenames.org"" for genes and ""http://www.genenames.org/genegroup"" for gene families as code system URIs.    ""For each known human gene we approve a gene name and symbol (short-form abbreviation). All approved symbols are stored in the HGNC database,[www.genenames.org](https://www.genenames.org/tools/search), a curated online repository of HGNC-approved gene nomenclature, gene groups and associated resources including links to genomic, proteomic and phenotypic information. Each symbol is unique and we ensure that each gene is only given one approved gene symbol. It is necessary to provide a unique symbol for each gene so that we and others can talk about them, and this also facilitates electronic data retrieval from publications and databases.""    For more information on the use of HGNC Genes, see [https://terminology.hl7.org/CodeSystem-v3-hgnc.html](https://terminology.hl7.org/CodeSystem-v3-hgnc.html).    HGNC is a free database for the public.    Please see https://www.genenames.org/ for more info.","ValueSet/hgnc-vs"
http://www.nlm.nih.gov/research/umls/rxnorm,3.0.1,active,"2.16.840.1.113883.6.88",RxNorm,RxNorm,"RxNorm provides normalized names for clinical drugs and links its names to many of the drug vocabularies commonly used in pharmacy management and drug interaction software, including those of First Databank, Micromedex, and Gold Standard Drug Database. By providing links between these vocabularies, RxNorm can mediate messages between systems not using the same software and vocabulary. RxNorm now includes the United States Pharmacopeia (USP) Compendial Nomenclature from the United States Pharmacopeial Convention. USP is a cumulative data set of all Active Pharmaceutical Ingredients (API).","ValueSet/med-prior-exposure-vs,ValueSet/med-etoposide-vs,ValueSet/med-thiotepa-vs,ValueSet/med-fludarabine-vs,ValueSet/med-post-hct-disease-therapy-planned-vs,ValueSet/med-prep-regimen-vs,ValueSet/med-treosulfan-vs,ValueSet/med-gvhd-prophylaxis-vs,ValueSet/med-cytarabine-vs,ValueSet/med-carmustine-vs,ValueSet/med-cyclophosphamide-vs,ValueSet/med-ursodiol-vs,ValueSet/med-busulfan-vs,ValueSet/med-addition-peri-transplant-vs,ValueSet/med-mobilizing-agents-vs,ValueSet/med-defibrotide-vs,ValueSet/med-alemtuzumab-vs,ValueSet/med-melphalan-vs,ValueSet/med-rituximab-vs,ValueSet/med-bortezomib-vs,ValueSet/med-anti-thymocyte-globulin-vs"
https://www.usps.com/,1.0.0,active,,USPSStateCodes,USPS State Codes,"State Codes as defined by US Postal Service    For more information, see [https://pe.usps.com/text/pub28/28apb.htm](https://pe.usps.com/text/pub28/28apb.htm)","ValueSet/USPS-State"
urn:ietf:bcp:47,2.0.1,active,"2.16.840.1.113883.6.121",Ietf3066,Tags for the Identification of Languages,"Older value from OID registry.  Superceded; see recommendations in BCP-47.","ValueSet/languages,ValueSet/Languages"
