<?xml version="1.0" encoding="UTF-8"?>

<Medication xmlns="http://hl7.org/fhir">
  <id value="Medication-Etoposide-Example"/>
  <meta>
    <profile value="http://fhir.nmdp.org/ig/cibmtr-reporting/StructureDefinition/cibmtr-medication"/>
    <security>
      <system value="http://terminology.cibmtr.org/codesystem/transplant-center"/>
      <code value="rc_99999"/>
      <display value="99999 My Transplant Center"/>
    </security>
  </meta>
  <text>
    <status value="generated"/><div xmlns="http://www.w3.org/1999/xhtml"><p class="res-header-id"><b>Generated Narrative: Medication Medication-Etoposide-Example</b></p><a name="Medication-Etoposide-Example"> </a><a name="hcMedication-Etoposide-Example"> </a><a name="Medication-Etoposide-Example-en-US"> </a><p><b>code</b>: <span title="Codes:{http://www.nlm.nih.gov/research/umls/rxnorm 4179}, {http://www.nlm.nih.gov/research/umls/rxnorm 310248}, {http://www.nlm.nih.gov/research/umls/rxnorm 362972}, {http://www.nlm.nih.gov/research/umls/rxnorm 206832}">ETOPOSIDE 20 MG/ML IV SOLN</span></p><h3>Ingredients</h3><table class="grid"><tr><td style="display: none">-</td><td><b>Item[x]</b></td><td><b>Strength</b></td></tr><tr><td style="display: none">*</td><td><span title="Codes:{http://www.nlm.nih.gov/research/umls/rxnorm 4179}, {http://www.nlm.nih.gov/research/umls/rxnorm 310248}, {http://www.nlm.nih.gov/research/umls/rxnorm 362972}, {http://www.nlm.nih.gov/research/umls/rxnorm 206832}">ETOPOSIDE 20 MG/ML IV SOLN</span></td><td>20 milligram per milliliter<span style="background: LightGoldenRodYellow"> (Details: UCUM  codemg/ml = 'mg/ml')</span>/20 milligram per milliliter<span style="background: LightGoldenRodYellow"> (Details: UCUM  codemg/ml = 'mg/ml')</span></td></tr></table></div>
  </text>
  <code>
    <coding>
      <system value="http://www.nlm.nih.gov/research/umls/rxnorm"/>
      <code value="4179"/>
      <display value="etoposide"/>
    </coding>
    <coding>
      <system value="http://www.nlm.nih.gov/research/umls/rxnorm"/>
      <code value="310248"/>
      <display value="etoposide 20 MG/ML Injectable Solution"/>
    </coding>
    <coding>
      <system value="http://www.nlm.nih.gov/research/umls/rxnorm"/>
      <code value="362972"/>
      <display value="etoposide Injectable Solution [Vepesid]"/>
    </coding>
    <coding>
      <system value="http://www.nlm.nih.gov/research/umls/rxnorm"/>
      <code value="206832"/>
      <display value="etoposide 20 MG/ML Injectable Solution [Vepesid]"/>
    </coding>
    <text value="ETOPOSIDE 20 MG/ML IV SOLN"/>
  </code>
  <ingredient>
    <itemCodeableConcept>
      <coding>
        <system value="http://www.nlm.nih.gov/research/umls/rxnorm"/>
        <code value="4179"/>
        <display value="etoposide"/>
      </coding>
      <coding>
        <system value="http://www.nlm.nih.gov/research/umls/rxnorm"/>
        <code value="310248"/>
        <display value="etoposide 20 MG/ML Injectable Solution"/>
      </coding>
      <coding>
        <system value="http://www.nlm.nih.gov/research/umls/rxnorm"/>
        <code value="362972"/>
        <display value="etoposide Injectable Solution [Vepesid]"/>
      </coding>
      <coding>
        <system value="http://www.nlm.nih.gov/research/umls/rxnorm"/>
        <code value="206832"/>
        <display value="etoposide 20 MG/ML Injectable Solution [Vepesid]"/>
      </coding>
      <text value="ETOPOSIDE 20 MG/ML IV SOLN"/>
    </itemCodeableConcept>
    <strength>
      <numerator>
        <value value="20"/>
        <unit value="milligram per milliliter"/>
        <system value="http://unitsofmeasure.org"/>
        <code value="mg/ml"/>
      </numerator>
      <denominator>
        <value value="20"/>
        <unit value="milligram per milliliter"/>
        <system value="http://unitsofmeasure.org"/>
        <code value="mg/ml"/>
      </denominator>
    </strength>
  </ingredient>
</Medication>