<?xml version="1.0" encoding="UTF-8"?><ValueSet xmlns="http://hl7.org/fhir"><id value="cibmtr-priority-variables-2021"/><text><status value="generated"/><div xmlns="http://www.w3.org/1999/xhtml"><ul><li>Include these codes as defined in <a href="http://loinc.org"><code>http://loinc.org</code></a><table class="none"><tr><td style="white-space:nowrap"><b>Code</b></td><td><b>Display</b></td></tr><tr><td><a href="https://loinc.org/26508-2/">26508-2</a></td><td>Band form neutrophils/100 leukocytes in Blood</td></tr><tr><td><a href="https://loinc.org/35332-6/">35332-6</a></td><td>Band form neutrophils/100 leukocytes in Blood by Automated count</td></tr><tr><td><a href="https://loinc.org/764-1/">764-1</a></td><td>Band form neutrophils/100 leukocytes in Blood by Manual count</td></tr><tr><td><a href="https://loinc.org/30180-4/">30180-4</a></td><td>Basophils/100 leukocytes in Blood</td></tr><tr><td><a href="https://loinc.org/706-2/">706-2</a></td><td>Basophils/100 leukocytes in Blood by Automated count</td></tr><tr><td><a href="https://loinc.org/707-0/">707-0</a></td><td>Basophils/100 leukocytes in Blood by Manual count</td></tr><tr><td><a href="https://loinc.org/26446-5/">26446-5</a></td><td>Blasts/100 leukocytes in Blood</td></tr><tr><td><a href="https://loinc.org/709-6/">709-6</a></td><td>Blasts/100 leukocytes in Blood by Manual count</td></tr><tr><td><a href="https://loinc.org/26449-9/">26449-9</a></td><td>Eosinophils [#/volume] in Blood</td></tr><tr><td><a href="https://loinc.org/711-2/">711-2</a></td><td>Eosinophils [#/volume] in Blood by Automated count</td></tr><tr><td><a href="https://loinc.org/712-0/">712-0</a></td><td>Eosinophils [#/volume] in Blood by Manual count</td></tr><tr><td><a href="https://loinc.org/26450-7/">26450-7</a></td><td>Eosinophils/100 leukocytes in Blood</td></tr><tr><td><a href="https://loinc.org/713-8/">713-8</a></td><td>Eosinophils/100 leukocytes in Blood by Automated count</td></tr><tr><td><a href="https://loinc.org/714-6/">714-6</a></td><td>Eosinophils/100 leukocytes in Blood by Manual count</td></tr><tr><td><a href="https://loinc.org/4576-5/">4576-5</a></td><td>Hemoglobin F/Hemoglobin.total in Blood</td></tr><tr><td><a href="https://loinc.org/71865-0/">71865-0</a></td><td>Hemoglobin F/Hemoglobin.total [Pure mass fraction] in Blood by Electrophoresis</td></tr><tr><td><a href="https://loinc.org/71864-3/">71864-3</a></td><td>Hemoglobin F/Hemoglobin.total [Pure mass fraction] in Blood by HPLC</td></tr><tr><td><a href="https://loinc.org/71863-5/">71863-5</a></td><td>Hemoglobin F/Hemoglobin.total [Pure mass fraction] in Blood by Kleihauer-Betke method</td></tr><tr><td><a href="https://loinc.org/32682-7/">32682-7</a></td><td>Hemoglobin F/Hemoglobin.total in Blood by Electrophoresis</td></tr><tr><td><a href="https://loinc.org/38524-5/">38524-5</a></td><td>Hemoglobin F/Hemoglobin.total in Blood by Electrophoresis alkaline (pH 8.9)</td></tr><tr><td><a href="https://loinc.org/42246-9/">42246-9</a></td><td>Hemoglobin F/Hemoglobin.total in Blood by HPLC</td></tr><tr><td><a href="https://loinc.org/4633-4/">4633-4</a></td><td>Hemoglobin F/Hemoglobin.total in Blood by Kleihauer-Betke method</td></tr><tr><td><a href="https://loinc.org/718-7/">718-7</a></td><td>Hemoglobin [Mass/volume] in Blood</td></tr><tr><td><a href="https://loinc.org/59260-0/">59260-0</a></td><td>Hemoglobin [Moles/volume] in Blood</td></tr><tr><td><a href="https://loinc.org/30313-1/">30313-1</a></td><td>Hemoglobin [Mass/volume] in Arterial blood</td></tr><tr><td><a href="https://loinc.org/14775-1/">14775-1</a></td><td>Hemoglobin [Mass/volume] in Arterial blood by Oximetry</td></tr><tr><td><a href="https://loinc.org/20509-6/">20509-6</a></td><td>Hemoglobin [Mass/volume] in Blood by calculation</td></tr><tr><td><a href="https://loinc.org/55782-7/">55782-7</a></td><td>Hemoglobin [Mass/volume] in Blood by Oximetry</td></tr><tr><td><a href="https://loinc.org/30351-1/">30351-1</a></td><td>Hemoglobin [Mass/volume] in Mixed venous blood</td></tr><tr><td><a href="https://loinc.org/76768-1/">76768-1</a></td><td>Hemoglobin [Mass/volume] in Mixed venous blood by Oximetry</td></tr><tr><td><a href="https://loinc.org/30350-3/">30350-3</a></td><td>Hemoglobin [Mass/volume] in Venous blood</td></tr><tr><td><a href="https://loinc.org/76769-9/">76769-9</a></td><td>Hemoglobin [Mass/volume] in Venous blood by Oximetry</td></tr><tr><td><a href="https://loinc.org/75928-2/">75928-2</a></td><td>Hemoglobin [Moles/volume] in Arterial blood</td></tr><tr><td><a href="https://loinc.org/93846-4/">93846-4</a></td><td>Hemoglobin [Moles/volume] in Venous blood</td></tr><tr><td><a href="https://loinc.org/20570-8/">20570-8</a></td><td>Hematocrit [Volume Fraction] of Blood</td></tr><tr><td><a href="https://loinc.org/71833-8/">71833-8</a></td><td>Hematocrit [Pure volume fraction] of Blood by Automated count</td></tr><tr><td><a href="https://loinc.org/71831-2/">71831-2</a></td><td>Hematocrit [Pure volume fraction] of Capillary blood</td></tr><tr><td><a href="https://loinc.org/71829-6/">71829-6</a></td><td>Hematocrit [Pure volume fraction] of Venous blood</td></tr><tr><td><a href="https://loinc.org/4544-3/">4544-3</a></td><td>Hematocrit [Volume Fraction] of Blood by Automated count</td></tr><tr><td><a href="https://loinc.org/4545-0/">4545-0</a></td><td>Hematocrit [Volume Fraction] of Blood by Centrifugation</td></tr><tr><td><a href="https://loinc.org/48703-3/">48703-3</a></td><td>Hematocrit [Volume Fraction] of Blood by Estimated</td></tr><tr><td><a href="https://loinc.org/31100-1/">31100-1</a></td><td>Hematocrit [Volume Fraction] of Blood by Impedance</td></tr><tr><td><a href="https://loinc.org/42908-4/">42908-4</a></td><td>Hematocrit [Volume Fraction] of Capillary blood</td></tr><tr><td><a href="https://loinc.org/41654-5/">41654-5</a></td><td>Hematocrit [Volume Fraction] of Venous blood</td></tr><tr><td><a href="https://loinc.org/26474-7/">26474-7</a></td><td>Lymphocytes [#/volume] in Blood</td></tr><tr><td><a href="https://loinc.org/731-0/">731-0</a></td><td>Lymphocytes [#/volume] in Blood by Automated count</td></tr><tr><td><a href="https://loinc.org/732-8/">732-8</a></td><td>Lymphocytes [#/volume] in Blood by Manual count</td></tr><tr><td><a href="https://loinc.org/26478-8/">26478-8</a></td><td>Lymphocytes/100 leukocytes in Blood</td></tr><tr><td><a href="https://loinc.org/736-9/">736-9</a></td><td>Lymphocytes/100 leukocytes in Blood by Automated count</td></tr><tr><td><a href="https://loinc.org/737-7/">737-7</a></td><td>Lymphocytes/100 leukocytes in Blood by Manual count</td></tr><tr><td><a href="https://loinc.org/30433-7/">30433-7</a></td><td>Metamyelocytes [#/volume] in Blood</td></tr><tr><td><a href="https://loinc.org/739-3/">739-3</a></td><td>Metamyelocytes [#/volume] in Blood by Manual count</td></tr><tr><td><a href="https://loinc.org/28541-1/">28541-1</a></td><td>Metamyelocytes/100 leukocytes in Blood</td></tr><tr><td><a href="https://loinc.org/740-1/">740-1</a></td><td>Metamyelocytes/100 leukocytes in Blood by Manual count</td></tr><tr><td><a href="https://loinc.org/71668-8/">71668-8</a></td><td>Metamyelocytes/Leukocytes [Pure number fraction] in Blood by Manual count</td></tr><tr><td><a href="https://loinc.org/40651-2/">40651-2</a></td><td>Metamyelocytes [Presence] in Blood</td></tr><tr><td><a href="https://loinc.org/26484-6/">26484-6</a></td><td>Monocytes [#/volume] in Blood</td></tr><tr><td><a href="https://loinc.org/742-7/">742-7</a></td><td>Monocytes [#/volume] in Blood by Automated count</td></tr><tr><td><a href="https://loinc.org/743-5/">743-5</a></td><td>Monocytes [#/volume] in Blood by Manual count</td></tr><tr><td><a href="https://loinc.org/26485-3/">26485-3</a></td><td>Monocytes/100 leukocytes in Blood</td></tr><tr><td><a href="https://loinc.org/5905-5/">5905-5</a></td><td>Monocytes/100 leukocytes in Blood by Automated count</td></tr><tr><td><a href="https://loinc.org/744-3/">744-3</a></td><td>Monocytes/100 leukocytes in Blood by Manual count</td></tr><tr><td><a href="https://loinc.org/30444-4/">30444-4</a></td><td>Myeloblasts [#/volume] in Blood</td></tr><tr><td><a href="https://loinc.org/746-8/">746-8</a></td><td>Myeloblasts [#/volume] in Blood by Manual count</td></tr><tr><td><a href="https://loinc.org/30445-1/">30445-1</a></td><td>Myeloblasts/100 leukocytes in Blood</td></tr><tr><td><a href="https://loinc.org/747-6/">747-6</a></td><td>Myeloblasts/100 leukocytes in Blood by Manual count</td></tr><tr><td><a href="https://loinc.org/30446-9/">30446-9</a></td><td>Myelocytes [#/volume] in Blood</td></tr><tr><td><a href="https://loinc.org/748-4/">748-4</a></td><td>Myelocytes [#/volume] in Blood by Manual count</td></tr><tr><td><a href="https://loinc.org/26498-6/">26498-6</a></td><td>Myelocytes/100 leukocytes in Blood</td></tr><tr><td><a href="https://loinc.org/749-2/">749-2</a></td><td>Myelocytes/100 leukocytes in Blood by Manual count</td></tr><tr><td><a href="https://loinc.org/71667-0/">71667-0</a></td><td>Myelocytes/Leukocytes [Pure number fraction] in Blood by Manual count</td></tr><tr><td><a href="https://loinc.org/26499-4/">26499-4</a></td><td>Neutrophils [#/volume] in Blood</td></tr><tr><td><a href="https://loinc.org/751-8/">751-8</a></td><td>Neutrophils [#/volume] in Blood by Automated count</td></tr><tr><td><a href="https://loinc.org/753-4/">753-4</a></td><td>Neutrophils [#/volume] in Blood by Manual count</td></tr><tr><td><a href="https://loinc.org/26511-6/">26511-6</a></td><td>Neutrophils/100 leukocytes in Blood</td></tr><tr><td><a href="https://loinc.org/770-8/">770-8</a></td><td>Neutrophils/100 leukocytes in Blood by Automated count</td></tr><tr><td><a href="https://loinc.org/23761-0/">23761-0</a></td><td>Neutrophils/100 leukocytes in Blood by Manual count</td></tr><tr><td><a href="https://loinc.org/30458-4/">30458-4</a></td><td>Plasma cells [#/volume] in Blood</td></tr><tr><td><a href="https://loinc.org/24103-4/">24103-4</a></td><td>Plasma cells [#/volume] in Blood by Manual count</td></tr><tr><td><a href="https://loinc.org/13047-6/">13047-6</a></td><td>Plasma cells/100 leukocytes in Blood</td></tr><tr><td><a href="https://loinc.org/79426-3/">79426-3</a></td><td>Plasma cells/100 leukocytes in Blood by Manual count</td></tr><tr><td><a href="https://loinc.org/28542-9/">28542-9</a></td><td>Platelet mean volume [Entitic volume] in Blood</td></tr><tr><td><a href="https://loinc.org/32623-1/">32623-1</a></td><td>Platelet mean volume [Entitic volume] in Blood by Automated count</td></tr><tr><td><a href="https://loinc.org/26515-7/">26515-7</a></td><td>Platelets [#/volume] in Blood</td></tr><tr><td><a href="https://loinc.org/777-3/">777-3</a></td><td>Platelets [#/volume] in Blood by Automated count</td></tr><tr><td><a href="https://loinc.org/49497-1/">49497-1</a></td><td>Platelets [#/volume] in Blood by Estimate</td></tr><tr><td><a href="https://loinc.org/778-1/">778-1</a></td><td>Platelets [#/volume] in Blood by Manual count</td></tr><tr><td><a href="https://loinc.org/30465-9/">30465-9</a></td><td>Prolymphocytes/100 leukocytes in Blood</td></tr><tr><td><a href="https://loinc.org/6746-2/">6746-2</a></td><td>Prolymphocytes/100 leukocytes in Blood by Manual count</td></tr><tr><td><a href="https://loinc.org/34926-6/">34926-6</a></td><td>Promonocytes [#/volume] in Blood</td></tr><tr><td><a href="https://loinc.org/33855-8/">33855-8</a></td><td>Promonocytes [#/volume] in Blood by Manual count</td></tr><tr><td><a href="https://loinc.org/30466-7/">30466-7</a></td><td>Promonocytes/100 leukocytes in Blood</td></tr><tr><td><a href="https://loinc.org/13599-6/">13599-6</a></td><td>Promonocytes/100 leukocytes in Blood by Manual count</td></tr><tr><td><a href="https://loinc.org/26523-1/">26523-1</a></td><td>Promyelocytes [#/volume] in Blood</td></tr><tr><td><a href="https://loinc.org/781-5/">781-5</a></td><td>Promyelocytes [#/volume] in Blood by Manual count</td></tr><tr><td><a href="https://loinc.org/26524-9/">26524-9</a></td><td>Promyelocytes/100 leukocytes in Blood</td></tr><tr><td><a href="https://loinc.org/783-1/">783-1</a></td><td>Promyelocytes/100 leukocytes in Blood by Manual count</td></tr><tr><td><a href="https://loinc.org/71666-2/">71666-2</a></td><td>Promyelocytes/Leukocytes [Pure number fraction] in Blood by Manual count</td></tr><tr><td><a href="https://loinc.org/26453-1/">26453-1</a></td><td>Erythrocytes [#/volume] in Blood</td></tr><tr><td><a href="https://loinc.org/789-8/">789-8</a></td><td>Erythrocytes [#/volume] in Blood by Automated count</td></tr><tr><td><a href="https://loinc.org/790-6/">790-6</a></td><td>Erythrocytes [#/volume] in Blood by Manual count</td></tr><tr><td><a href="https://loinc.org/14196-0/">14196-0</a></td><td>Reticulocytes [#/volume] in Blood</td></tr><tr><td><a href="https://loinc.org/60474-4/">60474-4</a></td><td>Reticulocytes [#/volume] in Blood by Automated count</td></tr><tr><td><a href="https://loinc.org/40665-2/">40665-2</a></td><td>Reticulocytes [#/volume] in Blood by Manual count</td></tr><tr><td><a href="https://loinc.org/26464-8/">26464-8</a></td><td>Leukocytes [#/volume] in Blood</td></tr><tr><td><a href="https://loinc.org/6690-2/">6690-2</a></td><td>Leukocytes [#/volume] in Blood by Automated count</td></tr><tr><td><a href="https://loinc.org/49498-9/">49498-9</a></td><td>Leukocytes [#/volume] in Blood by Estimate</td></tr><tr><td><a href="https://loinc.org/804-5/">804-5</a></td><td>Leukocytes [#/volume] in Blood by Manual count</td></tr><tr><td><a href="https://loinc.org/1751-7/">1751-7</a></td><td>Albumin [Mass/volume] in Serum or Plasma</td></tr><tr><td><a href="https://loinc.org/61151-7/">61151-7</a></td><td>Albumin [Mass/volume] in Serum or Plasma by Bromocresol green (BCG) dye binding method</td></tr><tr><td><a href="https://loinc.org/61152-5/">61152-5</a></td><td>Albumin [Mass/volume] in Serum or Plasma by Bromocresol purple (BCP) dye binding method</td></tr><tr><td><a href="https://loinc.org/2862-1/">2862-1</a></td><td>Albumin [Mass/volume] in Serum or Plasma by Electrophoresis</td></tr><tr><td><a href="https://loinc.org/24373-3/">24373-3</a></td><td>Ferritin [Mass/volume] in Blood</td></tr><tr><td><a href="https://loinc.org/2276-4/">2276-4</a></td><td>Ferritin [Mass/volume] in Serum or Plasma</td></tr><tr><td><a href="https://loinc.org/20567-4/">20567-4</a></td><td>Ferritin [Mass/volume] in Serum or Plasma by Immunoassay</td></tr><tr><td><a href="https://loinc.org/11150-0/">11150-0</a></td><td>Blasts/100 cells in Bone marrow</td></tr><tr><td><a href="https://loinc.org/26505-8/">26505-8</a></td><td>Segmented neutrophils/100 leukocytes in Blood</td></tr><tr><td><a href="https://loinc.org/32200-8/">32200-8</a></td><td>Segmented neutrophils/100 leukocytes in Blood by Automated count</td></tr><tr><td><a href="https://loinc.org/769-0/">769-0</a></td><td>Segmented neutrophils/100 leukocytes in Blood by Manual count</td></tr></table></li></ul></div></text><url value="http://fhir.nmdp.org/ig/cibmtr-reporting/ValueSet/cibmtr-priority-variables-2021"/><version value="0.1.6"/><name value="PriorityVariables2021"/><title value="CIBMTR Priority Variables Value Set (FY21)"/><status value="active"/><experimental value="false"/><date value="2023-05-04T21:49:21-05:00"/><publisher value="The Medical College of Wisconsin, Inc. and the National Marrow Donor Program"/><contact><name value="The Medical College of Wisconsin, Inc. and the National Marrow Donor Program"/><telecom><system value="url"/><value value="http://www.cibmtr.org"/></telecom></contact><contact><name value="Bob Milius"/><telecom><system value="email"/><value value="bmilius@nmdp.org"/></telecom></contact><description value="Priority Variables for CIBMTR (FY21)"/><compose><include><system value="http://loinc.org"/><concept><code value="26508-2"/><display value="Band form neutrophils/100 leukocytes in Blood"/></concept><concept><code value="35332-6"/><display value="Band form neutrophils/100 leukocytes in Blood by Automated count"/></concept><concept><code value="764-1"/><display value="Band form neutrophils/100 leukocytes in Blood by Manual count"/></concept><concept><code value="30180-4"/><display value="Basophils/100 leukocytes in Blood"/></concept><concept><code value="706-2"/><display value="Basophils/100 leukocytes in Blood by Automated count"/></concept><concept><code value="707-0"/><display value="Basophils/100 leukocytes in Blood by Manual count"/></concept><concept><code value="26446-5"/><display value="Blasts/100 leukocytes in Blood"/></concept><concept><code value="709-6"/><display value="Blasts/100 leukocytes in Blood by Manual count"/></concept><concept><code value="26449-9"/><display value="Eosinophils [#/volume] in Blood"/></concept><concept><code value="711-2"/><display value="Eosinophils [#/volume] in Blood by Automated count"/></concept><concept><code value="712-0"/><display value="Eosinophils [#/volume] in Blood by Manual count"/></concept><concept><code value="26450-7"/><display value="Eosinophils/100 leukocytes in Blood"/></concept><concept><code value="713-8"/><display value="Eosinophils/100 leukocytes in Blood by Automated count"/></concept><concept><code value="714-6"/><display value="Eosinophils/100 leukocytes in Blood by Manual count"/></concept><concept><code value="4576-5"/><display value="Hemoglobin F/Hemoglobin.total in Blood"/></concept><concept><code value="71865-0"/><display value="Hemoglobin F/Hemoglobin.total [Pure mass fraction] in Blood by Electrophoresis"/></concept><concept><code value="71864-3"/><display value="Hemoglobin F/Hemoglobin.total [Pure mass fraction] in Blood by HPLC"/></concept><concept><code value="71863-5"/><display value="Hemoglobin F/Hemoglobin.total [Pure mass fraction] in Blood by Kleihauer-Betke method"/></concept><concept><code value="32682-7"/><display value="Hemoglobin F/Hemoglobin.total in Blood by Electrophoresis"/></concept><concept><code value="38524-5"/><display value="Hemoglobin F/Hemoglobin.total in Blood by Electrophoresis alkaline (pH 8.9)"/></concept><concept><code value="42246-9"/><display value="Hemoglobin F/Hemoglobin.total in Blood by HPLC"/></concept><concept><code value="4633-4"/><display value="Hemoglobin F/Hemoglobin.total in Blood by Kleihauer-Betke method"/></concept><concept><code value="718-7"/><display value="Hemoglobin [Mass/volume] in Blood"/></concept><concept><code value="59260-0"/><display value="Hemoglobin [Moles/volume] in Blood"/></concept><concept><code value="30313-1"/><display value="Hemoglobin [Mass/volume] in Arterial blood"/></concept><concept><code value="14775-1"/><display value="Hemoglobin [Mass/volume] in Arterial blood by Oximetry"/></concept><concept><code value="20509-6"/><display value="Hemoglobin [Mass/volume] in Blood by calculation"/></concept><concept><code value="55782-7"/><display value="Hemoglobin [Mass/volume] in Blood by Oximetry"/></concept><concept><code value="30351-1"/><display value="Hemoglobin [Mass/volume] in Mixed venous blood"/></concept><concept><code value="76768-1"/><display value="Hemoglobin [Mass/volume] in Mixed venous blood by Oximetry"/></concept><concept><code value="30350-3"/><display value="Hemoglobin [Mass/volume] in Venous blood"/></concept><concept><code value="76769-9"/><display value="Hemoglobin [Mass/volume] in Venous blood by Oximetry"/></concept><concept><code value="75928-2"/><display value="Hemoglobin [Moles/volume] in Arterial blood"/></concept><concept><code value="93846-4"/><display value="Hemoglobin [Moles/volume] in Venous blood"/></concept><concept><code value="20570-8"/><display value="Hematocrit [Volume Fraction] of Blood"/></concept><concept><code value="71833-8"/><display value="Hematocrit [Pure volume fraction] of Blood by Automated count"/></concept><concept><code value="71831-2"/><display value="Hematocrit [Pure volume fraction] of Capillary blood"/></concept><concept><code value="71829-6"/><display value="Hematocrit [Pure volume fraction] of Venous blood"/></concept><concept><code value="4544-3"/><display value="Hematocrit [Volume Fraction] of Blood by Automated count"/></concept><concept><code value="4545-0"/><display value="Hematocrit [Volume Fraction] of Blood by Centrifugation"/></concept><concept><code value="48703-3"/><display value="Hematocrit [Volume Fraction] of Blood by Estimated"/></concept><concept><code value="31100-1"/><display value="Hematocrit [Volume Fraction] of Blood by Impedance"/></concept><concept><code value="42908-4"/><display value="Hematocrit [Volume Fraction] of Capillary blood"/></concept><concept><code value="41654-5"/><display value="Hematocrit [Volume Fraction] of Venous blood"/></concept><concept><code value="26474-7"/><display value="Lymphocytes [#/volume] in Blood"/></concept><concept><code value="731-0"/><display value="Lymphocytes [#/volume] in Blood by Automated count"/></concept><concept><code value="732-8"/><display value="Lymphocytes [#/volume] in Blood by Manual count"/></concept><concept><code value="26478-8"/><display value="Lymphocytes/100 leukocytes in Blood"/></concept><concept><code value="736-9"/><display value="Lymphocytes/100 leukocytes in Blood by Automated count"/></concept><concept><code value="737-7"/><display value="Lymphocytes/100 leukocytes in Blood by Manual count"/></concept><concept><code value="30433-7"/><display value="Metamyelocytes [#/volume] in Blood"/></concept><concept><code value="739-3"/><display value="Metamyelocytes [#/volume] in Blood by Manual count"/></concept><concept><code value="28541-1"/><display value="Metamyelocytes/100 leukocytes in Blood"/></concept><concept><code value="740-1"/><display value="Metamyelocytes/100 leukocytes in Blood by Manual count"/></concept><concept><code value="71668-8"/><display value="Metamyelocytes/Leukocytes [Pure number fraction] in Blood by Manual count"/></concept><concept><code value="40651-2"/><display value="Metamyelocytes [Presence] in Blood"/></concept><concept><code value="26484-6"/><display value="Monocytes [#/volume] in Blood"/></concept><concept><code value="742-7"/><display value="Monocytes [#/volume] in Blood by Automated count"/></concept><concept><code value="743-5"/><display value="Monocytes [#/volume] in Blood by Manual count"/></concept><concept><code value="26485-3"/><display value="Monocytes/100 leukocytes in Blood"/></concept><concept><code value="5905-5"/><display value="Monocytes/100 leukocytes in Blood by Automated count"/></concept><concept><code value="744-3"/><display value="Monocytes/100 leukocytes in Blood by Manual count"/></concept><concept><code value="30444-4"/><display value="Myeloblasts [#/volume] in Blood"/></concept><concept><code value="746-8"/><display value="Myeloblasts [#/volume] in Blood by Manual count"/></concept><concept><code value="30445-1"/><display value="Myeloblasts/100 leukocytes in Blood"/></concept><concept><code value="747-6"/><display value="Myeloblasts/100 leukocytes in Blood by Manual count"/></concept><concept><code value="30446-9"/><display value="Myelocytes [#/volume] in Blood"/></concept><concept><code value="748-4"/><display value="Myelocytes [#/volume] in Blood by Manual count"/></concept><concept><code value="26498-6"/><display value="Myelocytes/100 leukocytes in Blood"/></concept><concept><code value="749-2"/><display value="Myelocytes/100 leukocytes in Blood by Manual count"/></concept><concept><code value="71667-0"/><display value="Myelocytes/Leukocytes [Pure number fraction] in Blood by Manual count"/></concept><concept><code value="26499-4"/><display value="Neutrophils [#/volume] in Blood"/></concept><concept><code value="751-8"/><display value="Neutrophils [#/volume] in Blood by Automated count"/></concept><concept><code value="753-4"/><display value="Neutrophils [#/volume] in Blood by Manual count"/></concept><concept><code value="26511-6"/><display value="Neutrophils/100 leukocytes in Blood"/></concept><concept><code value="770-8"/><display value="Neutrophils/100 leukocytes in Blood by Automated count"/></concept><concept><code value="23761-0"/><display value="Neutrophils/100 leukocytes in Blood by Manual count"/></concept><concept><code value="30458-4"/><display value="Plasma cells [#/volume] in Blood"/></concept><concept><code value="24103-4"/><display value="Plasma cells [#/volume] in Blood by Manual count"/></concept><concept><code value="13047-6"/><display value="Plasma cells/100 leukocytes in Blood"/></concept><concept><code value="79426-3"/><display value="Plasma cells/100 leukocytes in Blood by Manual count"/></concept><concept><code value="28542-9"/><display value="Platelet mean volume [Entitic volume] in Blood"/></concept><concept><code value="32623-1"/><display value="Platelet mean volume [Entitic volume] in Blood by Automated count"/></concept><concept><code value="26515-7"/><display value="Platelets [#/volume] in Blood"/></concept><concept><code value="777-3"/><display value="Platelets [#/volume] in Blood by Automated count"/></concept><concept><code value="49497-1"/><display value="Platelets [#/volume] in Blood by Estimate"/></concept><concept><code value="778-1"/><display value="Platelets [#/volume] in Blood by Manual count"/></concept><concept><code value="30465-9"/><display value="Prolymphocytes/100 leukocytes in Blood"/></concept><concept><code value="6746-2"/><display value="Prolymphocytes/100 leukocytes in Blood by Manual count"/></concept><concept><code value="34926-6"/><display value="Promonocytes [#/volume] in Blood"/></concept><concept><code value="33855-8"/><display value="Promonocytes [#/volume] in Blood by Manual count"/></concept><concept><code value="30466-7"/><display value="Promonocytes/100 leukocytes in Blood"/></concept><concept><code value="13599-6"/><display value="Promonocytes/100 leukocytes in Blood by Manual count"/></concept><concept><code value="26523-1"/><display value="Promyelocytes [#/volume] in Blood"/></concept><concept><code value="781-5"/><display value="Promyelocytes [#/volume] in Blood by Manual count"/></concept><concept><code value="26524-9"/><display value="Promyelocytes/100 leukocytes in Blood"/></concept><concept><code value="783-1"/><display value="Promyelocytes/100 leukocytes in Blood by Manual count"/></concept><concept><code value="71666-2"/><display value="Promyelocytes/Leukocytes [Pure number fraction] in Blood by Manual count"/></concept><concept><code value="26453-1"/><display value="Erythrocytes [#/volume] in Blood"/></concept><concept><code value="789-8"/><display value="Erythrocytes [#/volume] in Blood by Automated count"/></concept><concept><code value="790-6"/><display value="Erythrocytes [#/volume] in Blood by Manual count"/></concept><concept><code value="14196-0"/><display value="Reticulocytes [#/volume] in Blood"/></concept><concept><code value="60474-4"/><display value="Reticulocytes [#/volume] in Blood by Automated count"/></concept><concept><code value="40665-2"/><display value="Reticulocytes [#/volume] in Blood by Manual count"/></concept><concept><code value="26464-8"/><display value="Leukocytes [#/volume] in Blood"/></concept><concept><code value="6690-2"/><display value="Leukocytes [#/volume] in Blood by Automated count"/></concept><concept><code value="49498-9"/><display value="Leukocytes [#/volume] in Blood by Estimate"/></concept><concept><code value="804-5"/><display value="Leukocytes [#/volume] in Blood by Manual count"/></concept><concept><code value="1751-7"/><display value="Albumin [Mass/volume] in Serum or Plasma"/></concept><concept><code value="61151-7"/><display value="Albumin [Mass/volume] in Serum or Plasma by Bromocresol green (BCG) dye binding method"/></concept><concept><code value="61152-5"/><display value="Albumin [Mass/volume] in Serum or Plasma by Bromocresol purple (BCP) dye binding method"/></concept><concept><code value="2862-1"/><display value="Albumin [Mass/volume] in Serum or Plasma by Electrophoresis"/></concept><concept><code value="24373-3"/><display value="Ferritin [Mass/volume] in Blood"/></concept><concept><code value="2276-4"/><display value="Ferritin [Mass/volume] in Serum or Plasma"/></concept><concept><code value="20567-4"/><display value="Ferritin [Mass/volume] in Serum or Plasma by Immunoassay"/></concept><concept><code value="11150-0"/><display value="Blasts/100 cells in Bone marrow"/></concept><concept><code value="26505-8"/><display value="Segmented neutrophils/100 leukocytes in Blood"/></concept><concept><code value="32200-8"/><display value="Segmented neutrophils/100 leukocytes in Blood by Automated count"/></concept><concept><code value="769-0"/><display value="Segmented neutrophils/100 leukocytes in Blood by Manual count"/></concept></include></compose></ValueSet>