<?xml version="1.0" encoding="UTF-8"?><ValueSet xmlns="http://hl7.org/fhir"><id value="erythrocyte-morphology-blood-vs"/><text><status value="generated"/><div xmlns="http://www.w3.org/1999/xhtml"><p class="res-header-id"><b>Generated Narrative: ValueSet erythrocyte-morphology-blood-vs</b></p><a name="erythrocyte-morphology-blood-vs"> </a><a name="hcerythrocyte-morphology-blood-vs"> </a><a name="erythrocyte-morphology-blood-vs-en-US"> </a><ul><li>Include these codes as defined in <a href="http://loinc.org"><code>http://loinc.org</code></a><table class="none"><tr><td style="white-space:nowrap"><b>Code</b></td><td><b>Display</b></td></tr><tr><td><a href="https://loinc.org/7789-1/">7789-1</a></td><td>Acanthocytes [Presence] in Blood by Light microscopy</td></tr><tr><td><a href="https://loinc.org/702-1/">702-1</a></td><td>Anisocytosis [Presence] in Blood by Light microscopy</td></tr><tr><td><a href="https://loinc.org/703-9/">703-9</a></td><td>Basophilic stippling [Presence] in Blood by Light microscopy</td></tr><tr><td><a href="https://loinc.org/10371-3/">10371-3</a></td><td>Bite cells [Presence] in Blood by Light microscopy</td></tr><tr><td><a href="https://loinc.org/10372-1/">10372-1</a></td><td>Blister cells [Presence] in Blood by Light microscopy</td></tr><tr><td><a href="https://loinc.org/7790-9/">7790-9</a></td><td>Burr cells [Presence] in Blood by Light microscopy</td></tr><tr><td><a href="https://loinc.org/11280-5/">11280-5</a></td><td>Cabot rings [Presence] in Blood by Light microscopy</td></tr><tr><td><a href="https://loinc.org/7791-7/">7791-7</a></td><td>Dacrocytes [Presence] in Blood by Light microscopy</td></tr><tr><td><a href="https://loinc.org/11274-8/">11274-8</a></td><td>Elliptocytes [Presence] in Blood by Light microscopy</td></tr><tr><td><a href="https://loinc.org/49121-7/">49121-7</a></td><td>Erythrocyte inclusion bodies [Identifier] in Blood</td></tr><tr><td><a href="https://loinc.org/10379-6/">10379-6</a></td><td>Erythrocytes.dual population [Presence] in Blood by Light microscopy</td></tr><tr><td><a href="https://loinc.org/10373-9/">10373-9</a></td><td>Fragments [Presence] in Blood by Light microscopy</td></tr><tr><td><a href="https://loinc.org/716-1/">716-1</a></td><td>Heinz bodies [Presence] in Blood by Light microscopy</td></tr><tr><td><a href="https://loinc.org/10374-7/">10374-7</a></td><td>Helmet cells [Presence] in Blood by Light microscopy</td></tr><tr><td><a href="https://loinc.org/7793-3/">7793-3</a></td><td>Howell-Jolly bodies [Presence] in Blood by Light microscopy</td></tr><tr><td><a href="https://loinc.org/33249-4/">33249-4</a></td><td>Hyperchromia [Presence] in Blood by Light microscopy</td></tr><tr><td><a href="https://loinc.org/728-6/">728-6</a></td><td>Hypochromia [Presence] in Blood by Light microscopy</td></tr><tr><td><a href="https://loinc.org/10375-4/">10375-4</a></td><td>Irregularly contracted cells [Presence] in Blood by Light microscopy</td></tr><tr><td><a href="https://loinc.org/738-5/">738-5</a></td><td>Macrocytes [Presence] in Blood by Light microscopy</td></tr><tr><td><a href="https://loinc.org/10376-2/">10376-2</a></td><td>Oval macrocytes [Presence] in Blood by Light microscopy</td></tr><tr><td><a href="https://loinc.org/741-9/">741-9</a></td><td>Microcytes [Presence] in Blood by Light microscopy</td></tr><tr><td><a href="https://loinc.org/33364-1/">33364-1</a></td><td>Normochromic [Presence] in Blood by Light microscopy</td></tr><tr><td><a href="https://loinc.org/33363-3/">33363-3</a></td><td>Normocytic [Presence] in Blood by Light microscopy</td></tr><tr><td><a href="https://loinc.org/7794-1/">7794-1</a></td><td>Normocytic/Normochromic polychromasia [Presence] in Blood by Light microscopy</td></tr><tr><td><a href="https://loinc.org/774-0/">774-0</a></td><td>Ovalocytes [Presence] in Blood by Light microscopy</td></tr><tr><td><a href="https://loinc.org/7795-8/">7795-8</a></td><td>Pappenheimer bodies [Presence] in Blood by Light microscopy</td></tr><tr><td><a href="https://loinc.org/10377-0/">10377-0</a></td><td>Pencil cells [Presence] in Blood by Light microscopy</td></tr><tr><td><a href="https://loinc.org/779-9/">779-9</a></td><td>Poikilocytosis [Presence] in Blood by Light microscopy</td></tr><tr><td><a href="https://loinc.org/10378-8/">10378-8</a></td><td>Polychromasia [Presence] in Blood by Light microscopy</td></tr><tr><td><a href="https://loinc.org/50260-9/">50260-9</a></td><td>Prekeratocytes [Presence] in Blood by Light microscopy</td></tr><tr><td><a href="https://loinc.org/33044-9/">33044-9</a></td><td>Pyknosis [Presence] in Blood by Light microscopy</td></tr><tr><td><a href="https://loinc.org/7797-4/">7797-4</a></td><td>Rouleaux [Presence] in Blood by Light microscopy</td></tr><tr><td><a href="https://loinc.org/800-3/">800-3</a></td><td>Schistocytes [Presence] in Blood by Light microscopy</td></tr><tr><td><a href="https://loinc.org/801-1/">801-1</a></td><td>Sickle cells [Presence] in Blood by Light microscopy</td></tr><tr><td><a href="https://loinc.org/802-9/">802-9</a></td><td>Spherocytes [Presence] in Blood by Light microscopy</td></tr><tr><td><a href="https://loinc.org/10380-4/">10380-4</a></td><td>Stomatocytes [Presence] in Blood by Light microscopy</td></tr><tr><td><a href="https://loinc.org/10381-2/">10381-2</a></td><td>Target cells [Presence] in Blood by Light microscopy</td></tr><tr><td><a href="https://loinc.org/6742-1/">6742-1</a></td><td>Erythrocyte morphology finding [Identifier] in Blood</td></tr></table></li></ul></div></text><url value="http://fhir.nmdp.org/ig/cibmtr-reporting/ValueSet/erythrocyte-morphology-blood-vs"/><version value="0.1.7"/><name value="ErythrocyteMorphologyBloodVS"/><title value="Erythrocyte morphology panel - Blood (58408-6)"/><status value="draft"/><experimental value="true"/><date value="2024-11-22T12:33:30-06:00"/><publisher value="The Medical College of Wisconsin, Inc. and the National Marrow Donor Program"/><contact><name value="The Medical College of Wisconsin, Inc. and the National Marrow Donor Program"/><telecom><system value="url"/><value value="http://www.cibmtr.org"/></telecom></contact><contact><name value="Bob Milius"/><telecom><system value="email"/><value value="bmilius@nmdp.org"/></telecom></contact><description value="Erythrocyte morphology panel - Blood (58408-6)"/><compose><include><system value="http://loinc.org"/><concept><code value="7789-1"/><display value="Acanthocytes [Presence] in Blood by Light microscopy"/></concept><concept><code value="702-1"/><display value="Anisocytosis [Presence] in Blood by Light microscopy"/></concept><concept><code value="703-9"/><display value="Basophilic stippling [Presence] in Blood by Light microscopy"/></concept><concept><code value="10371-3"/><display value="Bite cells [Presence] in Blood by Light microscopy"/></concept><concept><code value="10372-1"/><display value="Blister cells [Presence] in Blood by Light microscopy"/></concept><concept><code value="7790-9"/><display value="Burr cells [Presence] in Blood by Light microscopy"/></concept><concept><code value="11280-5"/><display value="Cabot rings [Presence] in Blood by Light microscopy"/></concept><concept><code value="7791-7"/><display value="Dacrocytes [Presence] in Blood by Light microscopy"/></concept><concept><code value="11274-8"/><display value="Elliptocytes [Presence] in Blood by Light microscopy"/></concept><concept><code value="49121-7"/><display value="Erythrocyte inclusion bodies [Identifier] in Blood"/></concept><concept><code value="10379-6"/><display value="Erythrocytes.dual population [Presence] in Blood by Light microscopy"/></concept><concept><code value="10373-9"/><display value="Fragments [Presence] in Blood by Light microscopy"/></concept><concept><code value="716-1"/><display value="Heinz bodies [Presence] in Blood by Light microscopy"/></concept><concept><code value="10374-7"/><display value="Helmet cells [Presence] in Blood by Light microscopy"/></concept><concept><code value="7793-3"/><display value="Howell-Jolly bodies [Presence] in Blood by Light microscopy"/></concept><concept><code value="33249-4"/><display value="Hyperchromia [Presence] in Blood by Light microscopy"/></concept><concept><code value="728-6"/><display value="Hypochromia [Presence] in Blood by Light microscopy"/></concept><concept><code value="10375-4"/><display value="Irregularly contracted cells [Presence] in Blood by Light microscopy"/></concept><concept><code value="738-5"/><display value="Macrocytes [Presence] in Blood by Light microscopy"/></concept><concept><code value="10376-2"/><display value="Oval macrocytes [Presence] in Blood by Light microscopy"/></concept><concept><code value="741-9"/><display value="Microcytes [Presence] in Blood by Light microscopy"/></concept><concept><code value="33364-1"/><display value="Normochromic [Presence] in Blood by Light microscopy"/></concept><concept><code value="33363-3"/><display value="Normocytic [Presence] in Blood by Light microscopy"/></concept><concept><code value="7794-1"/><display value="Normocytic/Normochromic polychromasia [Presence] in Blood by Light microscopy"/></concept><concept><code value="774-0"/><display value="Ovalocytes [Presence] in Blood by Light microscopy"/></concept><concept><code value="7795-8"/><display value="Pappenheimer bodies [Presence] in Blood by Light microscopy"/></concept><concept><code value="10377-0"/><display value="Pencil cells [Presence] in Blood by Light microscopy"/></concept><concept><code value="779-9"/><display value="Poikilocytosis [Presence] in Blood by Light microscopy"/></concept><concept><code value="10378-8"/><display value="Polychromasia [Presence] in Blood by Light microscopy"/></concept><concept><code value="50260-9"/><display value="Prekeratocytes [Presence] in Blood by Light microscopy"/></concept><concept><code value="33044-9"/><display value="Pyknosis [Presence] in Blood by Light microscopy"/></concept><concept><code value="7797-4"/><display value="Rouleaux [Presence] in Blood by Light microscopy"/></concept><concept><code value="800-3"/><display value="Schistocytes [Presence] in Blood by Light microscopy"/></concept><concept><code value="801-1"/><display value="Sickle cells [Presence] in Blood by Light microscopy"/></concept><concept><code value="802-9"/><display value="Spherocytes [Presence] in Blood by Light microscopy"/></concept><concept><code value="10380-4"/><display value="Stomatocytes [Presence] in Blood by Light microscopy"/></concept><concept><code value="10381-2"/><display value="Target cells [Presence] in Blood by Light microscopy"/></concept><concept><code value="6742-1"/><display value="Erythrocyte morphology finding [Identifier] in Blood"/></concept></include></compose></ValueSet>