[
  {
    "id": "cibmtr-reporting",
    "type": "ImplementationGuide",
    "url": "http://fhir.nmdp.org/ig/cibmtr-reporting/ImplementationGuide/cibmtr-reporting",
    "version": "0.1.0",
    "name": "CIBMTRReportingImplementationGuide"
  },
  {
    "id": "cibmtr-observation-lab",
    "type": "StructureDefinition",
    "url": "http://fhir.nmdp.org/ig/cibmtr-reporting/StructureDefinition/cibmtr-observation-lab",
    "version": "0.1.0",
    "name": "CIBMTRObservationLab"
  },
  {
    "id": "cibmtr-patient",
    "type": "StructureDefinition",
    "url": "http://fhir.nmdp.org/ig/cibmtr-reporting/StructureDefinition/cibmtr-patient",
    "version": "0.1.0",
    "name": "CIBMTRPatient"
  }
]