[
  {
    "id": "cibmtr-cadsr-cde",
    "type": "CodeSystem",
    "url": "http://cdebrowser.nci.nih.gov",
    "version": "0.1.4",
    "name": "CADSR_CDE_CS"
  },
  {
    "id": "cibmtr-cadsr-vm",
    "type": "CodeSystem",
    "url": "http://cdebrowser.nci.nih.gov",
    "version": "0.1.4",
    "name": "CADSR_VM_CS"
  },
  {
    "id": "cibmtr-reporting",
    "type": "ImplementationGuide",
    "url": "http://fhir.nmdp.org/ig/cibmtr-reporting/ImplementationGuide/cibmtr-reporting",
    "version": "0.1.4",
    "name": "CIBMTRReporting"
  },
  {
    "id": "cibmtr-obs-priority-variables",
    "type": "StructureDefinition",
    "url": "http://fhir.nmdp.org/ig/cibmtr-reporting/StructureDefinition/cibmtr-obs-priority-variables",
    "version": "0.1.4",
    "name": "CIBMTRObsPriorityVariables"
  },
  {
    "id": "cibmtr-observation-lab",
    "type": "StructureDefinition",
    "url": "http://fhir.nmdp.org/ig/cibmtr-reporting/StructureDefinition/cibmtr-observation-lab",
    "version": "0.1.4",
    "name": "CIBMTRObservationLab"
  },
  {
    "id": "cibmtr-patient",
    "type": "StructureDefinition",
    "url": "http://fhir.nmdp.org/ig/cibmtr-reporting/StructureDefinition/cibmtr-patient",
    "version": "0.1.4",
    "name": "CIBMTRPatient"
  },
  {
    "id": "auto-differential-blood-vs",
    "type": "ValueSet",
    "url": "http://fhir.nmdp.org/ig/cibmtr-reporting/ValueSet/auto-differential-blood-vs",
    "version": "0.1.4",
    "name": "AutoDifferentialBloodVS"
  },
  {
    "id": "cbc-blood-automated-vs",
    "type": "ValueSet",
    "url": "http://fhir.nmdp.org/ig/cibmtr-reporting/ValueSet/cbc-blood-automated-vs",
    "version": "0.1.4",
    "name": "CBCBloodAutomatedVS"
  },
  {
    "id": "cbc-w-auto-differential-blood-vs",
    "type": "ValueSet",
    "url": "http://fhir.nmdp.org/ig/cibmtr-reporting/ValueSet/cbc-w-auto-differential-blood-vs",
    "version": "0.1.4",
    "name": "CBCWAutoDifferentialBloodVS"
  },
  {
    "id": "cbc-w-differential-unspecified-blood-vs",
    "type": "ValueSet",
    "url": "http://fhir.nmdp.org/ig/cibmtr-reporting/ValueSet/cbc-w-differential-unspecified-blood-vs",
    "version": "0.1.4",
    "name": "CBCWDifferentialUnspecifiedBloodVS"
  },
  {
    "id": "cbc-w-ordered-manual-differential-blood-vs",
    "type": "ValueSet",
    "url": "http://fhir.nmdp.org/ig/cibmtr-reporting/ValueSet/cbc-w-ordered-manual-differential-blood-vs",
    "version": "0.1.4",
    "name": "CBCWOrderedManualDifferentialBloodVS"
  },
  {
    "id": "cibmtr-priority-variables-2021",
    "type": "ValueSet",
    "url": "http://fhir.nmdp.org/ig/cibmtr-reporting/ValueSet/cibmtr-priority-variables-2021",
    "version": "0.1.4",
    "name": "PriorityVariables2021"
  },
  {
    "id": "cibmtr-priority-variables-epic-2021",
    "type": "ValueSet",
    "url": "http://fhir.nmdp.org/ig/cibmtr-reporting/ValueSet/cibmtr-priority-variables-epic-2021",
    "version": "0.1.4",
    "name": "PriorityVariablesEpic2021"
  },
  {
    "id": "differential-unspecified-blood-vs",
    "type": "ValueSet",
    "url": "http://fhir.nmdp.org/ig/cibmtr-reporting/ValueSet/differential-unspecified-blood-vs",
    "version": "0.1.4",
    "name": "DifferentialUnspecifiedBloodVS"
  },
  {
    "id": "erythrocyte-morphology-blood-vs",
    "type": "ValueSet",
    "url": "http://fhir.nmdp.org/ig/cibmtr-reporting/ValueSet/erythrocyte-morphology-blood-vs",
    "version": "0.1.4",
    "name": "ErythrocyteMorphologyBloodVS"
  },
  {
    "id": "gvhdtype-valueset",
    "type": "ValueSet",
    "url": "http://fhir.nmdp.org/ig/cibmtr-reporting/ValueSet/gvhdtype-valueset",
    "version": "0.1.4",
    "name": "GVHDTypeValueSet"
  },
  {
    "id": "leukocyte-morphology-blood-vs",
    "type": "ValueSet",
    "url": "http://fhir.nmdp.org/ig/cibmtr-reporting/ValueSet/leukocyte-morphology-blood-vs",
    "version": "0.1.4",
    "name": "LeukocyteMorphologyBloodVS"
  },
  {
    "id": "manual-differential-blood-vs",
    "type": "ValueSet",
    "url": "http://fhir.nmdp.org/ig/cibmtr-reporting/ValueSet/manual-differential-blood-vs",
    "version": "0.1.4",
    "name": "ManualDifferentialBloodVS"
  },
  {
    "id": "platelet-morphology-blood-vs",
    "type": "ValueSet",
    "url": "http://fhir.nmdp.org/ig/cibmtr-reporting/ValueSet/platelet-morphology-blood-vs",
    "version": "0.1.4",
    "name": "PlateletMorphologyBloodVS"
  },
  {
    "id": "presence-valueset",
    "type": "ValueSet",
    "url": "http://fhir.nmdp.org/ig/cibmtr-reporting/ValueSet/presence-valueset",
    "version": "0.1.4",
    "name": "PresenceValueSet"
  },
  {
    "id": "smear-morphology-blood-vs",
    "type": "ValueSet",
    "url": "http://fhir.nmdp.org/ig/cibmtr-reporting/ValueSet/smear-morphology-blood-vs",
    "version": "0.1.4",
    "name": "SmearMorphologyBloodVS"
  }
]