<?xml version="1.0" encoding="UTF-8"?>

<ValueSet xmlns="http://hl7.org/fhir">
  <id value="leukocyte-morphology-blood-vs"/>
  <text>
    <status value="generated"/><div xmlns="http://www.w3.org/1999/xhtml"><ul><li>Include these codes as defined in <a href="http://loinc.org"><code>http://loinc.org</code></a><table class="none"><tr><td style="white-space:nowrap"><b>Code</b></td><td><b>Display</b></td></tr><tr><td><a href="http://details.loinc.org/LOINC/11281-3.html">11281-3</a></td><td>Auer rods [Presence] in Blood by Light microscopy</td></tr><tr><td><a href="http://details.loinc.org/LOINC/7792-5.html">7792-5</a></td><td>Dohle body [Presence] in Blood by Light microscopy</td></tr><tr><td><a href="http://details.loinc.org/LOINC/33215-5.html">33215-5</a></td><td>Neutrophils.agranular [Presence] in Blood by Light microscopy</td></tr><tr><td><a href="http://details.loinc.org/LOINC/765-8.html">765-8</a></td><td>Neutrophils.hypersegmented [Presence] in Blood by Light microscopy</td></tr><tr><td><a href="http://details.loinc.org/LOINC/18319-4.html">18319-4</a></td><td>Neutrophils.vacuolated [Presence] in Blood by Light microscopy</td></tr><tr><td><a href="http://details.loinc.org/LOINC/18311-1.html">18311-1</a></td><td>Pelger Huet cells [Presence] in Blood by Light microscopy</td></tr><tr><td><a href="http://details.loinc.org/LOINC/13048-4.html">13048-4</a></td><td>Sezary cells [Presence] in Blood by Light microscopy</td></tr><tr><td><a href="http://details.loinc.org/LOINC/7798-2.html">7798-2</a></td><td>Smudge cells [Presence] in Blood by Light microscopy</td></tr><tr><td><a href="http://details.loinc.org/LOINC/803-7.html">803-7</a></td><td>Toxic granules [Presence] in Blood by Light microscopy</td></tr><tr><td><a href="http://details.loinc.org/LOINC/11156-7.html">11156-7</a></td><td>Leukocyte morphology finding [Identifier] in Blood</td></tr></table></li></ul></div>
  </text>
  <url value="http://fhir.nmdp.org/ig/cibmtr-reporting/ValueSet/leukocyte-morphology-blood-vs"/>
  <version value="0.1.4"/>
  <name value="LeukocyteMorphologyBloodVS"/>
  <title value="Leukocyte morphology panel - Blood (58407-8)"/>
  <status value="active"/>
  <date value="2021-03-23T14:58:23-05:00"/>
  <publisher value="The Medical College of Wisconsin, Inc. and the National Marrow Donor Program"/>
  <contact>
    <name value="The Medical College of Wisconsin, Inc. and the National Marrow Donor Program"/>
    <telecom>
      <system value="url"/>
      <value value="http://www.cibmtr.org"/>
    </telecom>
  </contact>
  <contact>
    <name value="Bob Milius"/>
    <telecom>
      <system value="email"/>
      <value value="bmilius@nmdp.org"/>
    </telecom>
  </contact>
  <description value="Leukocyte morphology panel - Blood (58407-8)"/>
  <compose>
    <include>
      <system value="http://loinc.org"/>
      <concept>
        <code value="11281-3"/>
        <display value="Auer rods [Presence] in Blood by Light microscopy"/>
      </concept>
      <concept>
        <code value="7792-5"/>
        <display value="Dohle body [Presence] in Blood by Light microscopy"/>
      </concept>
      <concept>
        <code value="33215-5"/>
        <display value="Neutrophils.agranular [Presence] in Blood by Light microscopy"/>
      </concept>
      <concept>
        <code value="765-8"/>
        <display value="Neutrophils.hypersegmented [Presence] in Blood by Light microscopy"/>
      </concept>
      <concept>
        <code value="18319-4"/>
        <display value="Neutrophils.vacuolated [Presence] in Blood by Light microscopy"/>
      </concept>
      <concept>
        <code value="18311-1"/>
        <display value="Pelger Huet cells [Presence] in Blood by Light microscopy"/>
      </concept>
      <concept>
        <code value="13048-4"/>
        <display value="Sezary cells [Presence] in Blood by Light microscopy"/>
      </concept>
      <concept>
        <code value="7798-2"/>
        <display value="Smudge cells [Presence] in Blood by Light microscopy"/>
      </concept>
      <concept>
        <code value="803-7"/>
        <display value="Toxic granules [Presence] in Blood by Light microscopy"/>
      </concept>
      <concept>
        <code value="11156-7"/>
        <display value="Leukocyte morphology finding [Identifier] in Blood"/>
      </concept>
    </include>
  </compose>
</ValueSet>