<?xml version="1.0" encoding="UTF-8"?><ImplementationGuide xmlns="http://hl7.org/fhir"><id value="cibmtr-reporting"/><text><status value="extensions"/><div xmlns="http://www.w3.org/1999/xhtml"><h2>CIBMTRReporting</h2><p>The official URL for this implementation guide is: </p><pre>http://fhir.nmdp.org/ig/cibmtr-reporting/ImplementationGuide/cibmtr-reporting</pre><div><p>How to report HCT data to CIBMTR</p>
</div></div></text><url value="http://fhir.nmdp.org/ig/cibmtr-reporting/ImplementationGuide/cibmtr-reporting"/><version value="0.1.6"/><name value="CIBMTRReporting"/><title value="CIBMTR Reporting Implementation Guide"/><status value="draft"/><date value="2021-06-04T14:42:41-05:00"/><publisher value="The Medical College of Wisconsin, Inc. and the National Marrow Donor Program"/><contact><name value="The Medical College of Wisconsin, Inc. and the National Marrow Donor Program"/><telecom><system value="url"/><value value="http://www.cibmtr.org"/></telecom></contact><contact><name value="Bob Milius"/><telecom><system value="email"/><value value="bmilius@nmdp.org"/></telecom></contact><description value="How to report HCT data to CIBMTR"/><packageId value="cibmtr-reporting"/><license value="Apache-2.0"/><fhirVersion value="4.0.1"/><dependsOn id="uscore"><uri value="http://hl7.org/fhir/us/core/ImplementationGuide/hl7.fhir.us.core"/><packageId value="hl7.fhir.us.core"/><version value="3.1.1"/></dependsOn><definition><extension url="http://hl7.org/fhir/tools/StructureDefinition/ig-parameter"><extension url="code"><valueString value="copyrightyear"/></extension><extension url="value"><valueString value="2020+"/></extension></extension><extension url="http://hl7.org/fhir/tools/StructureDefinition/ig-parameter"><extension url="code"><valueString value="releaselabel"/></extension><extension url="value"><valueString value="Trial Use 1"/></extension></extension><extension url="http://hl7.org/fhir/tools/StructureDefinition/ig-parameter"><extension url="code"><valueString value="show-inherited-invariants"/></extension><extension url="value"><valueString value="false"/></extension></extension><extension url="http://hl7.org/fhir/tools/StructureDefinition/ig-parameter"><extension url="code"><valueString value="path-liquid"/></extension><extension url="value"><valueString value="template/liquid"/></extension></extension><extension url="http://hl7.org/fhir/tools/StructureDefinition/ig-parameter"><extension url="code"><valueString value="path-liquid"/></extension><extension url="value"><valueString value="input/liquid"/></extension></extension><extension url="http://hl7.org/fhir/tools/StructureDefinition/ig-parameter"><extension url="code"><valueString value="path-qa"/></extension><extension url="value"><valueString value="temp/qa"/></extension></extension><extension url="http://hl7.org/fhir/tools/StructureDefinition/ig-parameter"><extension url="code"><valueString value="path-temp"/></extension><extension url="value"><valueString value="temp/pages"/></extension></extension><extension url="http://hl7.org/fhir/tools/StructureDefinition/ig-parameter"><extension url="code"><valueString value="path-output"/></extension><extension url="value"><valueString value="output"/></extension></extension><extension url="http://hl7.org/fhir/tools/StructureDefinition/ig-parameter"><extension url="code"><valueString value="path-suppressed-warnings"/></extension><extension url="value"><valueString value="input/ignoreWarnings.txt"/></extension></extension><extension url="http://hl7.org/fhir/tools/StructureDefinition/ig-parameter"><extension url="code"><valueString value="path-history"/></extension><extension url="value"><valueString value="http://fhir.nmdp.org/ig/cibmtr-reporting/history.html"/></extension></extension><extension url="http://hl7.org/fhir/tools/StructureDefinition/ig-parameter"><extension url="code"><valueString value="template-html"/></extension><extension url="value"><valueString value="template-page.html"/></extension></extension><extension url="http://hl7.org/fhir/tools/StructureDefinition/ig-parameter"><extension url="code"><valueString value="template-md"/></extension><extension url="value"><valueString value="template-page-md.html"/></extension></extension><extension url="http://hl7.org/fhir/tools/StructureDefinition/ig-parameter"><extension url="code"><valueString value="apply-contact"/></extension><extension url="value"><valueString value="true"/></extension></extension><extension url="http://hl7.org/fhir/tools/StructureDefinition/ig-parameter"><extension url="code"><valueString value="apply-context"/></extension><extension url="value"><valueString value="true"/></extension></extension><extension url="http://hl7.org/fhir/tools/StructureDefinition/ig-parameter"><extension url="code"><valueString value="apply-copyright"/></extension><extension url="value"><valueString value="true"/></extension></extension><extension url="http://hl7.org/fhir/tools/StructureDefinition/ig-parameter"><extension url="code"><valueString value="apply-jurisdiction"/></extension><extension url="value"><valueString value="true"/></extension></extension><extension url="http://hl7.org/fhir/tools/StructureDefinition/ig-parameter"><extension url="code"><valueString value="apply-license"/></extension><extension url="value"><valueString value="true"/></extension></extension><extension url="http://hl7.org/fhir/tools/StructureDefinition/ig-parameter"><extension url="code"><valueString value="apply-publisher"/></extension><extension url="value"><valueString value="true"/></extension></extension><extension url="http://hl7.org/fhir/tools/StructureDefinition/ig-parameter"><extension url="code"><valueString value="apply-version"/></extension><extension url="value"><valueString value="true"/></extension></extension><extension url="http://hl7.org/fhir/tools/StructureDefinition/ig-parameter"><extension url="code"><valueString value="active-tables"/></extension><extension url="value"><valueString value="true"/></extension></extension><grouping id="-str-profile"><name value="Structures: Resource Profiles"/><description value="These define constraints on FHIR resources for systems conforming to this implementation guide"/></grouping><grouping id="-term-valueset"><name value="Terminology: Value Sets"/><description value="These define sets of codes used by systems conforming to this implementation guide"/></grouping><grouping id="-term-codesystem"><name value="Terminology: Code Systems"/><description value="These define new code systems used by systems conforming to this implementation guide"/></grouping><grouping id="-ex-example"><name value="Example: Example Instances"/><description value="These are example instances that show what data produced and consumed by systems conforming with this implementation guide might look like"/></grouping><resource><extension url="http://hl7.org/fhir/StructureDefinition/implementationguide-page"><valueUri value="StructureDefinition-cibmtr-obs-priority-variables.html"/></extension><reference><reference value="StructureDefinition/cibmtr-obs-priority-variables"/></reference><name value="CIBMTR Observation Laboratory Results: Priority Variables"/><description value="CIBMTR Observation Laboratory Results: Priority Variables"/><exampleBoolean value="false"/><groupingId value="-str-profile"/></resource><resource><extension url="http://hl7.org/fhir/StructureDefinition/implementationguide-page"><valueUri value="StructureDefinition-cibmtr-observation-lab.html"/></extension><reference><reference value="StructureDefinition/cibmtr-observation-lab"/></reference><name value="CIBMTR Observation Laboratory Results Profile (us-core)"/><description value="CIBMTR Observation Laboratory Results Profile (us-core)"/><exampleBoolean value="false"/><groupingId value="-str-profile"/></resource><resource><extension url="http://hl7.org/fhir/StructureDefinition/implementationguide-page"><valueUri value="StructureDefinition-cibmtr-patient.html"/></extension><reference><reference value="StructureDefinition/cibmtr-patient"/></reference><name value="CIBMTR Patient Profile (us-core)"/><description value="CIBMTR Patient Profile for CRID assignment (us-core)"/><exampleBoolean value="false"/><groupingId value="-str-profile"/></resource><resource><extension url="http://hl7.org/fhir/StructureDefinition/implementationguide-page"><valueUri value="ValueSet-auto-differential-blood-vs.html"/></extension><reference><reference value="ValueSet/auto-differential-blood-vs"/></reference><name value="Auto Differential panel - Blood (57023-4)"/><description value="Auto Differential panel - Blood (57023-4)"/><exampleBoolean value="false"/><groupingId value="-term-valueset"/></resource><resource><extension url="http://hl7.org/fhir/StructureDefinition/implementationguide-page"><valueUri value="ValueSet-cbc-blood-automated-vs.html"/></extension><reference><reference value="ValueSet/cbc-blood-automated-vs"/></reference><name value="CBC panel - Blood by Automated count (58410-2)"/><description value="CBC panel - Blood by Automated count (58410-2)"/><exampleBoolean value="false"/><groupingId value="-term-valueset"/></resource><resource><extension url="http://hl7.org/fhir/StructureDefinition/implementationguide-page"><valueUri value="ValueSet-cbc-w-auto-differential-blood-vs.html"/></extension><reference><reference value="ValueSet/cbc-w-auto-differential-blood-vs"/></reference><name value="CBC W Auto Differential panel - Blood (57021-8)"/><description value="CBC W Auto Differential panel - Blood (57021-8)"/><exampleBoolean value="false"/><groupingId value="-term-valueset"/></resource><resource><extension url="http://hl7.org/fhir/StructureDefinition/implementationguide-page"><valueUri value="ValueSet-cbc-w-differential-unspecified-blood-vs.html"/></extension><reference><reference value="ValueSet/cbc-w-differential-unspecified-blood-vs"/></reference><name value="CBC W Differential panel, method unspecified - Blood (69742-5)"/><description value="CBC W Differential panel, method unspecified - Blood (69742-5)"/><exampleBoolean value="false"/><groupingId value="-term-valueset"/></resource><resource><extension url="http://hl7.org/fhir/StructureDefinition/implementationguide-page"><valueUri value="ValueSet-cbc-w-ordered-manual-differential-blood-vs.html"/></extension><reference><reference value="ValueSet/cbc-w-ordered-manual-differential-blood-vs"/></reference><name value="CBC W Ordered Manual Differential panel - Blood (57782-5)"/><description value="CBC W Ordered Manual Differential panel - Blood (57782-5)"/><exampleBoolean value="false"/><groupingId value="-term-valueset"/></resource><resource><extension url="http://hl7.org/fhir/StructureDefinition/implementationguide-page"><valueUri value="ValueSet-differential-unspecified-blood-vs.html"/></extension><reference><reference value="ValueSet/differential-unspecified-blood-vs"/></reference><name value="Differential panel, method unspecified - Blood (69738-3)"/><description value="Differential panel, method unspecified - Blood (69738-3)"/><exampleBoolean value="false"/><groupingId value="-term-valueset"/></resource><resource><extension url="http://hl7.org/fhir/StructureDefinition/implementationguide-page"><valueUri value="ValueSet-erythrocyte-morphology-blood-vs.html"/></extension><reference><reference value="ValueSet/erythrocyte-morphology-blood-vs"/></reference><name value="Erythrocyte morphology panel - Blood (58408-6)"/><description value="Erythrocyte morphology panel - Blood (58408-6)"/><exampleBoolean value="false"/><groupingId value="-term-valueset"/></resource><resource><extension url="http://hl7.org/fhir/StructureDefinition/implementationguide-page"><valueUri value="ValueSet-gvhdtype-valueset.html"/></extension><reference><reference value="ValueSet/gvhdtype-valueset"/></reference><name value="GVHD Type Value Set"/><description value="Permissible values for types of Graft vs Host Disease, from NIH caDSR"/><exampleBoolean value="false"/><groupingId value="-term-valueset"/></resource><resource><extension url="http://hl7.org/fhir/StructureDefinition/implementationguide-page"><valueUri value="ValueSet-leukocyte-morphology-blood-vs.html"/></extension><reference><reference value="ValueSet/leukocyte-morphology-blood-vs"/></reference><name value="Leukocyte morphology panel - Blood (58407-8)"/><description value="Leukocyte morphology panel - Blood (58407-8)"/><exampleBoolean value="false"/><groupingId value="-term-valueset"/></resource><resource><extension url="http://hl7.org/fhir/StructureDefinition/implementationguide-page"><valueUri value="ValueSet-manual-differential-blood-vs.html"/></extension><reference><reference value="ValueSet/manual-differential-blood-vs"/></reference><name value="Manual Differential panel - Blood (24318-8)"/><description value="Manual Differential panel - Blood (24318-8)"/><exampleBoolean value="false"/><groupingId value="-term-valueset"/></resource><resource><extension url="http://hl7.org/fhir/StructureDefinition/implementationguide-page"><valueUri value="ValueSet-platelet-morphology-blood-vs.html"/></extension><reference><reference value="ValueSet/platelet-morphology-blood-vs"/></reference><name value="Platelet morphology panel - Blood (58406-0)"/><description value="Platelet morphology panel - Blood (58406-0)"/><exampleBoolean value="false"/><groupingId value="-term-valueset"/></resource><resource><extension url="http://hl7.org/fhir/StructureDefinition/implementationguide-page"><valueUri value="ValueSet-presence-valueset.html"/></extension><reference><reference value="ValueSet/presence-valueset"/></reference><name value="Presence Answer List"/><description value="Permissible values for presence"/><exampleBoolean value="false"/><groupingId value="-term-valueset"/></resource><resource><extension url="http://hl7.org/fhir/StructureDefinition/implementationguide-page"><valueUri value="ValueSet-cibmtr-priority-variables-2021.html"/></extension><reference><reference value="ValueSet/cibmtr-priority-variables-2021"/></reference><name value="CIBMTR Priority Variables Value Set (FY21)"/><description value="Priority Variables for CIBMTR (FY21)"/><exampleBoolean value="false"/><groupingId value="-term-valueset"/></resource><resource><extension url="http://hl7.org/fhir/StructureDefinition/implementationguide-page"><valueUri value="ValueSet-cibmtr-priority-variables-epic-2021.html"/></extension><reference><reference value="ValueSet/cibmtr-priority-variables-epic-2021"/></reference><name value="CIBMTR Priority Variables Value Set for Epic App (FY21)"/><description value="Priority Variables for Epic CIBMTR Reporting App (FY21)"/><exampleBoolean value="false"/><groupingId value="-term-valueset"/></resource><resource><extension url="http://hl7.org/fhir/StructureDefinition/implementationguide-page"><valueUri value="ValueSet-smear-morphology-blood-vs.html"/></extension><reference><reference value="ValueSet/smear-morphology-blood-vs"/></reference><name value="Smear morphology panel - Blood (34994-4)"/><description value="Smear morphology panel - Blood (34994-4)"/><exampleBoolean value="false"/><groupingId value="-term-valueset"/></resource><resource><extension url="http://hl7.org/fhir/StructureDefinition/implementationguide-page"><valueUri value="CodeSystem-cibmtr-cadsr-cde.html"/></extension><reference><reference value="CodeSystem/cibmtr-cadsr-cde"/></reference><name value="NIH Common Data Elements for CIBMTR"/><description value="NIH Common Data Elements for CIBMTR"/><exampleBoolean value="false"/><groupingId value="-term-codesystem"/></resource><resource><extension url="http://hl7.org/fhir/StructureDefinition/implementationguide-page"><valueUri value="CodeSystem-cibmtr-cadsr-vm.html"/></extension><reference><reference value="CodeSystem/cibmtr-cadsr-vm"/></reference><name value="NIH Common Data Element Value Meanings for CIBMTR"/><description value="NIH Common Data Element Value Meanings for CIBMTR"/><exampleBoolean value="false"/><groupingId value="-term-codesystem"/></resource><resource><extension url="http://hl7.org/fhir/StructureDefinition/implementationguide-page"><valueUri value="Observation-AlbuminObservation.html"/></extension><reference><reference value="Observation/AlbuminObservation"/></reference><name value="AlbuminObservation"/><description value="Albumin [Mass/volume] in Serum or Plasma"/><exampleCanonical value="http://fhir.nmdp.org/ig/cibmtr-reporting/StructureDefinition/cibmtr-obs-priority-variables"/><groupingId value="-ex-example"/></resource><resource><extension url="http://hl7.org/fhir/StructureDefinition/implementationguide-page"><valueUri value="Observation-BasophilsObservation.html"/></extension><reference><reference value="Observation/BasophilsObservation"/></reference><name value="BasophilsObservation"/><description value="Basophils/100 leukocytes in Blood"/><exampleCanonical value="http://fhir.nmdp.org/ig/cibmtr-reporting/StructureDefinition/cibmtr-obs-priority-variables"/><groupingId value="-ex-example"/></resource><resource><extension url="http://hl7.org/fhir/StructureDefinition/implementationguide-page"><valueUri value="Observation-EosinophilsObservation.html"/></extension><reference><reference value="Observation/EosinophilsObservation"/></reference><name value="EosinophilsObservation"/><description value="Eosinophils observation, #/volume in Blood"/><exampleCanonical value="http://fhir.nmdp.org/ig/cibmtr-reporting/StructureDefinition/cibmtr-obs-priority-variables"/><groupingId value="-ex-example"/></resource><resource><extension url="http://hl7.org/fhir/StructureDefinition/implementationguide-page"><valueUri value="Observation-HemoglobinObservation.html"/></extension><reference><reference value="Observation/HemoglobinObservation"/></reference><name value="HemoglobinObservation"/><description value="Hemoglobin [Mass/volume] in Blood"/><exampleCanonical value="http://fhir.nmdp.org/ig/cibmtr-reporting/StructureDefinition/cibmtr-obs-priority-variables"/><groupingId value="-ex-example"/></resource><resource><extension url="http://hl7.org/fhir/StructureDefinition/implementationguide-page"><valueUri value="Observation-LeukocytesObservation.html"/></extension><reference><reference value="Observation/LeukocytesObservation"/></reference><name value="LeukocytesObservation"/><description value="Leukocytes observation"/><exampleCanonical value="http://fhir.nmdp.org/ig/cibmtr-reporting/StructureDefinition/cibmtr-observation-lab"/><groupingId value="-ex-example"/></resource><resource><extension url="http://hl7.org/fhir/StructureDefinition/implementationguide-page"><valueUri value="Observation-MetamyelocytesObservation.html"/></extension><reference><reference value="Observation/MetamyelocytesObservation"/></reference><name value="MetamyelocytesObservation"/><description value="Metamyelocytes [Presence] in Blood"/><exampleCanonical value="http://fhir.nmdp.org/ig/cibmtr-reporting/StructureDefinition/cibmtr-obs-priority-variables"/><groupingId value="-ex-example"/></resource><resource><extension url="http://hl7.org/fhir/StructureDefinition/implementationguide-page"><valueUri value="Observation-NeutrophilsObservation.html"/></extension><reference><reference value="Observation/NeutrophilsObservation"/></reference><name value="NeutrophilsObservation"/><description value="Neutrophils [#/volume] in Cord blood"/><exampleCanonical value="http://fhir.nmdp.org/ig/cibmtr-reporting/StructureDefinition/cibmtr-obs-priority-variables"/><groupingId value="-ex-example"/></resource><resource><extension url="http://hl7.org/fhir/StructureDefinition/implementationguide-page"><valueUri value="Patient-PatientExample1.html"/></extension><reference><reference value="Patient/PatientExample1"/></reference><name value="PatientExample1"/><description value="example using CIBMTR center number"/><exampleCanonical value="http://fhir.nmdp.org/ig/cibmtr-reporting/StructureDefinition/cibmtr-patient"/><groupingId value="-ex-example"/></resource><resource><extension url="http://hl7.org/fhir/StructureDefinition/implementationguide-page"><valueUri value="Patient-PatientExample2.html"/></extension><reference><reference value="Patient/PatientExample2"/></reference><name value="PatientExample2"/><description value="Patient with CIBMTR CRID"/><exampleCanonical value="http://fhir.nmdp.org/ig/cibmtr-reporting/StructureDefinition/cibmtr-patient"/><groupingId value="-ex-example"/></resource><resource><extension url="http://hl7.org/fhir/StructureDefinition/implementationguide-page"><valueUri value="Patient-PatientExample3.html"/></extension><reference><reference value="Patient/PatientExample3"/></reference><name value="PatientExample3"/><description value="Patient with MRN and CRID, Race=White, Ethnicity=Unknown"/><exampleCanonical value="http://fhir.nmdp.org/ig/cibmtr-reporting/StructureDefinition/cibmtr-patient"/><groupingId value="-ex-example"/></resource><resource><extension url="http://hl7.org/fhir/StructureDefinition/implementationguide-page"><valueUri value="Patient-PatientExample4.html"/></extension><reference><reference value="Patient/PatientExample4"/></reference><name value="PatientExample4"/><description value="Patient with CRID and MRN, Race=Black or African American, Ethnicity=Unknown"/><exampleCanonical value="http://fhir.nmdp.org/ig/cibmtr-reporting/StructureDefinition/cibmtr-patient"/><groupingId value="-ex-example"/></resource><resource><extension url="http://hl7.org/fhir/StructureDefinition/implementationguide-page"><valueUri value="Patient-PatientExample5.html"/></extension><reference><reference value="Patient/PatientExample5"/></reference><name value="PatientExample5"/><description value="Patient with CRID &amp; MRN, Race=Mixed, Ethnicity=Not Hispanic or Latino"/><exampleCanonical value="http://fhir.nmdp.org/ig/cibmtr-reporting/StructureDefinition/cibmtr-patient"/><groupingId value="-ex-example"/></resource><page><nameUrl value="toc.html"/><title value="Table of Contents"/><generation value="html"/><page><nameUrl value="index.html"/><title value="Home"/><generation value="html"/></page><page><nameUrl value="Direct-FHIR-STU3.html"/><title value="Direct FHIR STU 3"/><generation value="html"/></page><page><nameUrl value="artifacts.html"/><title value="Artifacts Summary"/><generation value="html"/><page><nameUrl value="StructureDefinition-cibmtr-obs-priority-variables.html"/><title value="CIBMTR Observation Laboratory Results: Priority Variables"/><generation value="generated"/></page><page><nameUrl value="StructureDefinition-cibmtr-observation-lab.html"/><title value="CIBMTR Observation Laboratory Results Profile (us-core)"/><generation value="generated"/></page><page><nameUrl value="StructureDefinition-cibmtr-patient.html"/><title value="CIBMTR Patient Profile (us-core)"/><generation value="generated"/></page><page><nameUrl value="ValueSet-auto-differential-blood-vs.html"/><title value="Auto Differential panel - Blood (57023-4)"/><generation value="generated"/></page><page><nameUrl value="ValueSet-cbc-blood-automated-vs.html"/><title value="CBC panel - Blood by Automated count (58410-2)"/><generation value="generated"/></page><page><nameUrl value="ValueSet-cbc-w-auto-differential-blood-vs.html"/><title value="CBC W Auto Differential panel - Blood (57021-8)"/><generation value="generated"/></page><page><nameUrl value="ValueSet-cbc-w-differential-unspecified-blood-vs.html"/><title value="CBC W Differential panel, method unspecified - Blood (69742-5)"/><generation value="generated"/></page><page><nameUrl value="ValueSet-cbc-w-ordered-manual-differential-blood-vs.html"/><title value="CBC W Ordered Manual Differential panel - Blood (57782-5)"/><generation value="generated"/></page><page><nameUrl value="ValueSet-differential-unspecified-blood-vs.html"/><title value="Differential panel, method unspecified - Blood (69738-3)"/><generation value="generated"/></page><page><nameUrl value="ValueSet-erythrocyte-morphology-blood-vs.html"/><title value="Erythrocyte morphology panel - Blood (58408-6)"/><generation value="generated"/></page><page><nameUrl value="ValueSet-gvhdtype-valueset.html"/><title value="GVHD Type Value Set"/><generation value="generated"/></page><page><nameUrl value="ValueSet-leukocyte-morphology-blood-vs.html"/><title value="Leukocyte morphology panel - Blood (58407-8)"/><generation value="generated"/></page><page><nameUrl value="ValueSet-manual-differential-blood-vs.html"/><title value="Manual Differential panel - Blood (24318-8)"/><generation value="generated"/></page><page><nameUrl value="ValueSet-platelet-morphology-blood-vs.html"/><title value="Platelet morphology panel - Blood (58406-0)"/><generation value="generated"/></page><page><nameUrl value="ValueSet-presence-valueset.html"/><title value="Presence Answer List"/><generation value="generated"/></page><page><nameUrl value="ValueSet-cibmtr-priority-variables-2021.html"/><title value="CIBMTR Priority Variables Value Set (FY21)"/><generation value="generated"/></page><page><nameUrl value="ValueSet-cibmtr-priority-variables-epic-2021.html"/><title value="CIBMTR Priority Variables Value Set for Epic App (FY21)"/><generation value="generated"/></page><page><nameUrl value="ValueSet-smear-morphology-blood-vs.html"/><title value="Smear morphology panel - Blood (34994-4)"/><generation value="generated"/></page><page><nameUrl value="CodeSystem-cibmtr-cadsr-cde.html"/><title value="NIH Common Data Elements for CIBMTR"/><generation value="generated"/></page><page><nameUrl value="CodeSystem-cibmtr-cadsr-vm.html"/><title value="NIH Common Data Element Value Meanings for CIBMTR"/><generation value="generated"/></page><page><nameUrl value="Observation-AlbuminObservation.html"/><title value="AlbuminObservation"/><generation value="generated"/></page><page><nameUrl value="Observation-BasophilsObservation.html"/><title value="BasophilsObservation"/><generation value="generated"/></page><page><nameUrl value="Observation-EosinophilsObservation.html"/><title value="EosinophilsObservation"/><generation value="generated"/></page><page><nameUrl value="Observation-HemoglobinObservation.html"/><title value="HemoglobinObservation"/><generation value="generated"/></page><page><nameUrl value="Observation-LeukocytesObservation.html"/><title value="LeukocytesObservation"/><generation value="generated"/></page><page><nameUrl value="Observation-MetamyelocytesObservation.html"/><title value="MetamyelocytesObservation"/><generation value="generated"/></page><page><nameUrl value="Observation-NeutrophilsObservation.html"/><title value="NeutrophilsObservation"/><generation value="generated"/></page><page><nameUrl value="Patient-PatientExample1.html"/><title value="PatientExample1"/><generation value="generated"/></page><page><nameUrl value="Patient-PatientExample2.html"/><title value="PatientExample2"/><generation value="generated"/></page><page><nameUrl value="Patient-PatientExample3.html"/><title value="PatientExample3"/><generation value="generated"/></page><page><nameUrl value="Patient-PatientExample4.html"/><title value="PatientExample4"/><generation value="generated"/></page><page><nameUrl value="Patient-PatientExample5.html"/><title value="PatientExample5"/><generation value="generated"/></page></page></page><parameter><code value="path-resource"/><value value="input/capabilities"/></parameter><parameter><code value="path-resource"/><value value="input/examples"/></parameter><parameter><code value="path-resource"/><value value="input/extensions"/></parameter><parameter><code value="path-resource"/><value value="input/models"/></parameter><parameter><code value="path-resource"/><value value="input/operations"/></parameter><parameter><code value="path-resource"/><value value="input/profiles"/></parameter><parameter><code value="path-resource"/><value value="input/resources"/></parameter><parameter><code value="path-resource"/><value value="input/vocabulary"/></parameter><parameter><code value="path-resource"/><value value="input/maps"/></parameter><parameter><code value="path-resource"/><value value="input/testing"/></parameter><parameter><code value="path-resource"/><value value="input/history"/></parameter><parameter><code value="path-resource"/><value value="fsh-generated/resources"/></parameter><parameter><code value="path-pages"/><value value="template/config"/></parameter><parameter><code value="path-pages"/><value value="input/images"/></parameter><parameter><code value="path-tx-cache"/><value value="input-cache/txcache"/></parameter></definition></ImplementationGuide>