<?xml version="1.0" encoding="UTF-8"?><ValueSet xmlns="http://hl7.org/fhir"><id value="platelet-morphology-blood-vs"/><text><status value="generated"/><div xmlns="http://www.w3.org/1999/xhtml"><ul><li>Include these codes as defined in <a href="http://loinc.org"><code>http://loinc.org</code></a><table class="none"><tr><td style="white-space:nowrap"><b>Code</b></td><td><b>Display</b></td></tr><tr><td><a href="http://details.loinc.org/LOINC/7796-6.html">7796-6</a></td><td>Platelet clump [Presence] in Blood by Light microscopy</td></tr><tr><td><a href="http://details.loinc.org/LOINC/18312-9.html">18312-9</a></td><td>Platelet satellitism [Presence] in Blood by Light microscopy</td></tr><tr><td><a href="http://details.loinc.org/LOINC/33216-3.html">33216-3</a></td><td>Platelets agranular [Presence] in Blood by Light microscopy</td></tr><tr><td><a href="http://details.loinc.org/LOINC/5908-9.html">5908-9</a></td><td>Giant platelets [Presence] in Blood by Light microscopy</td></tr><tr><td><a href="http://details.loinc.org/LOINC/32146-3.html">32146-3</a></td><td>Platelets Large [Presence] in Blood by Light microscopy</td></tr><tr><td><a href="http://details.loinc.org/LOINC/32208-1.html">32208-1</a></td><td>Platelets Small [Presence] in Blood by Light microscopy</td></tr><tr><td><a href="http://details.loinc.org/LOINC/11125-2.html">11125-2</a></td><td>Platelet morphology finding [Identifier] in Blood</td></tr></table></li></ul></div></text><url value="http://fhir.nmdp.org/ig/cibmtr-reporting/ValueSet/platelet-morphology-blood-vs"/><version value="0.1.6"/><name value="PlateletMorphologyBloodVS"/><title value="Platelet morphology panel - Blood (58406-0)"/><status value="active"/><date value="2021-06-04T14:42:41-05:00"/><publisher value="The Medical College of Wisconsin, Inc. and the National Marrow Donor Program"/><contact><name value="The Medical College of Wisconsin, Inc. and the National Marrow Donor Program"/><telecom><system value="url"/><value value="http://www.cibmtr.org"/></telecom></contact><contact><name value="Bob Milius"/><telecom><system value="email"/><value value="bmilius@nmdp.org"/></telecom></contact><description value="Platelet morphology panel - Blood (58406-0)"/><compose><include><system value="http://loinc.org"/><concept><code value="7796-6"/><display value="Platelet clump [Presence] in Blood by Light microscopy"/></concept><concept><code value="18312-9"/><display value="Platelet satellitism [Presence] in Blood by Light microscopy"/></concept><concept><code value="33216-3"/><display value="Platelets agranular [Presence] in Blood by Light microscopy"/></concept><concept><code value="5908-9"/><display value="Giant platelets [Presence] in Blood by Light microscopy"/></concept><concept><code value="32146-3"/><display value="Platelets Large [Presence] in Blood by Light microscopy"/></concept><concept><code value="32208-1"/><display value="Platelets Small [Presence] in Blood by Light microscopy"/></concept><concept><code value="11125-2"/><display value="Platelet morphology finding [Identifier] in Blood"/></concept></include></compose></ValueSet>