{"resourceType":"CodeSystem","id":"cibmtr-cadsr-vm","text":{"status":"generated","div":"<div xmlns=\"http://www.w3.org/1999/xhtml\"><p>This code system <code>http://cdebrowser.nci.nih.gov</code> defines many codes, of which the following are a subset:</p><table class=\"codes\"><tr><td style=\"white-space:nowrap\"><b>Code</b></td><td><b>Display</b></td><td><b>Definition</b></td></tr><tr><td style=\"white-space:nowrap\">4722619<a name=\"cibmtr-cadsr-vm-4722619\"> </a></td><td>Acute GVHD</td><td>Acute Graft Vs Host Disease</td></tr><tr><td style=\"white-space:nowrap\">2991794<a name=\"cibmtr-cadsr-vm-2991794\"> </a></td><td>Classic cGVHD</td><td>Classic chronic Graft Vs Host Disease</td></tr><tr><td style=\"white-space:nowrap\">2991795<a name=\"cibmtr-cadsr-vm-2991795\"> </a></td><td>Overlap cGVHD</td><td>Overlap chronic Graft Vs Host Disease</td></tr><tr><td style=\"white-space:nowrap\">2991796<a name=\"cibmtr-cadsr-vm-2991796\"> </a></td><td>Late Acute GVHD</td><td>Late Acute Graft Vs Host Disease</td></tr><tr><td style=\"white-space:nowrap\">3261243<a name=\"cibmtr-cadsr-vm-3261243\"> </a></td><td>Not Applicable</td><td>Not Applicable</td></tr></table></div>"},"url":"http://cdebrowser.nci.nih.gov","version":"0.1.5","name":"CADSR_VM_CS","title":"NIH Common Data Element Value Meanings for CIBMTR","status":"active","experimental":false,"date":"2022-11-09T14:05:34-06:00","publisher":"The Medical College of Wisconsin, Inc. and the National Marrow Donor Program","contact":[{"name":"The Medical College of Wisconsin, Inc. and the National Marrow Donor Program","telecom":[{"system":"url","value":"http://www.cibmtr.org"}]},{"name":"Bob Milius","telecom":[{"system":"email","value":"bmilius@nmdp.org"}]}],"description":"NIH Common Data Element Value Meanings for CIBMTR","copyright":"National Cancer Institute (NCI)","content":"fragment","concept":[{"code":"4722619","display":"Acute GVHD","definition":"Acute Graft Vs Host Disease"},{"code":"2991794","display":"Classic cGVHD","definition":"Classic chronic Graft Vs Host Disease"},{"code":"2991795","display":"Overlap cGVHD","definition":"Overlap chronic Graft Vs Host Disease"},{"code":"2991796","display":"Late Acute GVHD","definition":"Late Acute Graft Vs Host Disease"},{"code":"3261243","display":"Not Applicable","definition":"Not Applicable"}]}