{"resourceType":"ImplementationGuide","id":"cibmtr-reporting","text":{"status":"extensions","div":"<div xmlns=\"http://www.w3.org/1999/xhtml\"><h2>CIBMTRReporting</h2><p>The official URL for this implementation guide is: </p><pre>http://fhir.nmdp.org/ig/cibmtr-reporting/ImplementationGuide/cibmtr-reporting</pre><div><p>How to report HCT data to CIBMTR</p>\n</div></div>"},"url":"http://fhir.nmdp.org/ig/cibmtr-reporting/ImplementationGuide/cibmtr-reporting","version":"0.1.4a","name":"CIBMTRReporting","title":"CIBMTR Reporting Implementation Guide","status":"draft","date":"2022-08-10T12:44:20-05:00","publisher":"The Medical College of Wisconsin, Inc. and the National Marrow Donor Program","contact":[{"name":"The Medical College of Wisconsin, Inc. and the National Marrow Donor Program","telecom":[{"system":"url","value":"http://www.cibmtr.org"}]},{"name":"Bob Milius","telecom":[{"system":"email","value":"bmilius@nmdp.org"}]}],"description":"How to report HCT data to CIBMTR","packageId":"cibmtr-reporting","license":"Apache-2.0","fhirVersion":["4.0.1"],"dependsOn":[{"id":"hl7tx","uri":"http://terminology.hl7.org/ImplementationGuide/hl7.terminology","packageId":"hl7.terminology.r4","version":"3.1.0"},{"id":"hl7_fhir_us_core","uri":"http://hl7.org/fhir/us/core/ImplementationGuide/hl7.fhir.us.core","packageId":"hl7.fhir.us.core","version":"4.0.0"},{"id":"mcode","uri":"http://hl7.org/fhir/us/mcode/ImplementationGuide/hl7.fhir.us.mcode","packageId":"hl7.fhir.us.mcode","version":"2.0.0"}],"definition":{"extension":[{"extension":[{"url":"code","valueString":"copyrightyear"},{"url":"value","valueString":"2020+"}],"url":"http://hl7.org/fhir/tools/StructureDefinition/ig-parameter"},{"extension":[{"url":"code","valueString":"releaselabel"},{"url":"value","valueString":"Trial Use 1"}],"url":"http://hl7.org/fhir/tools/StructureDefinition/ig-parameter"},{"extension":[{"url":"code","valueString":"show-inherited-invariants"},{"url":"value","valueString":"false"}],"url":"http://hl7.org/fhir/tools/StructureDefinition/ig-parameter"},{"extension":[{"url":"code","valueString":"path-liquid"},{"url":"value","valueString":"template/liquid"}],"url":"http://hl7.org/fhir/tools/StructureDefinition/ig-parameter"},{"extension":[{"url":"code","valueString":"path-liquid"},{"url":"value","valueString":"input/liquid"}],"url":"http://hl7.org/fhir/tools/StructureDefinition/ig-parameter"},{"extension":[{"url":"code","valueString":"path-qa"},{"url":"value","valueString":"temp/qa"}],"url":"http://hl7.org/fhir/tools/StructureDefinition/ig-parameter"},{"extension":[{"url":"code","valueString":"path-temp"},{"url":"value","valueString":"temp/pages"}],"url":"http://hl7.org/fhir/tools/StructureDefinition/ig-parameter"},{"extension":[{"url":"code","valueString":"path-output"},{"url":"value","valueString":"output"}],"url":"http://hl7.org/fhir/tools/StructureDefinition/ig-parameter"},{"extension":[{"url":"code","valueString":"path-suppressed-warnings"},{"url":"value","valueString":"input/ignoreWarnings.txt"}],"url":"http://hl7.org/fhir/tools/StructureDefinition/ig-parameter"},{"extension":[{"url":"code","valueString":"path-history"},{"url":"value","valueString":"http://fhir.nmdp.org/ig/cibmtr-reporting/history.html"}],"url":"http://hl7.org/fhir/tools/StructureDefinition/ig-parameter"},{"extension":[{"url":"code","valueString":"template-html"},{"url":"value","valueString":"template-page.html"}],"url":"http://hl7.org/fhir/tools/StructureDefinition/ig-parameter"},{"extension":[{"url":"code","valueString":"template-md"},{"url":"value","valueString":"template-page-md.html"}],"url":"http://hl7.org/fhir/tools/StructureDefinition/ig-parameter"},{"extension":[{"url":"code","valueString":"apply-contact"},{"url":"value","valueString":"true"}],"url":"http://hl7.org/fhir/tools/StructureDefinition/ig-parameter"},{"extension":[{"url":"code","valueString":"apply-context"},{"url":"value","valueString":"true"}],"url":"http://hl7.org/fhir/tools/StructureDefinition/ig-parameter"},{"extension":[{"url":"code","valueString":"apply-copyright"},{"url":"value","valueString":"true"}],"url":"http://hl7.org/fhir/tools/StructureDefinition/ig-parameter"},{"extension":[{"url":"code","valueString":"apply-jurisdiction"},{"url":"value","valueString":"true"}],"url":"http://hl7.org/fhir/tools/StructureDefinition/ig-parameter"},{"extension":[{"url":"code","valueString":"apply-license"},{"url":"value","valueString":"true"}],"url":"http://hl7.org/fhir/tools/StructureDefinition/ig-parameter"},{"extension":[{"url":"code","valueString":"apply-publisher"},{"url":"value","valueString":"true"}],"url":"http://hl7.org/fhir/tools/StructureDefinition/ig-parameter"},{"extension":[{"url":"code","valueString":"apply-version"},{"url":"value","valueString":"true"}],"url":"http://hl7.org/fhir/tools/StructureDefinition/ig-parameter"},{"extension":[{"url":"code","valueString":"active-tables"},{"url":"value","valueString":"true"}],"url":"http://hl7.org/fhir/tools/StructureDefinition/ig-parameter"},{"extension":[{"url":"code","valueString":"fmm-definition"},{"url":"value","valueString":"http://hl7.org/fhir/versions.html#maturity"}],"url":"http://hl7.org/fhir/tools/StructureDefinition/ig-parameter"},{"extension":[{"url":"code","valueString":"propagate-status"},{"url":"value","valueString":"true"}],"url":"http://hl7.org/fhir/tools/StructureDefinition/ig-parameter"},{"extension":[{"url":"code","valueString":"excludelogbinaryformat"},{"url":"value","valueString":"true"}],"url":"http://hl7.org/fhir/tools/StructureDefinition/ig-parameter"}],"grouping":[{"id":"-str-profile","name":"Structures: Resource Profiles","description":"These define constraints on FHIR resources for systems conforming to this implementation guide"},{"id":"-term-valueset","name":"Terminology: Value Sets","description":"These define sets of codes used by systems conforming to this implementation guide"},{"id":"-term-codesystem","name":"Terminology: Code Systems","description":"These define new code systems used by systems conforming to this implementation guide"},{"id":"-ex-example","name":"Example: Example Instances","description":"These are example instances that show what data produced and consumed by systems conforming with this implementation guide might look like"}],"resource":[{"extension":[{"url":"http://hl7.org/fhir/StructureDefinition/implementationguide-page","valueUri":"StructureDefinition-cibmtr-obs-priority-variables.html"}],"reference":{"reference":"StructureDefinition/cibmtr-obs-priority-variables"},"name":"CIBMTR Observation Laboratory Results: Priority Variables","description":"CIBMTR Observation Laboratory Results: Priority Variables","exampleBoolean":false,"groupingId":"-str-profile"},{"extension":[{"url":"http://hl7.org/fhir/StructureDefinition/implementationguide-page","valueUri":"StructureDefinition-cibmtr-observation-lab.html"}],"reference":{"reference":"StructureDefinition/cibmtr-observation-lab"},"name":"CIBMTR Observation Laboratory Results Profile (us-core)","description":"CIBMTR Observation Laboratory Results Profile (us-core)","exampleBoolean":false,"groupingId":"-str-profile"},{"extension":[{"url":"http://hl7.org/fhir/StructureDefinition/implementationguide-page","valueUri":"StructureDefinition-cibmtr-patient.html"}],"reference":{"reference":"StructureDefinition/cibmtr-patient"},"name":"CIBMTR Patient Profile (us-core)","description":"CIBMTR Patient Profile for CRID assignment (us-core)","exampleBoolean":false,"groupingId":"-str-profile"},{"extension":[{"url":"http://hl7.org/fhir/StructureDefinition/implementationguide-page","valueUri":"StructureDefinition-cibmtr-additional-peri-transplant-medication.html"}],"reference":{"reference":"StructureDefinition/cibmtr-additional-peri-transplant-medication"},"name":"CIBMTR Additional Drugs in Peri-Transplant Period","description":"CIBMTR Additional Drugs Given in the Peri-Transplant Period. Drugs may be given during the peri-transplant period to prevent transplant-related complications, such as liver injuries or to facilitate engraftment.","exampleBoolean":false,"groupingId":"-str-profile"},{"extension":[{"url":"http://hl7.org/fhir/StructureDefinition/implementationguide-page","valueUri":"StructureDefinition-cibmtr-gvhd-prophylaxis-medication.html"}],"reference":{"reference":"StructureDefinition/cibmtr-gvhd-prophylaxis-medication"},"name":"CIBMTR GVHD Prophylaxis Medication","description":"CIBMTR GVHD Prophylaxis Medication","exampleBoolean":false,"groupingId":"-str-profile"},{"extension":[{"url":"http://hl7.org/fhir/StructureDefinition/implementationguide-page","valueUri":"StructureDefinition-cibmtr-medication.html"}],"reference":{"reference":"StructureDefinition/cibmtr-medication"},"name":"CIBMTR Medication (us-core)","description":"CIBMTR Medication (us-core)","exampleBoolean":false,"groupingId":"-str-profile"},{"extension":[{"url":"http://hl7.org/fhir/StructureDefinition/implementationguide-page","valueUri":"StructureDefinition-cibmtr-medication-administration.html"}],"reference":{"reference":"StructureDefinition/cibmtr-medication-administration"},"name":"CIBMTR Medication Administration (mcode)","description":"CIBMTR Medication Administration (mcode)","exampleBoolean":false,"groupingId":"-str-profile"},{"extension":[{"url":"http://hl7.org/fhir/StructureDefinition/implementationguide-page","valueUri":"StructureDefinition-cibmtr-medication-dispense.html"}],"reference":{"reference":"StructureDefinition/cibmtr-medication-dispense"},"name":"CIBMTR Medication Dispense","description":"CIBMTR Medication Dispense","exampleBoolean":false,"groupingId":"-str-profile"},{"extension":[{"url":"http://hl7.org/fhir/StructureDefinition/implementationguide-page","valueUri":"StructureDefinition-cibmtr-medication-request.html"}],"reference":{"reference":"StructureDefinition/cibmtr-medication-request"},"name":"CIBMTR Medication Request (mcode)","description":"CIBMTR Medication Request (mcode)","exampleBoolean":false,"groupingId":"-str-profile"},{"extension":[{"url":"http://hl7.org/fhir/StructureDefinition/implementationguide-page","valueUri":"StructureDefinition-cibmtr-mobilizing-agent-medication.html"}],"reference":{"reference":"StructureDefinition/cibmtr-mobilizing-agent-medication"},"name":"CIBMTR Mobilizing Agent Medication","description":"CIBMTR Moblizing Agents (auto only) Medication","exampleBoolean":false,"groupingId":"-str-profile"},{"extension":[{"url":"http://hl7.org/fhir/StructureDefinition/implementationguide-page","valueUri":"StructureDefinition-cibmtr-post-hct-disease-therapy-planned-medication.html"}],"reference":{"reference":"StructureDefinition/cibmtr-post-hct-disease-therapy-planned-medication"},"name":"CIBMTR Planned Post-HCT Disease Therapy Medication","description":"CIBMTR Planned Post-HCT Disease Therapy Medication","exampleBoolean":false,"groupingId":"-str-profile"},{"extension":[{"url":"http://hl7.org/fhir/StructureDefinition/implementationguide-page","valueUri":"StructureDefinition-cibmtr-prep-regimen-medication.html"}],"reference":{"reference":"StructureDefinition/cibmtr-prep-regimen-medication"},"name":"CIBMTR Prep Regimen Medication","description":"CIBMTR Pre-HCT Preparative Regimen (Conditioning) Medication","exampleBoolean":false,"groupingId":"-str-profile"},{"extension":[{"url":"http://hl7.org/fhir/StructureDefinition/implementationguide-page","valueUri":"StructureDefinition-cibmtr-prior-exposure-medication.html"}],"reference":{"reference":"StructureDefinition/cibmtr-prior-exposure-medication"},"name":"CIBMTR Prior Exposure Medication","description":"CIBMTR Prior Exposure: Potential Study Eligibility Medication","exampleBoolean":false,"groupingId":"-str-profile"},{"extension":[{"url":"http://hl7.org/fhir/StructureDefinition/implementationguide-page","valueUri":"ValueSet-auto-differential-blood-vs.html"}],"reference":{"reference":"ValueSet/auto-differential-blood-vs"},"name":"Auto Differential panel - Blood (57023-4)","description":"Auto Differential panel - Blood (57023-4)","exampleBoolean":false,"groupingId":"-term-valueset"},{"extension":[{"url":"http://hl7.org/fhir/StructureDefinition/implementationguide-page","valueUri":"ValueSet-cbc-blood-automated-vs.html"}],"reference":{"reference":"ValueSet/cbc-blood-automated-vs"},"name":"CBC panel - Blood by Automated count (58410-2)","description":"CBC panel - Blood by Automated count (58410-2)","exampleBoolean":false,"groupingId":"-term-valueset"},{"extension":[{"url":"http://hl7.org/fhir/StructureDefinition/implementationguide-page","valueUri":"ValueSet-cbc-w-auto-differential-blood-vs.html"}],"reference":{"reference":"ValueSet/cbc-w-auto-differential-blood-vs"},"name":"CBC W Auto Differential panel - Blood (57021-8)","description":"CBC W Auto Differential panel - Blood (57021-8)","exampleBoolean":false,"groupingId":"-term-valueset"},{"extension":[{"url":"http://hl7.org/fhir/StructureDefinition/implementationguide-page","valueUri":"ValueSet-cbc-w-differential-unspecified-blood-vs.html"}],"reference":{"reference":"ValueSet/cbc-w-differential-unspecified-blood-vs"},"name":"CBC W Differential panel, method unspecified - Blood (69742-5)","description":"CBC W Differential panel, method unspecified - Blood (69742-5)","exampleBoolean":false,"groupingId":"-term-valueset"},{"extension":[{"url":"http://hl7.org/fhir/StructureDefinition/implementationguide-page","valueUri":"ValueSet-cbc-w-ordered-manual-differential-blood-vs.html"}],"reference":{"reference":"ValueSet/cbc-w-ordered-manual-differential-blood-vs"},"name":"CBC W Ordered Manual Differential panel - Blood (57782-5)","description":"CBC W Ordered Manual Differential panel - Blood (57782-5)","exampleBoolean":false,"groupingId":"-term-valueset"},{"extension":[{"url":"http://hl7.org/fhir/StructureDefinition/implementationguide-page","valueUri":"ValueSet-differential-unspecified-blood-vs.html"}],"reference":{"reference":"ValueSet/differential-unspecified-blood-vs"},"name":"Differential panel, method unspecified - Blood (69738-3)","description":"Differential panel, method unspecified - Blood (69738-3)","exampleBoolean":false,"groupingId":"-term-valueset"},{"extension":[{"url":"http://hl7.org/fhir/StructureDefinition/implementationguide-page","valueUri":"ValueSet-erythrocyte-morphology-blood-vs.html"}],"reference":{"reference":"ValueSet/erythrocyte-morphology-blood-vs"},"name":"Erythrocyte morphology panel - Blood (58408-6)","description":"Erythrocyte morphology panel - Blood (58408-6)","exampleBoolean":false,"groupingId":"-term-valueset"},{"extension":[{"url":"http://hl7.org/fhir/StructureDefinition/implementationguide-page","valueUri":"ValueSet-gvhdtype-valueset.html"}],"reference":{"reference":"ValueSet/gvhdtype-valueset"},"name":"GVHD Type Value Set","description":"Permissible values for types of Graft vs Host Disease, from NIH caDSR","exampleBoolean":false,"groupingId":"-term-valueset"},{"extension":[{"url":"http://hl7.org/fhir/StructureDefinition/implementationguide-page","valueUri":"ValueSet-hematopoietic-disorder-valueset.html"}],"reference":{"reference":"ValueSet/hematopoietic-disorder-valueset"},"name":"Disorders of hematopoietic structure","description":"SNOMED: Disorders of hematopoietic structure","exampleBoolean":false,"groupingId":"-term-valueset"},{"extension":[{"url":"http://hl7.org/fhir/StructureDefinition/implementationguide-page","valueUri":"ValueSet-leukocyte-morphology-blood-vs.html"}],"reference":{"reference":"ValueSet/leukocyte-morphology-blood-vs"},"name":"Leukocyte morphology panel - Blood (58407-8)","description":"Leukocyte morphology panel - Blood (58407-8)","exampleBoolean":false,"groupingId":"-term-valueset"},{"extension":[{"url":"http://hl7.org/fhir/StructureDefinition/implementationguide-page","valueUri":"ValueSet-manual-differential-blood-vs.html"}],"reference":{"reference":"ValueSet/manual-differential-blood-vs"},"name":"Manual Differential panel - Blood (24318-8)","description":"Manual Differential panel - Blood (24318-8)","exampleBoolean":false,"groupingId":"-term-valueset"},{"extension":[{"url":"http://hl7.org/fhir/StructureDefinition/implementationguide-page","valueUri":"ValueSet-platelet-morphology-blood-vs.html"}],"reference":{"reference":"ValueSet/platelet-morphology-blood-vs"},"name":"Platelet morphology panel - Blood (58406-0)","description":"Platelet morphology panel - Blood (58406-0)","exampleBoolean":false,"groupingId":"-term-valueset"},{"extension":[{"url":"http://hl7.org/fhir/StructureDefinition/implementationguide-page","valueUri":"ValueSet-presence-valueset.html"}],"reference":{"reference":"ValueSet/presence-valueset"},"name":"Presence Answer List","description":"Permissible values for presence","exampleBoolean":false,"groupingId":"-term-valueset"},{"extension":[{"url":"http://hl7.org/fhir/StructureDefinition/implementationguide-page","valueUri":"ValueSet-cibmtr-priority-variables-2021.html"}],"reference":{"reference":"ValueSet/cibmtr-priority-variables-2021"},"name":"CIBMTR Priority Variables Value Set (FY21)","description":"Priority Variables for CIBMTR (FY21)","exampleBoolean":false,"groupingId":"-term-valueset"},{"extension":[{"url":"http://hl7.org/fhir/StructureDefinition/implementationguide-page","valueUri":"ValueSet-cibmtr-priority-variables-2022.html"}],"reference":{"reference":"ValueSet/cibmtr-priority-variables-2022"},"name":"CIBMTR Priority Variables Value Set (FY22)","description":"Priority Variables for CIBMTR (FY22)","exampleBoolean":false,"groupingId":"-term-valueset"},{"extension":[{"url":"http://hl7.org/fhir/StructureDefinition/implementationguide-page","valueUri":"ValueSet-cibmtr-priority-variables-epic-2021.html"}],"reference":{"reference":"ValueSet/cibmtr-priority-variables-epic-2021"},"name":"CIBMTR Priority Variables Value Set for Epic App (FY21)","description":"Priority Variables for Epic CIBMTR Reporting App (FY21)","exampleBoolean":false,"groupingId":"-term-valueset"},{"extension":[{"url":"http://hl7.org/fhir/StructureDefinition/implementationguide-page","valueUri":"ValueSet-med-addition-peri-transplant-vs.html"}],"reference":{"reference":"ValueSet/med-addition-peri-transplant-vs"},"name":"RxNorm - Additional Drugs in Peri-Transplant Period","description":"RxNorm codes for Additional Drugs in Peri-Transplant Period","exampleBoolean":false,"groupingId":"-term-valueset"},{"extension":[{"url":"http://hl7.org/fhir/StructureDefinition/implementationguide-page","valueUri":"ValueSet-med-alemtuzumab-vs.html"}],"reference":{"reference":"ValueSet/med-alemtuzumab-vs"},"name":"RxNorm - Alemtuzumab","description":"RxNorm codes for Alemtuzumab","exampleBoolean":false,"groupingId":"-term-valueset"},{"extension":[{"url":"http://hl7.org/fhir/StructureDefinition/implementationguide-page","valueUri":"ValueSet-med-all-form2400-vs.html"}],"reference":{"reference":"ValueSet/med-all-form2400-vs"},"name":"RxNorm - All of Form 2400","description":"RxNorm codes for all of Form 2400","exampleBoolean":false,"groupingId":"-term-valueset"},{"extension":[{"url":"http://hl7.org/fhir/StructureDefinition/implementationguide-page","valueUri":"ValueSet-med-anti-thymocyte-globulin-vs.html"}],"reference":{"reference":"ValueSet/med-anti-thymocyte-globulin-vs"},"name":"RxNorm - Anti-Thymocyte Globulin","description":"RxNorm codes for Anti-Thymocyte Globulin","exampleBoolean":false,"groupingId":"-term-valueset"},{"extension":[{"url":"http://hl7.org/fhir/StructureDefinition/implementationguide-page","valueUri":"ValueSet-med-bortezomib-vs.html"}],"reference":{"reference":"ValueSet/med-bortezomib-vs"},"name":"RxNorm - Bortezomib","description":"RxNorm codes for Bortezomib","exampleBoolean":false,"groupingId":"-term-valueset"},{"extension":[{"url":"http://hl7.org/fhir/StructureDefinition/implementationguide-page","valueUri":"ValueSet-med-busulfan-vs.html"}],"reference":{"reference":"ValueSet/med-busulfan-vs"},"name":"RxNorm - Busulfan","description":"RxNorm codes for Busulfan","exampleBoolean":false,"groupingId":"-term-valueset"},{"extension":[{"url":"http://hl7.org/fhir/StructureDefinition/implementationguide-page","valueUri":"ValueSet-med-carmustine-vs.html"}],"reference":{"reference":"ValueSet/med-carmustine-vs"},"name":"RxNorm - Carmustine","description":"RxNorm codes for Carmustine","exampleBoolean":false,"groupingId":"-term-valueset"},{"extension":[{"url":"http://hl7.org/fhir/StructureDefinition/implementationguide-page","valueUri":"ValueSet-med-cyclophosphamide-vs.html"}],"reference":{"reference":"ValueSet/med-cyclophosphamide-vs"},"name":"RxNorm - Cyclophosphamide","description":"RxNorm codes for Cyclophosphamide ","exampleBoolean":false,"groupingId":"-term-valueset"},{"extension":[{"url":"http://hl7.org/fhir/StructureDefinition/implementationguide-page","valueUri":"ValueSet-med-cytarabine-vs.html"}],"reference":{"reference":"ValueSet/med-cytarabine-vs"},"name":"RxNorm - Cytarabine","description":"RxNorm codes for Cytarabine","exampleBoolean":false,"groupingId":"-term-valueset"},{"extension":[{"url":"http://hl7.org/fhir/StructureDefinition/implementationguide-page","valueUri":"ValueSet-med-defibrotide-vs.html"}],"reference":{"reference":"ValueSet/med-defibrotide-vs"},"name":"RxNorm - Defibrotide","description":"RxNorm codes for Defibrotide","exampleBoolean":false,"groupingId":"-term-valueset"},{"extension":[{"url":"http://hl7.org/fhir/StructureDefinition/implementationguide-page","valueUri":"ValueSet-med-etoposide-vs.html"}],"reference":{"reference":"ValueSet/med-etoposide-vs"},"name":"RxNorm - Etoposide","description":"RxNorm codes for Etoposide ","exampleBoolean":false,"groupingId":"-term-valueset"},{"extension":[{"url":"http://hl7.org/fhir/StructureDefinition/implementationguide-page","valueUri":"ValueSet-med-fludarabine-vs.html"}],"reference":{"reference":"ValueSet/med-fludarabine-vs"},"name":"RxNorm - Fludarabine","description":"RxNorm codes for Fludarabine ","exampleBoolean":false,"groupingId":"-term-valueset"},{"extension":[{"url":"http://hl7.org/fhir/StructureDefinition/implementationguide-page","valueUri":"ValueSet-med-gvhd-prophylaxis-vs.html"}],"reference":{"reference":"ValueSet/med-gvhd-prophylaxis-vs"},"name":"RxNorm - GVHD Prophylaxis","description":"RxNorm codes for GVHD Prophylaxis","exampleBoolean":false,"groupingId":"-term-valueset"},{"extension":[{"url":"http://hl7.org/fhir/StructureDefinition/implementationguide-page","valueUri":"ValueSet-med-melphalan-vs.html"}],"reference":{"reference":"ValueSet/med-melphalan-vs"},"name":"RxNorm - Melphalan","description":"RxNorm codes for Melphalan ","exampleBoolean":false,"groupingId":"-term-valueset"},{"extension":[{"url":"http://hl7.org/fhir/StructureDefinition/implementationguide-page","valueUri":"ValueSet-med-mobilizing-agents-vs.html"}],"reference":{"reference":"ValueSet/med-mobilizing-agents-vs"},"name":"RxNorm - Mobilizing Agents (auto only)","description":"RxNorm codes for Mobilizing Agents (auto only)","exampleBoolean":false,"groupingId":"-term-valueset"},{"extension":[{"url":"http://hl7.org/fhir/StructureDefinition/implementationguide-page","valueUri":"ValueSet-med-post-hct-disease-therapy-planned-vs.html"}],"reference":{"reference":"ValueSet/med-post-hct-disease-therapy-planned-vs"},"name":"RxNorm - Post-HCT Disease Therapy Planned","description":"RxNorm codes for Post-HCT Disease Therapy Planned","exampleBoolean":false,"groupingId":"-term-valueset"},{"extension":[{"url":"http://hl7.org/fhir/StructureDefinition/implementationguide-page","valueUri":"ValueSet-med-prep-regimen-vs.html"}],"reference":{"reference":"ValueSet/med-prep-regimen-vs"},"name":"RxNorm - Prep Regimen","description":"RxNorm codes for Prep Regimen","exampleBoolean":false,"groupingId":"-term-valueset"},{"extension":[{"url":"http://hl7.org/fhir/StructureDefinition/implementationguide-page","valueUri":"ValueSet-med-prior-exposure-vs.html"}],"reference":{"reference":"ValueSet/med-prior-exposure-vs"},"name":"RxNorm - Prior Exposure: Potential Study Eligibility","description":"Prior Exposure: Potential Study Eligibility","exampleBoolean":false,"groupingId":"-term-valueset"},{"extension":[{"url":"http://hl7.org/fhir/StructureDefinition/implementationguide-page","valueUri":"ValueSet-med-rituximab-vs.html"}],"reference":{"reference":"ValueSet/med-rituximab-vs"},"name":"RxNorm - Rituximab","description":"RxNorm codes for Rituximab","exampleBoolean":false,"groupingId":"-term-valueset"},{"extension":[{"url":"http://hl7.org/fhir/StructureDefinition/implementationguide-page","valueUri":"ValueSet-med-thiotepa-vs.html"}],"reference":{"reference":"ValueSet/med-thiotepa-vs"},"name":"RxNorm - Thiotepa","description":"RxNorm codes for Thiotepa","exampleBoolean":false,"groupingId":"-term-valueset"},{"extension":[{"url":"http://hl7.org/fhir/StructureDefinition/implementationguide-page","valueUri":"ValueSet-med-treosulfan-vs.html"}],"reference":{"reference":"ValueSet/med-treosulfan-vs"},"name":"RxNorm - Treosulfan","description":"RxNorm codes for Treosulfan","exampleBoolean":false,"groupingId":"-term-valueset"},{"extension":[{"url":"http://hl7.org/fhir/StructureDefinition/implementationguide-page","valueUri":"ValueSet-med-ursodiol-vs.html"}],"reference":{"reference":"ValueSet/med-ursodiol-vs"},"name":"RxNorm - Ursodiol","description":"RxNorm codes for Ursodiol","exampleBoolean":false,"groupingId":"-term-valueset"},{"extension":[{"url":"http://hl7.org/fhir/StructureDefinition/implementationguide-page","valueUri":"ValueSet-smear-morphology-blood-vs.html"}],"reference":{"reference":"ValueSet/smear-morphology-blood-vs"},"name":"Smear morphology panel - Blood (34994-4)","description":"Smear morphology panel - Blood (34994-4)","exampleBoolean":false,"groupingId":"-term-valueset"},{"extension":[{"url":"http://hl7.org/fhir/StructureDefinition/implementationguide-page","valueUri":"CodeSystem-cibmtr-cadsr-cde.html"}],"reference":{"reference":"CodeSystem/cibmtr-cadsr-cde"},"name":"NIH Common Data Elements for CIBMTR","description":"NIH Common Data Elements for CIBMTR","exampleBoolean":false,"groupingId":"-term-codesystem"},{"extension":[{"url":"http://hl7.org/fhir/StructureDefinition/implementationguide-page","valueUri":"CodeSystem-cibmtr-cadsr-vm.html"}],"reference":{"reference":"CodeSystem/cibmtr-cadsr-vm"},"name":"NIH Common Data Element Value Meanings for CIBMTR","description":"NIH Common Data Element Value Meanings for CIBMTR","exampleBoolean":false,"groupingId":"-term-codesystem"},{"extension":[{"url":"http://hl7.org/fhir/StructureDefinition/implementationguide-page","valueUri":"Observation-AlbuminObservation.html"}],"reference":{"reference":"Observation/AlbuminObservation"},"name":"AlbuminObservation","description":"Albumin [Mass/volume] in Serum or Plasma","exampleCanonical":"http://fhir.nmdp.org/ig/cibmtr-reporting/StructureDefinition/cibmtr-obs-priority-variables","groupingId":"-ex-example"},{"extension":[{"url":"http://hl7.org/fhir/StructureDefinition/implementationguide-page","valueUri":"Observation-BasophilsObservation.html"}],"reference":{"reference":"Observation/BasophilsObservation"},"name":"BasophilsObservation","description":"Basophils/100 leukocytes in Blood","exampleCanonical":"http://fhir.nmdp.org/ig/cibmtr-reporting/StructureDefinition/cibmtr-obs-priority-variables","groupingId":"-ex-example"},{"extension":[{"url":"http://hl7.org/fhir/StructureDefinition/implementationguide-page","valueUri":"Observation-EosinophilsObservation.html"}],"reference":{"reference":"Observation/EosinophilsObservation"},"name":"EosinophilsObservation","description":"Eosinophils observation, #/volume in Blood","exampleCanonical":"http://fhir.nmdp.org/ig/cibmtr-reporting/StructureDefinition/cibmtr-obs-priority-variables","groupingId":"-ex-example"},{"extension":[{"url":"http://hl7.org/fhir/StructureDefinition/implementationguide-page","valueUri":"Observation-HemoglobinObservation.html"}],"reference":{"reference":"Observation/HemoglobinObservation"},"name":"HemoglobinObservation","description":"Hemoglobin [Mass/volume] in Blood","exampleCanonical":"http://fhir.nmdp.org/ig/cibmtr-reporting/StructureDefinition/cibmtr-obs-priority-variables","groupingId":"-ex-example"},{"extension":[{"url":"http://hl7.org/fhir/StructureDefinition/implementationguide-page","valueUri":"Observation-LeukocytesObservation.html"}],"reference":{"reference":"Observation/LeukocytesObservation"},"name":"LeukocytesObservation","description":"Leukocytes observation","exampleCanonical":"http://fhir.nmdp.org/ig/cibmtr-reporting/StructureDefinition/cibmtr-observation-lab","groupingId":"-ex-example"},{"extension":[{"url":"http://hl7.org/fhir/StructureDefinition/implementationguide-page","valueUri":"Observation-MetamyelocytesObservation.html"}],"reference":{"reference":"Observation/MetamyelocytesObservation"},"name":"MetamyelocytesObservation","description":"Metamyelocytes [Presence] in Blood","exampleCanonical":"http://fhir.nmdp.org/ig/cibmtr-reporting/StructureDefinition/cibmtr-obs-priority-variables","groupingId":"-ex-example"},{"extension":[{"url":"http://hl7.org/fhir/StructureDefinition/implementationguide-page","valueUri":"Observation-NeutrophilsObservation.html"}],"reference":{"reference":"Observation/NeutrophilsObservation"},"name":"NeutrophilsObservation","description":"Neutrophils [#/volume] in Cord blood","exampleCanonical":"http://fhir.nmdp.org/ig/cibmtr-reporting/StructureDefinition/cibmtr-obs-priority-variables","groupingId":"-ex-example"},{"extension":[{"url":"http://hl7.org/fhir/StructureDefinition/implementationguide-page","valueUri":"Patient-PatientExample1.html"}],"reference":{"reference":"Patient/PatientExample1"},"name":"PatientExample1","description":"example using CIBMTR center number","exampleCanonical":"http://fhir.nmdp.org/ig/cibmtr-reporting/StructureDefinition/cibmtr-patient","groupingId":"-ex-example"},{"extension":[{"url":"http://hl7.org/fhir/StructureDefinition/implementationguide-page","valueUri":"Patient-PatientExample2.html"}],"reference":{"reference":"Patient/PatientExample2"},"name":"PatientExample2","description":"Patient with CIBMTR CRID","exampleCanonical":"http://fhir.nmdp.org/ig/cibmtr-reporting/StructureDefinition/cibmtr-patient","groupingId":"-ex-example"},{"extension":[{"url":"http://hl7.org/fhir/StructureDefinition/implementationguide-page","valueUri":"Patient-PatientExample3.html"}],"reference":{"reference":"Patient/PatientExample3"},"name":"PatientExample3","description":"Patient with MRN and CRID, Race=White, Ethnicity=Unknown","exampleCanonical":"http://fhir.nmdp.org/ig/cibmtr-reporting/StructureDefinition/cibmtr-patient","groupingId":"-ex-example"},{"extension":[{"url":"http://hl7.org/fhir/StructureDefinition/implementationguide-page","valueUri":"Patient-PatientExample4.html"}],"reference":{"reference":"Patient/PatientExample4"},"name":"PatientExample4","description":"Patient with CRID and MRN, Race=Black or African American, Ethnicity=Unknown","exampleCanonical":"http://fhir.nmdp.org/ig/cibmtr-reporting/StructureDefinition/cibmtr-patient","groupingId":"-ex-example"},{"extension":[{"url":"http://hl7.org/fhir/StructureDefinition/implementationguide-page","valueUri":"Patient-PatientExample5.html"}],"reference":{"reference":"Patient/PatientExample5"},"name":"PatientExample5","description":"Patient with CRID & MRN, Race=Mixed, Ethnicity=Not Hispanic or Latino","exampleCanonical":"http://fhir.nmdp.org/ig/cibmtr-reporting/StructureDefinition/cibmtr-patient","groupingId":"-ex-example"}],"page":{"nameUrl":"toc.html","title":"Table of Contents","generation":"html","page":[{"nameUrl":"index.html","title":"Home","generation":"html"},{"nameUrl":"Connection-Guide.html","title":"Connection Guide","generation":"markdown"},{"nameUrl":"CRID-Assignment.html","title":"CRID Assignment","generation":"markdown"},{"nameUrl":"Direct-FHIR-STU3.html","title":"Direct FHIR STU 3","generation":"html"},{"nameUrl":"Form-2450.html","title":"Form 2450","generation":"markdown"},{"nameUrl":"Laboratory-Observations.html","title":"Laboratory Observations","generation":"markdown"},{"nameUrl":"Medications.html","title":"Medications","generation":"markdown"},{"nameUrl":"artifacts.html","title":"Artifacts Summary","generation":"html","page":[{"nameUrl":"StructureDefinition-cibmtr-obs-priority-variables.html","title":"CIBMTR Observation Laboratory Results: Priority Variables","generation":"generated"},{"nameUrl":"StructureDefinition-cibmtr-observation-lab.html","title":"CIBMTR Observation Laboratory Results Profile (us-core)","generation":"generated"},{"nameUrl":"StructureDefinition-cibmtr-patient.html","title":"CIBMTR Patient Profile (us-core)","generation":"generated"},{"nameUrl":"StructureDefinition-cibmtr-additional-peri-transplant-medication.html","title":"CIBMTR Additional Drugs in Peri-Transplant Period","generation":"generated"},{"nameUrl":"StructureDefinition-cibmtr-gvhd-prophylaxis-medication.html","title":"CIBMTR GVHD Prophylaxis Medication","generation":"generated"},{"nameUrl":"StructureDefinition-cibmtr-medication.html","title":"CIBMTR Medication (us-core)","generation":"generated"},{"nameUrl":"StructureDefinition-cibmtr-medication-administration.html","title":"CIBMTR Medication Administration (mcode)","generation":"generated"},{"nameUrl":"StructureDefinition-cibmtr-medication-dispense.html","title":"CIBMTR Medication Dispense","generation":"generated"},{"nameUrl":"StructureDefinition-cibmtr-medication-request.html","title":"CIBMTR Medication Request (mcode)","generation":"generated"},{"nameUrl":"StructureDefinition-cibmtr-mobilizing-agent-medication.html","title":"CIBMTR Mobilizing Agent Medication","generation":"generated"},{"nameUrl":"StructureDefinition-cibmtr-post-hct-disease-therapy-planned-medication.html","title":"CIBMTR Planned Post-HCT Disease Therapy Medication","generation":"generated"},{"nameUrl":"StructureDefinition-cibmtr-prep-regimen-medication.html","title":"CIBMTR Prep Regimen Medication","generation":"generated"},{"nameUrl":"StructureDefinition-cibmtr-prior-exposure-medication.html","title":"CIBMTR Prior Exposure Medication","generation":"generated"},{"nameUrl":"ValueSet-auto-differential-blood-vs.html","title":"Auto Differential panel - Blood (57023-4)","generation":"generated"},{"nameUrl":"ValueSet-cbc-blood-automated-vs.html","title":"CBC panel - Blood by Automated count (58410-2)","generation":"generated"},{"nameUrl":"ValueSet-cbc-w-auto-differential-blood-vs.html","title":"CBC W Auto Differential panel - Blood (57021-8)","generation":"generated"},{"nameUrl":"ValueSet-cbc-w-differential-unspecified-blood-vs.html","title":"CBC W Differential panel, method unspecified - Blood (69742-5)","generation":"generated"},{"nameUrl":"ValueSet-cbc-w-ordered-manual-differential-blood-vs.html","title":"CBC W Ordered Manual Differential panel - Blood (57782-5)","generation":"generated"},{"nameUrl":"ValueSet-differential-unspecified-blood-vs.html","title":"Differential panel, method unspecified - Blood (69738-3)","generation":"generated"},{"nameUrl":"ValueSet-erythrocyte-morphology-blood-vs.html","title":"Erythrocyte morphology panel - Blood (58408-6)","generation":"generated"},{"nameUrl":"ValueSet-gvhdtype-valueset.html","title":"GVHD Type Value Set","generation":"generated"},{"nameUrl":"ValueSet-hematopoietic-disorder-valueset.html","title":"Disorders of hematopoietic structure","generation":"generated"},{"nameUrl":"ValueSet-leukocyte-morphology-blood-vs.html","title":"Leukocyte morphology panel - Blood (58407-8)","generation":"generated"},{"nameUrl":"ValueSet-manual-differential-blood-vs.html","title":"Manual Differential panel - Blood (24318-8)","generation":"generated"},{"nameUrl":"ValueSet-platelet-morphology-blood-vs.html","title":"Platelet morphology panel - Blood (58406-0)","generation":"generated"},{"nameUrl":"ValueSet-presence-valueset.html","title":"Presence Answer List","generation":"generated"},{"nameUrl":"ValueSet-cibmtr-priority-variables-2021.html","title":"CIBMTR Priority Variables Value Set (FY21)","generation":"generated"},{"nameUrl":"ValueSet-cibmtr-priority-variables-2022.html","title":"CIBMTR Priority Variables Value Set (FY22)","generation":"generated"},{"nameUrl":"ValueSet-cibmtr-priority-variables-epic-2021.html","title":"CIBMTR Priority Variables Value Set for Epic App (FY21)","generation":"generated"},{"nameUrl":"ValueSet-med-addition-peri-transplant-vs.html","title":"RxNorm - Additional Drugs in Peri-Transplant Period","generation":"generated"},{"nameUrl":"ValueSet-med-alemtuzumab-vs.html","title":"RxNorm - Alemtuzumab","generation":"generated"},{"nameUrl":"ValueSet-med-all-form2400-vs.html","title":"RxNorm - All of Form 2400","generation":"generated"},{"nameUrl":"ValueSet-med-anti-thymocyte-globulin-vs.html","title":"RxNorm - Anti-Thymocyte Globulin","generation":"generated"},{"nameUrl":"ValueSet-med-bortezomib-vs.html","title":"RxNorm - Bortezomib","generation":"generated"},{"nameUrl":"ValueSet-med-busulfan-vs.html","title":"RxNorm - Busulfan","generation":"generated"},{"nameUrl":"ValueSet-med-carmustine-vs.html","title":"RxNorm - Carmustine","generation":"generated"},{"nameUrl":"ValueSet-med-cyclophosphamide-vs.html","title":"RxNorm - Cyclophosphamide","generation":"generated"},{"nameUrl":"ValueSet-med-cytarabine-vs.html","title":"RxNorm - Cytarabine","generation":"generated"},{"nameUrl":"ValueSet-med-defibrotide-vs.html","title":"RxNorm - Defibrotide","generation":"generated"},{"nameUrl":"ValueSet-med-etoposide-vs.html","title":"RxNorm - Etoposide","generation":"generated"},{"nameUrl":"ValueSet-med-fludarabine-vs.html","title":"RxNorm - Fludarabine","generation":"generated"},{"nameUrl":"ValueSet-med-gvhd-prophylaxis-vs.html","title":"RxNorm - GVHD Prophylaxis","generation":"generated"},{"nameUrl":"ValueSet-med-melphalan-vs.html","title":"RxNorm - Melphalan","generation":"generated"},{"nameUrl":"ValueSet-med-mobilizing-agents-vs.html","title":"RxNorm - Mobilizing Agents (auto only)","generation":"generated"},{"nameUrl":"ValueSet-med-post-hct-disease-therapy-planned-vs.html","title":"RxNorm - Post-HCT Disease Therapy Planned","generation":"generated"},{"nameUrl":"ValueSet-med-prep-regimen-vs.html","title":"RxNorm - Prep Regimen","generation":"generated"},{"nameUrl":"ValueSet-med-prior-exposure-vs.html","title":"RxNorm - Prior Exposure: Potential Study Eligibility","generation":"generated"},{"nameUrl":"ValueSet-med-rituximab-vs.html","title":"RxNorm - Rituximab","generation":"generated"},{"nameUrl":"ValueSet-med-thiotepa-vs.html","title":"RxNorm - Thiotepa","generation":"generated"},{"nameUrl":"ValueSet-med-treosulfan-vs.html","title":"RxNorm - Treosulfan","generation":"generated"},{"nameUrl":"ValueSet-med-ursodiol-vs.html","title":"RxNorm - Ursodiol","generation":"generated"},{"nameUrl":"ValueSet-smear-morphology-blood-vs.html","title":"Smear morphology panel - Blood (34994-4)","generation":"generated"},{"nameUrl":"CodeSystem-cibmtr-cadsr-cde.html","title":"NIH Common Data Elements for CIBMTR","generation":"generated"},{"nameUrl":"CodeSystem-cibmtr-cadsr-vm.html","title":"NIH Common Data Element Value Meanings for CIBMTR","generation":"generated"},{"nameUrl":"Observation-AlbuminObservation.html","title":"AlbuminObservation","generation":"generated"},{"nameUrl":"Observation-BasophilsObservation.html","title":"BasophilsObservation","generation":"generated"},{"nameUrl":"Observation-EosinophilsObservation.html","title":"EosinophilsObservation","generation":"generated"},{"nameUrl":"Observation-HemoglobinObservation.html","title":"HemoglobinObservation","generation":"generated"},{"nameUrl":"Observation-LeukocytesObservation.html","title":"LeukocytesObservation","generation":"generated"},{"nameUrl":"Observation-MetamyelocytesObservation.html","title":"MetamyelocytesObservation","generation":"generated"},{"nameUrl":"Observation-NeutrophilsObservation.html","title":"NeutrophilsObservation","generation":"generated"},{"nameUrl":"Patient-PatientExample1.html","title":"PatientExample1","generation":"generated"},{"nameUrl":"Patient-PatientExample2.html","title":"PatientExample2","generation":"generated"},{"nameUrl":"Patient-PatientExample3.html","title":"PatientExample3","generation":"generated"},{"nameUrl":"Patient-PatientExample4.html","title":"PatientExample4","generation":"generated"},{"nameUrl":"Patient-PatientExample5.html","title":"PatientExample5","generation":"generated"}]}]},"parameter":[{"code":"path-resource","value":"input/capabilities"},{"code":"path-resource","value":"input/examples"},{"code":"path-resource","value":"input/extensions"},{"code":"path-resource","value":"input/models"},{"code":"path-resource","value":"input/operations"},{"code":"path-resource","value":"input/profiles"},{"code":"path-resource","value":"input/resources"},{"code":"path-resource","value":"input/vocabulary"},{"code":"path-resource","value":"input/maps"},{"code":"path-resource","value":"input/testing"},{"code":"path-resource","value":"input/history"},{"code":"path-resource","value":"fsh-generated/resources"},{"code":"path-pages","value":"template/config"},{"code":"path-pages","value":"input/images"},{"code":"path-tx-cache","value":"input-cache/txcache"}]}}