{"resourceType":"ValueSet","id":"gvhd-all-valueset","text":{"status":"generated","div":"<div xmlns=\"http://www.w3.org/1999/xhtml\"><p>This value set includes codes based on the following rules:</p><ul><li>Import all the codes that are contained in <a href=\"ValueSet-gvhd-sct-codes.html\">http://fhir.nmdp.org/ig/cibmtr-reporting/ValueSet/gvhd-sct-codes</a></li><li>Import all the codes that are contained in <a href=\"ValueSet-gvhd-icd10-codes.html\">http://fhir.nmdp.org/ig/cibmtr-reporting/ValueSet/gvhd-icd10-codes</a></li></ul></div>"},"url":"http://fhir.nmdp.org/ig/cibmtr-reporting/ValueSet/gvhd-all-valueset","version":"0.1.5","name":"GVHDTypeValueSet","title":"GVHD Type Value Set","status":"active","experimental":true,"date":"2023-02-01T09:42:46-06:00","publisher":"The Medical College of Wisconsin, Inc. and the National Marrow Donor Program","contact":[{"name":"The Medical College of Wisconsin, Inc. and the National Marrow Donor Program","telecom":[{"system":"url","value":"http://www.cibmtr.org"}]},{"name":"Bob Milius","telecom":[{"system":"email","value":"bmilius@nmdp.org"}]}],"description":"Permissible values for types of Graft vs Host Disease, from SNOMED CT and ICD-10","compose":{"include":[{"valueSet":["http://fhir.nmdp.org/ig/cibmtr-reporting/ValueSet/gvhd-sct-codes"]},{"valueSet":["http://fhir.nmdp.org/ig/cibmtr-reporting/ValueSet/gvhd-icd10-codes"]}]}}