{"resourceType":"ValueSet","id":"smear-morphology-blood-vs","text":{"status":"generated","div":"<div xmlns=\"http://www.w3.org/1999/xhtml\"><p>This value set includes codes based on the following rules:</p><ul><li>Include these codes as defined in <a href=\"http://loinc.org\"><code>http://loinc.org</code></a><table class=\"none\"><tr><td style=\"white-space:nowrap\"><b>Code</b></td><td><b>Display</b></td></tr><tr><td><a href=\"https://loinc.org/9317-9/\">9317-9</a></td><td>Platelet adequacy [Presence] in Blood by Light microscopy</td></tr><tr><td><a href=\"https://loinc.org/18280-8/\">18280-8</a></td><td>Background stain [Presence] in Blood by Light microscopy</td></tr><tr><td><a href=\"https://loinc.org/32778-3/\">32778-3</a></td><td>Fibrin strands [Presence] in Blood by Light microscopy</td></tr><tr><td><a href=\"https://loinc.org/5909-7/\">5909-7</a></td><td>Blood smear finding [Identifier] in Blood by Light microscopy</td></tr></table></li><li>Import all the codes that are contained in <a href=\"ValueSet-erythrocyte-morphology-blood-vs.html\">http://fhir.nmdp.org/ig/cibmtr-reporting/ValueSet/erythrocyte-morphology-blood-vs</a></li><li>Import all the codes that are contained in <a href=\"ValueSet-leukocyte-morphology-blood-vs.html\">http://fhir.nmdp.org/ig/cibmtr-reporting/ValueSet/leukocyte-morphology-blood-vs</a></li><li>Import all the codes that are contained in <a href=\"ValueSet-platelet-morphology-blood-vs.html\">http://fhir.nmdp.org/ig/cibmtr-reporting/ValueSet/platelet-morphology-blood-vs</a></li></ul></div>"},"url":"http://fhir.nmdp.org/ig/cibmtr-reporting/ValueSet/smear-morphology-blood-vs","version":"0.1.5","name":"SmearMorphologyBloodVS","title":"Smear morphology panel - Blood (34994-4)","status":"active","experimental":true,"date":"2023-02-02T13:14:50-06:00","publisher":"The Medical College of Wisconsin, Inc. and the National Marrow Donor Program","contact":[{"name":"The Medical College of Wisconsin, Inc. and the National Marrow Donor Program","telecom":[{"system":"url","value":"http://www.cibmtr.org"}]},{"name":"Bob Milius","telecom":[{"system":"email","value":"bmilius@nmdp.org"}]}],"description":"Smear morphology panel - Blood (34994-4)","compose":{"include":[{"system":"http://loinc.org","concept":[{"code":"9317-9","display":"Platelet adequacy [Presence] in Blood by Light microscopy"},{"code":"18280-8","display":"Background stain [Presence] in Blood by Light microscopy"},{"code":"32778-3","display":"Fibrin strands [Presence] in Blood by Light microscopy"},{"code":"5909-7","display":"Blood smear finding [Identifier] in Blood by Light microscopy"}]},{"valueSet":["http://fhir.nmdp.org/ig/cibmtr-reporting/ValueSet/erythrocyte-morphology-blood-vs"]},{"valueSet":["http://fhir.nmdp.org/ig/cibmtr-reporting/ValueSet/leukocyte-morphology-blood-vs"]},{"valueSet":["http://fhir.nmdp.org/ig/cibmtr-reporting/ValueSet/platelet-morphology-blood-vs"]}]}}