{"resourceType":"ValueSet","id":"med-etoposide-vs","text":{"status":"generated","div":"<div xmlns=\"http://www.w3.org/1999/xhtml\"><ul><li>Include these codes as defined in <a href=\"http://www.nlm.nih.gov/research/umls/rxnorm\"><code>http://www.nlm.nih.gov/research/umls/rxnorm</code></a><table class=\"none\"><tr><td style=\"white-space:nowrap\"><b>Code</b></td><td><b>Display</b></td></tr><tr><td>4179</td><td>etoposide</td></tr><tr><td>220347</td><td>Toposar</td></tr><tr><td>203058</td><td>Vepesid</td></tr><tr><td>274342</td><td>Etopophos</td></tr><tr><td>451835</td><td>etoposide 10 MG/ML</td></tr><tr><td>329753</td><td>etoposide 100 MG</td></tr><tr><td>564108</td><td>etoposide 100 MG [Vepesid]</td></tr><tr><td>105593</td><td>etoposide 100 MG Oral Capsule [Vepesid]</td></tr><tr><td>315912</td><td>etoposide 20 MG/ML</td></tr><tr><td>567639</td><td>etoposide 20 MG/ML [Toposar]</td></tr><tr><td>567640</td><td>etoposide 20 MG/ML [Vepesid]</td></tr><tr><td>206831</td><td>etoposide 20 MG/ML Injectable Solution [Toposar]</td></tr><tr><td>206832</td><td>etoposide 20 MG/ML Injectable Solution [Vepesid]</td></tr><tr><td>315913</td><td>etoposide 50 MG</td></tr><tr><td>564107</td><td>etoposide 50 MG [Vepesid]</td></tr><tr><td>105592</td><td>etoposide 50 MG Oral Capsule [Vepesid]</td></tr><tr><td>1157928</td><td>etoposide Injectable Product</td></tr><tr><td>376890</td><td>etoposide Injectable Solution</td></tr><tr><td>362881</td><td>etoposide Injectable Solution [Toposar]</td></tr><tr><td>362972</td><td>etoposide Injectable Solution [Vepesid]</td></tr><tr><td>1734339</td><td>etoposide Injection</td></tr><tr><td>372132</td><td>etoposide Oral Capsule</td></tr><tr><td>366233</td><td>etoposide Oral Capsule [Vepesid]</td></tr><tr><td>1157929</td><td>etoposide Oral Product</td></tr><tr><td>1157930</td><td>etoposide Pill</td></tr><tr><td>1178005</td><td>Toposar Injectable Product</td></tr><tr><td>1187877</td><td>Vepesid Injectable Product</td></tr><tr><td>1187878</td><td>Vepesid Oral Product</td></tr><tr><td>1187879</td><td>Vepesid Pill</td></tr></table></li></ul></div>"},"url":"http://fhir.nmdp.org/ig/cibmtr-reporting/ValueSet/med-etoposide-vs","version":"0.1.4a","name":"RxNormEtoposideVS","title":"RxNorm - Etoposide","status":"active","date":"2022-08-10T08:52:57-05:00","publisher":"The Medical College of Wisconsin, Inc. and the National Marrow Donor Program","contact":[{"name":"The Medical College of Wisconsin, Inc. and the National Marrow Donor Program","telecom":[{"system":"url","value":"http://www.cibmtr.org"}]},{"name":"Bob Milius","telecom":[{"system":"email","value":"bmilius@nmdp.org"}]}],"description":"RxNorm codes for Etoposide ","compose":{"include":[{"system":"http://www.nlm.nih.gov/research/umls/rxnorm","concept":[{"code":"4179","display":"etoposide"},{"code":"220347","display":"Toposar"},{"code":"203058","display":"Vepesid"},{"code":"274342","display":"Etopophos"},{"code":"451835","display":"etoposide 10 MG/ML"},{"code":"329753","display":"etoposide 100 MG"},{"code":"564108","display":"etoposide 100 MG [Vepesid]"},{"code":"105593","display":"etoposide 100 MG Oral Capsule [Vepesid]"},{"code":"315912","display":"etoposide 20 MG/ML"},{"code":"567639","display":"etoposide 20 MG/ML [Toposar]"},{"code":"567640","display":"etoposide 20 MG/ML [Vepesid]"},{"code":"206831","display":"etoposide 20 MG/ML Injectable Solution [Toposar]"},{"code":"206832","display":"etoposide 20 MG/ML Injectable Solution [Vepesid]"},{"code":"315913","display":"etoposide 50 MG"},{"code":"564107","display":"etoposide 50 MG [Vepesid]"},{"code":"105592","display":"etoposide 50 MG Oral Capsule [Vepesid]"},{"code":"1157928","display":"etoposide Injectable Product"},{"code":"376890","display":"etoposide Injectable Solution"},{"code":"362881","display":"etoposide Injectable Solution [Toposar]"},{"code":"362972","display":"etoposide Injectable Solution [Vepesid]"},{"code":"1734339","display":"etoposide Injection"},{"code":"372132","display":"etoposide Oral Capsule"},{"code":"366233","display":"etoposide Oral Capsule [Vepesid]"},{"code":"1157929","display":"etoposide Oral Product"},{"code":"1157930","display":"etoposide Pill"},{"code":"1178005","display":"Toposar Injectable Product"},{"code":"1187877","display":"Vepesid Injectable Product"},{"code":"1187878","display":"Vepesid Oral Product"},{"code":"1187879","display":"Vepesid Pill"}]}]}}