<?xml version="1.0" encoding="UTF-8"?>

<Patient xmlns="http://hl7.org/fhir">
  <id value="PatientExample3"/>
  <meta>
    <profile value="http://fhir.nmdp.org/ig/cibmtr-reporting/StructureDefinition/cibmtr-patient"/>
    <security>
      <system value="http://terminology.cibmtr.org/codesystem/transplant-center"/>
      <code value="rc_99999"/>
      <display value="99999 My Transplant Center"/>
    </security>
  </meta>
  <text>
    <status value="generated"/><div xmlns="http://www.w3.org/1999/xhtml"><p class="res-header-id"><b>Generated Narrative: Patient PatientExample3</b></p><a name="PatientExample3"> </a><a name="hcPatientExample3"> </a><a name="PatientExample3-en-US"> </a><p style="border: 1px #661aff solid; background-color: #e6e6ff; padding: 10px;">Jane Doe  Female, DoB: 1944-01-29 ( http://example.org/mrn#abc)</p><hr/><table class="grid"><tr><td style="background-color: #f3f5da" title="Other Id (see the one above)">Other Id:</td><td colspan="3"><code>http://terminology.cibmtr.org/identifier/CRID</code>/123456</td></tr><tr><td style="background-color: #f3f5da" title="Ways to contact the Patient">Contact Detail</td><td colspan="3">Garland Texas (home)</td></tr><tr><td style="background-color: #f3f5da" title="Patient Links">Links:</td><td colspan="3"><ul><li>Managing Organization: Good Health Medical Center (Identifier: <code>http://terminology.cibmtr.org/identifier/transplant-center</code>/00000)</li></ul></td></tr><tr><td style="background-color: #f3f5da" title="Concepts classifying the person into a named category of humans sharing common history, traits, geographical origin or nationality.  The ethnicity codes used to represent these concepts are based upon the [CDC ethnicity and Ethnicity Code Set Version 1.0](http://www.cdc.gov/phin/resources/vocabulary/index.html) which includes over 900 concepts for representing race and ethnicity of which 43 reference ethnicity.  The ethnicity concepts are grouped by and pre-mapped to the 2 OMB ethnicity categories: - Hispanic or Latino - Not Hispanic or Latino.">US Core Ethnicity Extension:</td><td colspan="3"><ul><li>text: Unknown</li></ul></td></tr><tr><td style="background-color: #f3f5da" title="Concepts classifying the person into a named category of humans sharing common history, traits, geographical origin or nationality.  The race codes used to represent these concepts are based upon the [CDC Race and Ethnicity Code Set Version 1.0](http://www.cdc.gov/phin/resources/vocabulary/index.html#3) which includes over 900 concepts for representing race and ethnicity of which 921 reference race.  The race concepts are grouped by and pre-mapped to the 5 OMB race categories:

 - American Indian or Alaska Native
 - Asian
 - Black or African American
 - Native Hawaiian or Other Pacific Islander
 - White.">US Core Race Extension:</td><td colspan="3"><ul><li>text: White Caucasian</li><li>ombCategory: <a href="http://hl7.org/fhir/us/core/STU4/CodeSystem-cdcrec.html#cdcrec-2106-3">Race &amp; Ethnicity - CDC 2106-3</a>: White</li></ul></td></tr></table></div>
  </text>
  <extension url="http://hl7.org/fhir/us/core/StructureDefinition/us-core-race">
    <extension url="text">
      <valueString value="White Caucasian"/>
    </extension>
    <extension url="ombCategory">
      <valueCoding>
        <system value="urn:oid:2.16.840.1.113883.6.238"/>
        <code value="2106-3"/>
        <display value="White"/>
      </valueCoding>
    </extension>
  </extension>
  <extension url="http://hl7.org/fhir/us/core/StructureDefinition/us-core-ethnicity">
    <extension url="text">
      <valueString value="Unknown"/>
    </extension>
  </extension>
  <identifier>
    <system value="http://example.org/mrn"/>
    <value value="abc"/>
  </identifier>
  <identifier>
    <system value="http://terminology.cibmtr.org/identifier/CRID"/>
    <value value="123456"/>
  </identifier>
  <name>
    <family value="Doe"/>
    <given value="Jane"/>
  </name>
  <gender value="female"/>
  <birthDate value="1944-01-29"/>
  <address>
    <use value="home"/>
    <city value="Garland"/>
    <state value="Texas"/>
  </address>
  <managingOrganization>
    <identifier>
      <system value="http://terminology.cibmtr.org/identifier/transplant-center"/>
      <value value="00000"/>
    </identifier>
    <display value="Good Health Medical Center"/>
  </managingOrganization>
</Patient>