<?xml version="1.0" encoding="UTF-8"?>

<CodeSystem xmlns="http://hl7.org/fhir">
  <id value="cibmtr-cadsr-vm"/>
  <text>
    <status value="generated"/><div xmlns="http://www.w3.org/1999/xhtml"><p>This code system http://cdebrowser.nci.nih.gov defines many codes, of which the following are a subset:</p><table class="codes"><tr><td style="white-space:nowrap"><b>Code</b></td><td><b>Display</b></td></tr><tr><td style="white-space:nowrap">$CADSR:4722619<a name="cibmtr-cadsr-vm-.36CADSR.584722619"> </a></td><td>Acute GVHD</td></tr><tr><td style="white-space:nowrap">$CADSR:2991794<a name="cibmtr-cadsr-vm-.36CADSR.582991794"> </a></td><td>Classic cGVHD</td></tr><tr><td style="white-space:nowrap">$CADSR:2991795<a name="cibmtr-cadsr-vm-.36CADSR.582991795"> </a></td><td>Overlap cGVHD</td></tr><tr><td style="white-space:nowrap">$CADSR:2991796<a name="cibmtr-cadsr-vm-.36CADSR.582991796"> </a></td><td>Late Acute GVHD</td></tr><tr><td style="white-space:nowrap">$CADSR:3261243<a name="cibmtr-cadsr-vm-.36CADSR.583261243"> </a></td><td>Not Applicable</td></tr></table></div>
  </text>
  <url value="http://cdebrowser.nci.nih.gov"/>
  <version value="0.1.4a"/>
  <name value="CADSR_VM_CS"/>
  <title value="NIH Common Data Element Value Meanings for CIBMTR"/>
  <status value="active"/>
  <experimental value="false"/>
  <date value="2022-05-27T13:25:29-05:00"/>
  <publisher value="The Medical College of Wisconsin, Inc. and the National Marrow Donor Program"/>
  <contact>
    <name value="The Medical College of Wisconsin, Inc. and the National Marrow Donor Program"/>
    <telecom>
      <system value="url"/>
      <value value="http://www.cibmtr.org"/>
    </telecom>
  </contact>
  <contact>
    <name value="Bob Milius"/>
    <telecom>
      <system value="email"/>
      <value value="bmilius@nmdp.org"/>
    </telecom>
  </contact>
  <description value="NIH Common Data Element Value Meanings for CIBMTR"/>
  <copyright value="National Cancer Institute (NCI)"/>
  <content value="fragment"/>
  <concept>
    <code value="$CADSR:4722619"/>
    <display value="Acute GVHD"/>
  </concept>
  <concept>
    <code value="$CADSR:2991794"/>
    <display value="Classic cGVHD"/>
  </concept>
  <concept>
    <code value="$CADSR:2991795"/>
    <display value="Overlap cGVHD"/>
  </concept>
  <concept>
    <code value="$CADSR:2991796"/>
    <display value="Late Acute GVHD"/>
  </concept>
  <concept>
    <code value="$CADSR:3261243"/>
    <display value="Not Applicable"/>
  </concept>
</CodeSystem>