<?xml version="1.0" encoding="UTF-8"?><ValueSet xmlns="http://hl7.org/fhir"><id value="smear-morphology-blood-vs"/><text><status value="generated"/><div xmlns="http://www.w3.org/1999/xhtml"><p class="res-header-id"><b>Generated Narrative: ValueSet smear-morphology-blood-vs</b></p><a name="smear-morphology-blood-vs"> </a><a name="hcsmear-morphology-blood-vs"> </a><a name="smear-morphology-blood-vs-en-US"> </a><p>This value set includes codes based on the following rules:</p><ul><li>Include these codes as defined in <a href="http://loinc.org"><code>http://loinc.org</code></a><table class="none"><tr><td style="white-space:nowrap"><b>Code</b></td><td><b>Display</b></td></tr><tr><td><a href="https://loinc.org/9317-9/">9317-9</a></td><td>Platelet adequacy [Presence] in Blood by Light microscopy</td></tr><tr><td><a href="https://loinc.org/18280-8/">18280-8</a></td><td>Background stain [Presence] in Blood by Light microscopy</td></tr><tr><td><a href="https://loinc.org/32778-3/">32778-3</a></td><td>Fibrin strands [Presence] in Blood by Light microscopy</td></tr><tr><td><a href="https://loinc.org/5909-7/">5909-7</a></td><td>Blood smear finding [Identifier] in Blood by Light microscopy</td></tr></table></li><li>Import all the codes that are contained in <a href="ValueSet-erythrocyte-morphology-blood-vs.html">Erythrocyte morphology panel - Blood (58408-6)</a></li><li>Import all the codes that are contained in <a href="ValueSet-leukocyte-morphology-blood-vs.html">Leukocyte morphology panel - Blood (58407-8)</a></li><li>Import all the codes that are contained in <a href="ValueSet-platelet-morphology-blood-vs.html">Platelet morphology panel - Blood (58406-0)</a></li></ul></div></text><url value="http://fhir.nmdp.org/ig/cibmtr-reporting/ValueSet/smear-morphology-blood-vs"/><version value="0.1.7"/><name value="SmearMorphologyBloodVS"/><title value="Smear morphology panel - Blood (34994-4)"/><status value="draft"/><experimental value="true"/><date value="2024-08-27T10:27:06-05:00"/><publisher value="The Medical College of Wisconsin, Inc. and the National Marrow Donor Program"/><contact><name value="The Medical College of Wisconsin, Inc. and the National Marrow Donor Program"/><telecom><system value="url"/><value value="http://www.cibmtr.org"/></telecom></contact><contact><name value="Bob Milius"/><telecom><system value="email"/><value value="bmilius@nmdp.org"/></telecom></contact><description value="Smear morphology panel - Blood (34994-4)"/><compose><include><system value="http://loinc.org"/><concept><code value="9317-9"/><display value="Platelet adequacy [Presence] in Blood by Light microscopy"/></concept><concept><code value="18280-8"/><display value="Background stain [Presence] in Blood by Light microscopy"/></concept><concept><code value="32778-3"/><display value="Fibrin strands [Presence] in Blood by Light microscopy"/></concept><concept><code value="5909-7"/><display value="Blood smear finding [Identifier] in Blood by Light microscopy"/></concept></include><include><valueSet value="http://fhir.nmdp.org/ig/cibmtr-reporting/ValueSet/erythrocyte-morphology-blood-vs"/></include><include><valueSet value="http://fhir.nmdp.org/ig/cibmtr-reporting/ValueSet/leukocyte-morphology-blood-vs"/></include><include><valueSet value="http://fhir.nmdp.org/ig/cibmtr-reporting/ValueSet/platelet-morphology-blood-vs"/></include></compose></ValueSet>