{
  "resourceType": "ValueSet",
  "id": "cibmtr-priority-variables-vs",
  "text": {
    "status": "generated",
    "div": "<div xmlns=\"http://www.w3.org/1999/xhtml\"><ul><li>Include these codes as defined in <a href=\"http://loinc.org\"><code>http://loinc.org</code></a><table class=\"none\"><tr><td style=\"white-space:nowrap\"><b>Code</b></td><td><b>Display</b></td></tr><tr><td><a href=\"http://details.loinc.org/LOINC/30412-1.html\">30412-1</a></td><td>Abnormal lymphocytes [#/volume] in Blood</td></tr><tr><td><a href=\"http://details.loinc.org/LOINC/30413-9.html\">30413-9</a></td><td>Abnormal lymphocytes/100 leukocytes in Blood</td></tr><tr><td><a href=\"http://details.loinc.org/LOINC/7789-1.html\">7789-1</a></td><td>Acanthocytes [Presence] in Blood by Light microscopy</td></tr><tr><td><a href=\"http://details.loinc.org/LOINC/1751-7.html\">1751-7</a></td><td>Albumin [Mass/volume] in Serum or Plasma</td></tr><tr><td><a href=\"http://details.loinc.org/LOINC/61151-7.html\">61151-7</a></td><td>Albumin [Mass/volume] in Serum or Plasma by Bromocresol green (BCG) dye binding method</td></tr><tr><td><a href=\"http://details.loinc.org/LOINC/61152-5.html\">61152-5</a></td><td>Albumin [Mass/volume] in Serum or Plasma by Bromocresol purple (BCP) dye binding method</td></tr><tr><td><a href=\"http://details.loinc.org/LOINC/2862-1.html\">2862-1</a></td><td>Albumin [Mass/volume] in Serum or Plasma by Electrophoresis</td></tr><tr><td><a href=\"http://details.loinc.org/LOINC/702-1.html\">702-1</a></td><td>Anisocytosis [Presence] in Blood by Light microscopy</td></tr><tr><td><a href=\"http://details.loinc.org/LOINC/11281-3.html\">11281-3</a></td><td>Auer rods [Presence] in Blood by Light microscopy</td></tr><tr><td><a href=\"http://details.loinc.org/LOINC/18280-8.html\">18280-8</a></td><td>Background stain [Presence] in Blood by Light microscopy</td></tr><tr><td><a href=\"http://details.loinc.org/LOINC/26507-4.html\">26507-4</a></td><td>Band form neutrophils [#/volume] in Blood</td></tr><tr><td><a href=\"http://details.loinc.org/LOINC/30229-9.html\">30229-9</a></td><td>Band form neutrophils [#/volume] in Blood by Automated count</td></tr><tr><td><a href=\"http://details.loinc.org/LOINC/26508-2.html\">26508-2</a></td><td>Band form neutrophils/100 leukocytes in Blood</td></tr><tr><td><a href=\"http://details.loinc.org/LOINC/35332-6.html\">35332-6</a></td><td>Band form neutrophils/100 leukocytes in Blood by Automated count</td></tr><tr><td><a href=\"http://details.loinc.org/LOINC/764-1.html\">764-1</a></td><td>Band form neutrophils/100 leukocytes in Blood by Manual count</td></tr><tr><td><a href=\"http://details.loinc.org/LOINC/703-9.html\">703-9</a></td><td>Basophilic stippling [Presence] in Blood by Light microscopy</td></tr><tr><td><a href=\"http://details.loinc.org/LOINC/26444-0.html\">26444-0</a></td><td>Basophils [#/volume] in Blood</td></tr><tr><td><a href=\"http://details.loinc.org/LOINC/704-7.html\">704-7</a></td><td>Basophils [#/volume] in Blood by Automated count</td></tr><tr><td><a href=\"http://details.loinc.org/LOINC/30180-4.html\">30180-4</a></td><td>Basophils/100 leukocytes in Blood</td></tr><tr><td><a href=\"http://details.loinc.org/LOINC/706-2.html\">706-2</a></td><td>Basophils/100 leukocytes in Blood by Automated count</td></tr><tr><td><a href=\"http://details.loinc.org/LOINC/707-0.html\">707-0</a></td><td>Basophils/100 leukocytes in Blood by Manual count</td></tr><tr><td><a href=\"http://details.loinc.org/LOINC/1952-1.html\">1952-1</a></td><td>Beta-2-Microglobulin [Mass/volume] in Serum or Plasma</td></tr><tr><td><a href=\"http://details.loinc.org/LOINC/76484-5.html\">76484-5</a></td><td>Beta-2-Microglobulin [Moles/volume] in Serum or Plasma</td></tr><tr><td><a href=\"http://details.loinc.org/LOINC/35194-0.html\">35194-0</a></td><td>Bilirubin.total [Mass or Moles/volume] in Serum or Plasma</td></tr><tr><td><a href=\"http://details.loinc.org/LOINC/1975-2.html\">1975-2</a></td><td>Bilirubin.total [Mass/volume] in Serum or Plasma</td></tr><tr><td><a href=\"http://details.loinc.org/LOINC/14631-6.html\">14631-6</a></td><td>Bilirubin.total [Moles/volume] in Serum or Plasma</td></tr><tr><td><a href=\"http://details.loinc.org/LOINC/77137-8.html\">77137-8</a></td><td>Bilirubin.total [Moles/volume] in Serum, Plasma or Blood</td></tr><tr><td><a href=\"http://details.loinc.org/LOINC/10371-3.html\">10371-3</a></td><td>Bite cells [Presence] in Blood by Light microscopy</td></tr><tr><td><a href=\"http://details.loinc.org/LOINC/30376-8.html\">30376-8</a></td><td>Blasts [#/volume] in Blood</td></tr><tr><td><a href=\"http://details.loinc.org/LOINC/11150-0.html\">11150-0</a></td><td>Blasts/100 cells in Bone marrow</td></tr><tr><td><a href=\"http://details.loinc.org/LOINC/26446-5.html\">26446-5</a></td><td>Blasts/100 leukocytes in Blood</td></tr><tr><td><a href=\"http://details.loinc.org/LOINC/709-6.html\">709-6</a></td><td>Blasts/100 leukocytes in Blood by Manual count</td></tr><tr><td><a href=\"http://details.loinc.org/LOINC/71669-6.html\">71669-6</a></td><td>Blasts/Leukocytes [Pure number fraction] in Blood by Manual count</td></tr><tr><td><a href=\"http://details.loinc.org/LOINC/10372-1.html\">10372-1</a></td><td>Blister cells [Presence] in Blood by Light microscopy</td></tr><tr><td><a href=\"http://details.loinc.org/LOINC/5909-7.html\">5909-7</a></td><td>Blood smear finding [Identifier] in Blood by Light microscopy</td></tr><tr><td><a href=\"http://details.loinc.org/LOINC/7790-9.html\">7790-9</a></td><td>Burr cells [Presence] in Blood by Light microscopy</td></tr><tr><td><a href=\"http://details.loinc.org/LOINC/11280-5.html\">11280-5</a></td><td>Cabot rings [Presence] in Blood by Light microscopy</td></tr><tr><td><a href=\"http://details.loinc.org/LOINC/33255-1.html\">33255-1</a></td><td>Cell Fractions/Differential [Interpretation] in Blood</td></tr><tr><td><a href=\"http://details.loinc.org/LOINC/7791-7.html\">7791-7</a></td><td>Dacrocytes [Presence] in Blood by Light microscopy</td></tr><tr><td><a href=\"http://details.loinc.org/LOINC/7792-5.html\">7792-5</a></td><td>Dohle body [Presence] in Blood by Light microscopy</td></tr><tr><td><a href=\"http://details.loinc.org/LOINC/11274-8.html\">11274-8</a></td><td>Elliptocytes [Presence] in Blood by Light microscopy</td></tr><tr><td><a href=\"http://details.loinc.org/LOINC/26449-9.html\">26449-9</a></td><td>Eosinophils [#/volume] in Blood</td></tr><tr><td><a href=\"http://details.loinc.org/LOINC/711-2.html\">711-2</a></td><td>Eosinophils [#/volume] in Blood by Automated count</td></tr><tr><td><a href=\"http://details.loinc.org/LOINC/26450-7.html\">26450-7</a></td><td>Eosinophils/100 leukocytes in Blood</td></tr><tr><td><a href=\"http://details.loinc.org/LOINC/713-8.html\">713-8</a></td><td>Eosinophils/100 leukocytes in Blood by Automated count</td></tr><tr><td><a href=\"http://details.loinc.org/LOINC/714-6.html\">714-6</a></td><td>Eosinophils/100 leukocytes in Blood by Manual count</td></tr><tr><td><a href=\"http://details.loinc.org/LOINC/30384-2.html\">30384-2</a></td><td>Erythrocyte distribution width [Entitic volume]</td></tr><tr><td><a href=\"http://details.loinc.org/LOINC/21000-5.html\">21000-5</a></td><td>Erythrocyte distribution width [Entitic volume] by Automated count</td></tr><tr><td><a href=\"http://details.loinc.org/LOINC/30385-9.html\">30385-9</a></td><td>Erythrocyte distribution width [Ratio]</td></tr><tr><td><a href=\"http://details.loinc.org/LOINC/788-0.html\">788-0</a></td><td>Erythrocyte distribution width [Ratio] by Automated count</td></tr><tr><td><a href=\"http://details.loinc.org/LOINC/49121-7.html\">49121-7</a></td><td>Erythrocyte inclusion bodies [Identifier] in Blood</td></tr><tr><td><a href=\"http://details.loinc.org/LOINC/6742-1.html\">6742-1</a></td><td>Erythrocyte morphology finding [Identifier] in Blood</td></tr><tr><td><a href=\"http://details.loinc.org/LOINC/26453-1.html\">26453-1</a></td><td>Erythrocytes [#/volume] in Blood</td></tr><tr><td><a href=\"http://details.loinc.org/LOINC/789-8.html\">789-8</a></td><td>Erythrocytes [#/volume] in Blood by Automated count</td></tr><tr><td><a href=\"http://details.loinc.org/LOINC/790-6.html\">790-6</a></td><td>Erythrocytes [#/volume] in Blood by Manual count</td></tr><tr><td><a href=\"http://details.loinc.org/LOINC/10379-6.html\">10379-6</a></td><td>Erythrocytes.dual population [Presence] in Blood by Light microscopy</td></tr><tr><td><a href=\"http://details.loinc.org/LOINC/35209-6.html\">35209-6</a></td><td>Ferritin [Mass or Moles/volume] in Serum or Plasma</td></tr><tr><td><a href=\"http://details.loinc.org/LOINC/24373-3.html\">24373-3</a></td><td>Ferritin [Mass/volume] in Blood</td></tr><tr><td><a href=\"http://details.loinc.org/LOINC/2276-4.html\">2276-4</a></td><td>Ferritin [Mass/volume] in Serum or Plasma</td></tr><tr><td><a href=\"http://details.loinc.org/LOINC/20567-4.html\">20567-4</a></td><td>Ferritin [Mass/volume] in Serum or Plasma by Immunoassay</td></tr><tr><td><a href=\"http://details.loinc.org/LOINC/14723-1.html\">14723-1</a></td><td>Ferritin [Moles/volume] in Serum or Plasma</td></tr><tr><td><a href=\"http://details.loinc.org/LOINC/86914-9.html\">86914-9</a></td><td>Ferritin goal [Mass/volume] Serum or Plasma</td></tr><tr><td><a href=\"http://details.loinc.org/LOINC/32778-3.html\">32778-3</a></td><td>Fibrin strands [Presence] in Blood by Light microscopy</td></tr><tr><td><a href=\"http://details.loinc.org/LOINC/10373-9.html\">10373-9</a></td><td>Fragments [Presence] in Blood by Light microscopy</td></tr><tr><td><a href=\"http://details.loinc.org/LOINC/5908-9.html\">5908-9</a></td><td>Giant platelets [Presence] in Blood by Light microscopy</td></tr><tr><td><a href=\"http://details.loinc.org/LOINC/30394-1.html\">30394-1</a></td><td>Granulocytes [#/volume] in Blood</td></tr><tr><td><a href=\"http://details.loinc.org/LOINC/30395-8.html\">30395-8</a></td><td>Granulocytes/100 leukocytes in Blood</td></tr><tr><td><a href=\"http://details.loinc.org/LOINC/19023-1.html\">19023-1</a></td><td>Granulocytes/100 leukocytes in Blood by Automated count</td></tr><tr><td><a href=\"http://details.loinc.org/LOINC/30397-4.html\">30397-4</a></td><td>Hairy cells [#/volume] in Blood</td></tr><tr><td><a href=\"http://details.loinc.org/LOINC/35058-7.html\">35058-7</a></td><td>Hairy cells/100 leukocytes in Blood</td></tr><tr><td><a href=\"http://details.loinc.org/LOINC/716-1.html\">716-1</a></td><td>Heinz bodies [Presence] in Blood by Light microscopy</td></tr><tr><td><a href=\"http://details.loinc.org/LOINC/10374-7.html\">10374-7</a></td><td>Helmet cells [Presence] in Blood by Light microscopy</td></tr><tr><td><a href=\"http://details.loinc.org/LOINC/71832-0.html\">71832-0</a></td><td>Hematocrit [Pure volume fraction] of Arterial blood</td></tr><tr><td><a href=\"http://details.loinc.org/LOINC/71833-8.html\">71833-8</a></td><td>Hematocrit [Pure volume fraction] of Blood by Automated count</td></tr><tr><td><a href=\"http://details.loinc.org/LOINC/71831-2.html\">71831-2</a></td><td>Hematocrit [Pure volume fraction] of Capillary blood</td></tr><tr><td><a href=\"http://details.loinc.org/LOINC/71830-4.html\">71830-4</a></td><td>Hematocrit [Pure volume fraction] of Mixed venous blood</td></tr><tr><td><a href=\"http://details.loinc.org/LOINC/71829-6.html\">71829-6</a></td><td>Hematocrit [Pure volume fraction] of Venous blood</td></tr><tr><td><a href=\"http://details.loinc.org/LOINC/32354-3.html\">32354-3</a></td><td>Hematocrit [Volume Fraction] of Arterial blood</td></tr><tr><td><a href=\"http://details.loinc.org/LOINC/20570-8.html\">20570-8</a></td><td>Hematocrit [Volume Fraction] of Blood</td></tr><tr><td><a href=\"http://details.loinc.org/LOINC/4544-3.html\">4544-3</a></td><td>Hematocrit [Volume Fraction] of Blood by Automated count</td></tr><tr><td><a href=\"http://details.loinc.org/LOINC/4545-0.html\">4545-0</a></td><td>Hematocrit [Volume Fraction] of Blood by Centrifugation</td></tr><tr><td><a href=\"http://details.loinc.org/LOINC/48703-3.html\">48703-3</a></td><td>Hematocrit [Volume Fraction] of Blood by Estimated</td></tr><tr><td><a href=\"http://details.loinc.org/LOINC/31100-1.html\">31100-1</a></td><td>Hematocrit [Volume Fraction] of Blood by Impedance</td></tr><tr><td><a href=\"http://details.loinc.org/LOINC/42908-4.html\">42908-4</a></td><td>Hematocrit [Volume Fraction] of Capillary blood</td></tr><tr><td><a href=\"http://details.loinc.org/LOINC/41655-2.html\">41655-2</a></td><td>Hematocrit [Volume Fraction] of Mixed venous blood</td></tr><tr><td><a href=\"http://details.loinc.org/LOINC/41654-5.html\">41654-5</a></td><td>Hematocrit [Volume Fraction] of Venous blood</td></tr><tr><td><a href=\"http://details.loinc.org/LOINC/30313-1.html\">30313-1</a></td><td>Hemoglobin [Mass/volume] in Arterial blood</td></tr><tr><td><a href=\"http://details.loinc.org/LOINC/14775-1.html\">14775-1</a></td><td>Hemoglobin [Mass/volume] in Arterial blood by Oximetry</td></tr><tr><td><a href=\"http://details.loinc.org/LOINC/718-7.html\">718-7</a></td><td>Hemoglobin [Mass/volume] in Blood</td></tr><tr><td><a href=\"http://details.loinc.org/LOINC/20509-6.html\">20509-6</a></td><td>Hemoglobin [Mass/volume] in Blood by calculation</td></tr><tr><td><a href=\"http://details.loinc.org/LOINC/55782-7.html\">55782-7</a></td><td>Hemoglobin [Mass/volume] in Blood by Oximetry</td></tr><tr><td><a href=\"http://details.loinc.org/LOINC/30351-1.html\">30351-1</a></td><td>Hemoglobin [Mass/volume] in Mixed venous blood</td></tr><tr><td><a href=\"http://details.loinc.org/LOINC/76768-1.html\">76768-1</a></td><td>Hemoglobin [Mass/volume] in Mixed venous blood by Oximetry</td></tr><tr><td><a href=\"http://details.loinc.org/LOINC/30350-3.html\">30350-3</a></td><td>Hemoglobin [Mass/volume] in Venous blood</td></tr><tr><td><a href=\"http://details.loinc.org/LOINC/76769-9.html\">76769-9</a></td><td>Hemoglobin [Mass/volume] in Venous blood by Oximetry</td></tr><tr><td><a href=\"http://details.loinc.org/LOINC/75928-2.html\">75928-2</a></td><td>Hemoglobin [Moles/volume] in Arterial blood</td></tr><tr><td><a href=\"http://details.loinc.org/LOINC/59260-0.html\">59260-0</a></td><td>Hemoglobin [Moles/volume] in Blood</td></tr><tr><td><a href=\"http://details.loinc.org/LOINC/93846-4.html\">93846-4</a></td><td>Hemoglobin [Moles/volume] in Venous blood</td></tr><tr><td><a href=\"http://details.loinc.org/LOINC/71865-0.html\">71865-0</a></td><td>Hemoglobin F/Hemoglobin.total [Pure mass fraction] in Blood by Electrophoresis</td></tr><tr><td><a href=\"http://details.loinc.org/LOINC/71864-3.html\">71864-3</a></td><td>Hemoglobin F/Hemoglobin.total [Pure mass fraction] in Blood by HPLC</td></tr><tr><td><a href=\"http://details.loinc.org/LOINC/71863-5.html\">71863-5</a></td><td>Hemoglobin F/Hemoglobin.total [Pure mass fraction] in Blood by Kleihauer-Betke method</td></tr><tr><td><a href=\"http://details.loinc.org/LOINC/4576-5.html\">4576-5</a></td><td>Hemoglobin F/Hemoglobin.total in Blood</td></tr><tr><td><a href=\"http://details.loinc.org/LOINC/32682-7.html\">32682-7</a></td><td>Hemoglobin F/Hemoglobin.total in Blood by Electrophoresis</td></tr><tr><td><a href=\"http://details.loinc.org/LOINC/38524-5.html\">38524-5</a></td><td>Hemoglobin F/Hemoglobin.total in Blood by Electrophoresis alkaline (pH 8.9)</td></tr><tr><td><a href=\"http://details.loinc.org/LOINC/42246-9.html\">42246-9</a></td><td>Hemoglobin F/Hemoglobin.total in Blood by HPLC</td></tr><tr><td><a href=\"http://details.loinc.org/LOINC/4633-4.html\">4633-4</a></td><td>Hemoglobin F/Hemoglobin.total in Blood by Kleihauer-Betke method</td></tr><tr><td><a href=\"http://details.loinc.org/LOINC/7793-3.html\">7793-3</a></td><td>Howell-Jolly bodies [Presence] in Blood by Light microscopy</td></tr><tr><td><a href=\"http://details.loinc.org/LOINC/33249-4.html\">33249-4</a></td><td>Hyperchromia [Presence] in Blood by Light microscopy</td></tr><tr><td><a href=\"http://details.loinc.org/LOINC/728-6.html\">728-6</a></td><td>Hypochromia [Presence] in Blood by Light microscopy</td></tr><tr><td><a href=\"http://details.loinc.org/LOINC/34910-0.html\">34910-0</a></td><td>Immature basophils [#/volume] in Blood</td></tr><tr><td><a href=\"http://details.loinc.org/LOINC/34911-8.html\">34911-8</a></td><td>Immature basophils/100 leukocytes in Blood</td></tr><tr><td><a href=\"http://details.loinc.org/LOINC/34912-6.html\">34912-6</a></td><td>Immature eosinophils [#/volume] in Blood</td></tr><tr><td><a href=\"http://details.loinc.org/LOINC/34913-4.html\">34913-4</a></td><td>Immature eosinophils/100 leukocytes in Blood</td></tr><tr><td><a href=\"http://details.loinc.org/LOINC/34924-1.html\">34924-1</a></td><td>Immature monocytes [#/volume] in Blood</td></tr><tr><td><a href=\"http://details.loinc.org/LOINC/34925-8.html\">34925-8</a></td><td>Immature monocytes/100 leukocytes in Blood</td></tr><tr><td><a href=\"http://details.loinc.org/LOINC/35214-6.html\">35214-6</a></td><td>Iron [Mass or Moles/volume] in Serum or Plasma</td></tr><tr><td><a href=\"http://details.loinc.org/LOINC/2498-4.html\">2498-4</a></td><td>Iron [Mass/volume] in Serum or Plasma</td></tr><tr><td><a href=\"http://details.loinc.org/LOINC/14798-3.html\">14798-3</a></td><td>Iron [Moles/volume] in Serum or Plasma</td></tr><tr><td><a href=\"http://details.loinc.org/LOINC/35215-3.html\">35215-3</a></td><td>Iron binding capacity [Mass or Moles/volume] in Serum or Plasma</td></tr><tr><td><a href=\"http://details.loinc.org/LOINC/2500-7.html\">2500-7</a></td><td>Iron binding capacity [Mass/volume] in Serum or Plasma</td></tr><tr><td><a href=\"http://details.loinc.org/LOINC/14800-7.html\">14800-7</a></td><td>Iron binding capacity [Moles/volume] in Serum or Plasma</td></tr><tr><td><a href=\"http://details.loinc.org/LOINC/10375-4.html\">10375-4</a></td><td>Irregularly contracted cells [Presence] in Blood by Light microscopy</td></tr><tr><td><a href=\"http://details.loinc.org/LOINC/2532-0.html\">2532-0</a></td><td>Lactate dehydrogenase [Enzymatic activity/volume] in Serum or Plasma</td></tr><tr><td><a href=\"http://details.loinc.org/LOINC/14804-9.html\">14804-9</a></td><td>Lactate dehydrogenase [Enzymatic activity/volume] in Serum or Plasma by Lactate to pyruvate reaction</td></tr><tr><td><a href=\"http://details.loinc.org/LOINC/14805-6.html\">14805-6</a></td><td>Lactate dehydrogenase [Enzymatic activity/volume] in Serum or Plasma by Pyruvate to lactate reaction</td></tr><tr><td><a href=\"http://details.loinc.org/LOINC/35082-7.html\">35082-7</a></td><td>Large granular lymphocytes [#/volume] in Blood</td></tr><tr><td><a href=\"http://details.loinc.org/LOINC/30420-4.html\">30420-4</a></td><td>Large granular lymphocytes/100 leukocytes in Blood</td></tr><tr><td><a href=\"http://details.loinc.org/LOINC/26462-2.html\">26462-2</a></td><td>Large unstained cells [#/volume] in Blood</td></tr><tr><td><a href=\"http://details.loinc.org/LOINC/26463-0.html\">26463-0</a></td><td>Large unstained cells/100 leukocytes in Blood</td></tr><tr><td><a href=\"http://details.loinc.org/LOINC/11156-7.html\">11156-7</a></td><td>Leukocyte morphology finding [Identifier] in Blood</td></tr><tr><td><a href=\"http://details.loinc.org/LOINC/26464-8.html\">26464-8</a></td><td>Leukocytes [#/volume] in Blood</td></tr><tr><td><a href=\"http://details.loinc.org/LOINC/6690-2.html\">6690-2</a></td><td>Leukocytes [#/volume] in Blood by Automated count</td></tr><tr><td><a href=\"http://details.loinc.org/LOINC/49498-9.html\">49498-9</a></td><td>Leukocytes [#/volume] in Blood by Estimate</td></tr><tr><td><a href=\"http://details.loinc.org/LOINC/804-5.html\">804-5</a></td><td>Leukocytes [#/volume] in Blood by Manual count</td></tr><tr><td><a href=\"http://details.loinc.org/LOINC/30406-3.html\">30406-3</a></td><td>Leukocytes other [#/volume] in Blood</td></tr><tr><td><a href=\"http://details.loinc.org/LOINC/51383-8.html\">51383-8</a></td><td>Leukocytes other [#/volume] in Blood by Automated count</td></tr><tr><td><a href=\"http://details.loinc.org/LOINC/26471-3.html\">26471-3</a></td><td>Leukocytes other/100 leukocytes in Blood</td></tr><tr><td><a href=\"http://details.loinc.org/LOINC/35050-4.html\">35050-4</a></td><td>Lymphoblasts [#/volume] in Blood</td></tr><tr><td><a href=\"http://details.loinc.org/LOINC/34922-5.html\">34922-5</a></td><td>Lymphoblasts/100 leukocytes in Blood</td></tr><tr><td><a href=\"http://details.loinc.org/LOINC/26474-7.html\">26474-7</a></td><td>Lymphocytes [#/volume] in Blood</td></tr><tr><td><a href=\"http://details.loinc.org/LOINC/731-0.html\">731-0</a></td><td>Lymphocytes [#/volume] in Blood by Automated count</td></tr><tr><td><a href=\"http://details.loinc.org/LOINC/35039-7.html\">35039-7</a></td><td>Lymphocytes Plasmacytoid [#/volume] in Blood</td></tr><tr><td><a href=\"http://details.loinc.org/LOINC/34921-7.html\">34921-7</a></td><td>Lymphocytes Plasmacytoid/100 leukocytes in Blood</td></tr><tr><td><a href=\"http://details.loinc.org/LOINC/26478-8.html\">26478-8</a></td><td>Lymphocytes/100 leukocytes in Blood</td></tr><tr><td><a href=\"http://details.loinc.org/LOINC/736-9.html\">736-9</a></td><td>Lymphocytes/100 leukocytes in Blood by Automated count</td></tr><tr><td><a href=\"http://details.loinc.org/LOINC/30365-1.html\">30365-1</a></td><td>Lymphocytes/100 leukocytes in Blood by Flow cytometry (FC)</td></tr><tr><td><a href=\"http://details.loinc.org/LOINC/737-7.html\">737-7</a></td><td>Lymphocytes/100 leukocytes in Blood by Manual count</td></tr><tr><td><a href=\"http://details.loinc.org/LOINC/30422-0.html\">30422-0</a></td><td>Lymphoma cells [#/volume] in Blood</td></tr><tr><td><a href=\"http://details.loinc.org/LOINC/30423-8.html\">30423-8</a></td><td>Lymphoma cells/100 leukocytes in Blood</td></tr><tr><td><a href=\"http://details.loinc.org/LOINC/738-5.html\">738-5</a></td><td>Macrocytes [Presence] in Blood by Light microscopy</td></tr><tr><td><a href=\"http://details.loinc.org/LOINC/34914-2.html\">34914-2</a></td><td>Malignant cells [#/volume] in Blood</td></tr><tr><td><a href=\"http://details.loinc.org/LOINC/34915-9.html\">34915-9</a></td><td>Malignant cells/100 leukocytes in Blood</td></tr><tr><td><a href=\"http://details.loinc.org/LOINC/28539-5.html\">28539-5</a></td><td>MCH [Entitic mass]</td></tr><tr><td><a href=\"http://details.loinc.org/LOINC/785-6.html\">785-6</a></td><td>MCH [Entitic mass] by Automated count</td></tr><tr><td><a href=\"http://details.loinc.org/LOINC/59468-9.html\">59468-9</a></td><td>MCH [Entitic substance]</td></tr><tr><td><a href=\"http://details.loinc.org/LOINC/28540-3.html\">28540-3</a></td><td>MCHC [Mass/volume]</td></tr><tr><td><a href=\"http://details.loinc.org/LOINC/786-4.html\">786-4</a></td><td>MCHC [Mass/volume] by Automated count</td></tr><tr><td><a href=\"http://details.loinc.org/LOINC/59467-1.html\">59467-1</a></td><td>MCHC [Moles/volume]</td></tr><tr><td><a href=\"http://details.loinc.org/LOINC/30428-7.html\">30428-7</a></td><td>MCV [Entitic volume]</td></tr><tr><td><a href=\"http://details.loinc.org/LOINC/787-2.html\">787-2</a></td><td>MCV [Entitic volume] by Automated count</td></tr><tr><td><a href=\"http://details.loinc.org/LOINC/30433-7.html\">30433-7</a></td><td>Metamyelocytes [#/volume] in Blood</td></tr><tr><td><a href=\"http://details.loinc.org/LOINC/28541-1.html\">28541-1</a></td><td>Metamyelocytes/100 leukocytes in Blood</td></tr><tr><td><a href=\"http://details.loinc.org/LOINC/740-1.html\">740-1</a></td><td>Metamyelocytes/100 leukocytes in Blood by Manual count</td></tr><tr><td><a href=\"http://details.loinc.org/LOINC/741-9.html\">741-9</a></td><td>Microcytes [Presence] in Blood by Light microscopy</td></tr><tr><td><a href=\"http://details.loinc.org/LOINC/35029-8.html\">35029-8</a></td><td>Monoblasts [#/volume] in Blood</td></tr><tr><td><a href=\"http://details.loinc.org/LOINC/34923-3.html\">34923-3</a></td><td>Monoblasts/100 leukocytes in Blood</td></tr><tr><td><a href=\"http://details.loinc.org/LOINC/26484-6.html\">26484-6</a></td><td>Monocytes [#/volume] in Blood</td></tr><tr><td><a href=\"http://details.loinc.org/LOINC/742-7.html\">742-7</a></td><td>Monocytes [#/volume] in Blood by Automated count</td></tr><tr><td><a href=\"http://details.loinc.org/LOINC/743-5.html\">743-5</a></td><td>Monocytes [#/volume] in Blood by Manual count</td></tr><tr><td><a href=\"http://details.loinc.org/LOINC/30440-2.html\">30440-2</a></td><td>Monocytes Abnormal [#/volume] in Blood</td></tr><tr><td><a href=\"http://details.loinc.org/LOINC/30441-0.html\">30441-0</a></td><td>Monocytes Abnormal/100 leukocytes in Blood</td></tr><tr><td><a href=\"http://details.loinc.org/LOINC/26485-3.html\">26485-3</a></td><td>Monocytes/100 leukocytes in Blood</td></tr><tr><td><a href=\"http://details.loinc.org/LOINC/5905-5.html\">5905-5</a></td><td>Monocytes/100 leukocytes in Blood by Automated count</td></tr><tr><td><a href=\"http://details.loinc.org/LOINC/744-3.html\">744-3</a></td><td>Monocytes/100 leukocytes in Blood by Manual count</td></tr><tr><td><a href=\"http://details.loinc.org/LOINC/30444-4.html\">30444-4</a></td><td>Myeloblasts [#/volume] in Blood</td></tr><tr><td><a href=\"http://details.loinc.org/LOINC/30445-1.html\">30445-1</a></td><td>Myeloblasts/100 leukocytes in Blood</td></tr><tr><td><a href=\"http://details.loinc.org/LOINC/30446-9.html\">30446-9</a></td><td>Myelocytes [#/volume] in Blood</td></tr><tr><td><a href=\"http://details.loinc.org/LOINC/26498-6.html\">26498-6</a></td><td>Myelocytes/100 leukocytes in Blood</td></tr><tr><td><a href=\"http://details.loinc.org/LOINC/749-2.html\">749-2</a></td><td>Myelocytes/100 leukocytes in Blood by Manual count</td></tr><tr><td><a href=\"http://details.loinc.org/LOINC/26499-4.html\">26499-4</a></td><td>Neutrophils [#/volume] in Blood</td></tr><tr><td><a href=\"http://details.loinc.org/LOINC/751-8.html\">751-8</a></td><td>Neutrophils [#/volume] in Blood by Automated count</td></tr><tr><td><a href=\"http://details.loinc.org/LOINC/753-4.html\">753-4</a></td><td>Neutrophils [#/volume] in Blood by Manual count</td></tr><tr><td><a href=\"http://details.loinc.org/LOINC/33215-5.html\">33215-5</a></td><td>Neutrophils.agranular [Presence] in Blood by Light microscopy</td></tr><tr><td><a href=\"http://details.loinc.org/LOINC/30449-3.html\">30449-3</a></td><td>Neutrophils.hypersegmented [#/volume] in Blood</td></tr><tr><td><a href=\"http://details.loinc.org/LOINC/765-8.html\">765-8</a></td><td>Neutrophils.hypersegmented [Presence] in Blood by Light microscopy</td></tr><tr><td><a href=\"http://details.loinc.org/LOINC/30450-1.html\">30450-1</a></td><td>Neutrophils.hypersegmented/100 leukocytes in Blood</td></tr><tr><td><a href=\"http://details.loinc.org/LOINC/767-4.html\">767-4</a></td><td>Neutrophils.hypersegmented/100 leukocytes in Blood by Manual count</td></tr><tr><td><a href=\"http://details.loinc.org/LOINC/18319-4.html\">18319-4</a></td><td>Neutrophils.vacuolated [Presence] in Blood by Light microscopy</td></tr><tr><td><a href=\"http://details.loinc.org/LOINC/26511-6.html\">26511-6</a></td><td>Neutrophils/100 leukocytes in Blood</td></tr><tr><td><a href=\"http://details.loinc.org/LOINC/770-8.html\">770-8</a></td><td>Neutrophils/100 leukocytes in Blood by Automated count</td></tr><tr><td><a href=\"http://details.loinc.org/LOINC/23761-0.html\">23761-0</a></td><td>Neutrophils/100 leukocytes in Blood by Manual count</td></tr><tr><td><a href=\"http://details.loinc.org/LOINC/33364-1.html\">33364-1</a></td><td>Normochromic [Presence] in Blood by Light microscopy</td></tr><tr><td><a href=\"http://details.loinc.org/LOINC/33363-3.html\">33363-3</a></td><td>Normocytic [Presence] in Blood by Light microscopy</td></tr><tr><td><a href=\"http://details.loinc.org/LOINC/7794-1.html\">7794-1</a></td><td>Normocytic/Normochromic polychromasia [Presence] in Blood by Light microscopy</td></tr><tr><td><a href=\"http://details.loinc.org/LOINC/58443-3.html\">58443-3</a></td><td>Other cells [#/volume] in Blood by Automated count</td></tr><tr><td><a href=\"http://details.loinc.org/LOINC/58409-4.html\">58409-4</a></td><td>Other cells/100 leukocytes in Blood by Automated count</td></tr><tr><td><a href=\"http://details.loinc.org/LOINC/10376-2.html\">10376-2</a></td><td>Oval macrocytes [Presence] in Blood by Light microscopy</td></tr><tr><td><a href=\"http://details.loinc.org/LOINC/774-0.html\">774-0</a></td><td>Ovalocytes [Presence] in Blood by Light microscopy</td></tr><tr><td><a href=\"http://details.loinc.org/LOINC/7795-8.html\">7795-8</a></td><td>Pappenheimer bodies [Presence] in Blood by Light microscopy</td></tr><tr><td><a href=\"http://details.loinc.org/LOINC/18311-1.html\">18311-1</a></td><td>Pelger Huet cells [Presence] in Blood by Light microscopy</td></tr><tr><td><a href=\"http://details.loinc.org/LOINC/10377-0.html\">10377-0</a></td><td>Pencil cells [Presence] in Blood by Light microscopy</td></tr><tr><td><a href=\"http://details.loinc.org/LOINC/34916-7.html\">34916-7</a></td><td>Plasma cell precursor [#/volume] in Blood</td></tr><tr><td><a href=\"http://details.loinc.org/LOINC/34917-5.html\">34917-5</a></td><td>Plasma cell precursor/100 leukocytes in Blood</td></tr><tr><td><a href=\"http://details.loinc.org/LOINC/30458-4.html\">30458-4</a></td><td>Plasma cells [#/volume] in Blood</td></tr><tr><td><a href=\"http://details.loinc.org/LOINC/24103-4.html\">24103-4</a></td><td>Plasma cells [#/volume] in Blood by Manual count</td></tr><tr><td><a href=\"http://details.loinc.org/LOINC/13047-6.html\">13047-6</a></td><td>Plasma cells/100 leukocytes in Blood</td></tr><tr><td><a href=\"http://details.loinc.org/LOINC/79426-3.html\">79426-3</a></td><td>Plasma cells/100 leukocytes in Blood by Manual count</td></tr><tr><td><a href=\"http://details.loinc.org/LOINC/9317-9.html\">9317-9</a></td><td>Platelet adequacy [Presence] in Blood by Light microscopy</td></tr><tr><td><a href=\"http://details.loinc.org/LOINC/7796-6.html\">7796-6</a></td><td>Platelet clump [Presence] in Blood by Light microscopy</td></tr><tr><td><a href=\"http://details.loinc.org/LOINC/32207-3.html\">32207-3</a></td><td>Platelet distribution width [Entitic volume] in Blood by Automated count</td></tr><tr><td><a href=\"http://details.loinc.org/LOINC/28542-9.html\">28542-9</a></td><td>Platelet mean volume [Entitic volume] in Blood</td></tr><tr><td><a href=\"http://details.loinc.org/LOINC/32623-1.html\">32623-1</a></td><td>Platelet mean volume [Entitic volume] in Blood by Automated count</td></tr><tr><td><a href=\"http://details.loinc.org/LOINC/11125-2.html\">11125-2</a></td><td>Platelet morphology finding [Identifier] in Blood</td></tr><tr><td><a href=\"http://details.loinc.org/LOINC/18312-9.html\">18312-9</a></td><td>Platelet satellitism [Presence] in Blood by Light microscopy</td></tr><tr><td><a href=\"http://details.loinc.org/LOINC/26515-7.html\">26515-7</a></td><td>Platelets [#/volume] in Blood</td></tr><tr><td><a href=\"http://details.loinc.org/LOINC/777-3.html\">777-3</a></td><td>Platelets [#/volume] in Blood by Automated count</td></tr><tr><td><a href=\"http://details.loinc.org/LOINC/49497-1.html\">49497-1</a></td><td>Platelets [#/volume] in Blood by Estimate</td></tr><tr><td><a href=\"http://details.loinc.org/LOINC/778-1.html\">778-1</a></td><td>Platelets [#/volume] in Blood by Manual count</td></tr><tr><td><a href=\"http://details.loinc.org/LOINC/33216-3.html\">33216-3</a></td><td>Platelets agranular [Presence] in Blood by Light microscopy</td></tr><tr><td><a href=\"http://details.loinc.org/LOINC/32146-3.html\">32146-3</a></td><td>Platelets Large [Presence] in Blood by Light microscopy</td></tr><tr><td><a href=\"http://details.loinc.org/LOINC/32208-1.html\">32208-1</a></td><td>Platelets Small [Presence] in Blood by Light microscopy</td></tr><tr><td><a href=\"http://details.loinc.org/LOINC/779-9.html\">779-9</a></td><td>Poikilocytosis [Presence] in Blood by Light microscopy</td></tr><tr><td><a href=\"http://details.loinc.org/LOINC/10378-8.html\">10378-8</a></td><td>Polychromasia [Presence] in Blood by Light microscopy</td></tr><tr><td><a href=\"http://details.loinc.org/LOINC/35003-3.html\">35003-3</a></td><td>Polymorphonuclear cells [#/volume] in Blood</td></tr><tr><td><a href=\"http://details.loinc.org/LOINC/34999-3.html\">34999-3</a></td><td>Polymorphonuclear cells/100 leukocytes in Blood</td></tr><tr><td><a href=\"http://details.loinc.org/LOINC/50260-9.html\">50260-9</a></td><td>Prekeratocytes [Presence] in Blood by Light microscopy</td></tr><tr><td><a href=\"http://details.loinc.org/LOINC/30464-2.html\">30464-2</a></td><td>Prolymphocytes [#/volume] in Blood</td></tr><tr><td><a href=\"http://details.loinc.org/LOINC/30465-9.html\">30465-9</a></td><td>Prolymphocytes/100 leukocytes in Blood</td></tr><tr><td><a href=\"http://details.loinc.org/LOINC/6746-2.html\">6746-2</a></td><td>Prolymphocytes/100 leukocytes in Blood by Manual count</td></tr><tr><td><a href=\"http://details.loinc.org/LOINC/34926-6.html\">34926-6</a></td><td>Promonocytes [#/volume] in Blood</td></tr><tr><td><a href=\"http://details.loinc.org/LOINC/30466-7.html\">30466-7</a></td><td>Promonocytes/100 leukocytes in Blood</td></tr><tr><td><a href=\"http://details.loinc.org/LOINC/26523-1.html\">26523-1</a></td><td>Promyelocytes [#/volume] in Blood</td></tr><tr><td><a href=\"http://details.loinc.org/LOINC/26524-9.html\">26524-9</a></td><td>Promyelocytes/100 leukocytes in Blood</td></tr><tr><td><a href=\"http://details.loinc.org/LOINC/33044-9.html\">33044-9</a></td><td>Pyknosis [Presence] in Blood by Light microscopy</td></tr><tr><td><a href=\"http://details.loinc.org/LOINC/7797-4.html\">7797-4</a></td><td>Rouleaux [Presence] in Blood by Light microscopy</td></tr><tr><td><a href=\"http://details.loinc.org/LOINC/800-3.html\">800-3</a></td><td>Schistocytes [Presence] in Blood by Light microscopy</td></tr><tr><td><a href=\"http://details.loinc.org/LOINC/30451-9.html\">30451-9</a></td><td>Segmented neutrophils [#/volume] in Blood</td></tr><tr><td><a href=\"http://details.loinc.org/LOINC/26505-8.html\">26505-8</a></td><td>Segmented neutrophils/100 leukocytes in Blood</td></tr><tr><td><a href=\"http://details.loinc.org/LOINC/32200-8.html\">32200-8</a></td><td>Segmented neutrophils/100 leukocytes in Blood by Automated count</td></tr><tr><td><a href=\"http://details.loinc.org/LOINC/769-0.html\">769-0</a></td><td>Segmented neutrophils/100 leukocytes in Blood by Manual count</td></tr><tr><td><a href=\"http://details.loinc.org/LOINC/34918-3.html\">34918-3</a></td><td>Sezary cells [#/volume] in Blood</td></tr><tr><td><a href=\"http://details.loinc.org/LOINC/13048-4.html\">13048-4</a></td><td>Sezary cells [Presence] in Blood by Light microscopy</td></tr><tr><td><a href=\"http://details.loinc.org/LOINC/34919-1.html\">34919-1</a></td><td>Sezary cells/100 leukocytes in Blood</td></tr><tr><td><a href=\"http://details.loinc.org/LOINC/801-1.html\">801-1</a></td><td>Sickle cells [Presence] in Blood by Light microscopy</td></tr><tr><td><a href=\"http://details.loinc.org/LOINC/34993-6.html\">34993-6</a></td><td>Smudge cells [#/volume] in Blood</td></tr><tr><td><a href=\"http://details.loinc.org/LOINC/7798-2.html\">7798-2</a></td><td>Smudge cells [Presence] in Blood by Light microscopy</td></tr><tr><td><a href=\"http://details.loinc.org/LOINC/34992-8.html\">34992-8</a></td><td>Smudge cells/100 leukocytes in Blood</td></tr><tr><td><a href=\"http://details.loinc.org/LOINC/802-9.html\">802-9</a></td><td>Spherocytes [Presence] in Blood by Light microscopy</td></tr><tr><td><a href=\"http://details.loinc.org/LOINC/10380-4.html\">10380-4</a></td><td>Stomatocytes [Presence] in Blood by Light microscopy</td></tr><tr><td><a href=\"http://details.loinc.org/LOINC/10381-2.html\">10381-2</a></td><td>Target cells [Presence] in Blood by Light microscopy</td></tr><tr><td><a href=\"http://details.loinc.org/LOINC/803-7.html\">803-7</a></td><td>Toxic granules [Presence] in Blood by Light microscopy</td></tr><tr><td><a href=\"http://details.loinc.org/LOINC/26477-0.html\">26477-0</a></td><td>Variant lymphocytes [#/volume] in Blood</td></tr><tr><td><a href=\"http://details.loinc.org/LOINC/43743-4.html\">43743-4</a></td><td>Variant lymphocytes [#/volume] in Blood by Automated count</td></tr><tr><td><a href=\"http://details.loinc.org/LOINC/13046-8.html\">13046-8</a></td><td>Variant lymphocytes/100 leukocytes in Blood</td></tr><tr><td><a href=\"http://details.loinc.org/LOINC/42250-1.html\">42250-1</a></td><td>Variant lymphocytes/100 leukocytes in Blood by Automated count</td></tr></table></li></ul></div>"
  },
  "url": "http://fhir.nmdp.org/ig/cibmtr-reporting/ValueSet/cibmtr-priority-variables-vs",
  "version": "0.1.3",
  "name": "PriorityVariablesVS",
  "title": "CIBMTR Priority Variables Value Set (FY21)",
  "status": "active",
  "date": "2021-03-13T11:07:11-06:00",
  "publisher": "NMDP/Be The Match",
  "contact": [
    {
      "name": "NMDP/Be The Match",
      "telecom": [
        {
          "system": "url",
          "value": "http://bethematch.org"
        }
      ]
    },
    {
      "name": "Bob Milius",
      "telecom": [
        {
          "system": "email",
          "value": "bmilius@nmdp.org"
        }
      ]
    }
  ],
  "description": "Priority Variables for CIBMTR (FY21)",
  "compose": {
    "include": [
      {
        "system": "http://loinc.org",
        "concept": [
          {
            "code": "30412-1",
            "display": "Abnormal lymphocytes [#/volume] in Blood"
          },
          {
            "code": "30413-9",
            "display": "Abnormal lymphocytes/100 leukocytes in Blood"
          },
          {
            "code": "7789-1",
            "display": "Acanthocytes [Presence] in Blood by Light microscopy"
          },
          {
            "code": "1751-7",
            "display": "Albumin [Mass/volume] in Serum or Plasma"
          },
          {
            "code": "61151-7",
            "display": "Albumin [Mass/volume] in Serum or Plasma by Bromocresol green (BCG) dye binding method"
          },
          {
            "code": "61152-5",
            "display": "Albumin [Mass/volume] in Serum or Plasma by Bromocresol purple (BCP) dye binding method"
          },
          {
            "code": "2862-1",
            "display": "Albumin [Mass/volume] in Serum or Plasma by Electrophoresis"
          },
          {
            "code": "702-1",
            "display": "Anisocytosis [Presence] in Blood by Light microscopy"
          },
          {
            "code": "11281-3",
            "display": "Auer rods [Presence] in Blood by Light microscopy"
          },
          {
            "code": "18280-8",
            "display": "Background stain [Presence] in Blood by Light microscopy"
          },
          {
            "code": "26507-4",
            "display": "Band form neutrophils [#/volume] in Blood"
          },
          {
            "code": "30229-9",
            "display": "Band form neutrophils [#/volume] in Blood by Automated count"
          },
          {
            "code": "26508-2",
            "display": "Band form neutrophils/100 leukocytes in Blood"
          },
          {
            "code": "35332-6",
            "display": "Band form neutrophils/100 leukocytes in Blood by Automated count"
          },
          {
            "code": "764-1",
            "display": "Band form neutrophils/100 leukocytes in Blood by Manual count"
          },
          {
            "code": "703-9",
            "display": "Basophilic stippling [Presence] in Blood by Light microscopy"
          },
          {
            "code": "26444-0",
            "display": "Basophils [#/volume] in Blood"
          },
          {
            "code": "704-7",
            "display": "Basophils [#/volume] in Blood by Automated count"
          },
          {
            "code": "30180-4",
            "display": "Basophils/100 leukocytes in Blood"
          },
          {
            "code": "706-2",
            "display": "Basophils/100 leukocytes in Blood by Automated count"
          },
          {
            "code": "707-0",
            "display": "Basophils/100 leukocytes in Blood by Manual count"
          },
          {
            "code": "1952-1",
            "display": "Beta-2-Microglobulin [Mass/volume] in Serum or Plasma"
          },
          {
            "code": "76484-5",
            "display": "Beta-2-Microglobulin [Moles/volume] in Serum or Plasma"
          },
          {
            "code": "35194-0",
            "display": "Bilirubin.total [Mass or Moles/volume] in Serum or Plasma"
          },
          {
            "code": "1975-2",
            "display": "Bilirubin.total [Mass/volume] in Serum or Plasma"
          },
          {
            "code": "14631-6",
            "display": "Bilirubin.total [Moles/volume] in Serum or Plasma"
          },
          {
            "code": "77137-8",
            "display": "Bilirubin.total [Moles/volume] in Serum, Plasma or Blood"
          },
          {
            "code": "10371-3",
            "display": "Bite cells [Presence] in Blood by Light microscopy"
          },
          {
            "code": "30376-8",
            "display": "Blasts [#/volume] in Blood"
          },
          {
            "code": "11150-0",
            "display": "Blasts/100 cells in Bone marrow"
          },
          {
            "code": "26446-5",
            "display": "Blasts/100 leukocytes in Blood"
          },
          {
            "code": "709-6",
            "display": "Blasts/100 leukocytes in Blood by Manual count"
          },
          {
            "code": "71669-6",
            "display": "Blasts/Leukocytes [Pure number fraction] in Blood by Manual count"
          },
          {
            "code": "10372-1",
            "display": "Blister cells [Presence] in Blood by Light microscopy"
          },
          {
            "code": "5909-7",
            "display": "Blood smear finding [Identifier] in Blood by Light microscopy"
          },
          {
            "code": "7790-9",
            "display": "Burr cells [Presence] in Blood by Light microscopy"
          },
          {
            "code": "11280-5",
            "display": "Cabot rings [Presence] in Blood by Light microscopy"
          },
          {
            "code": "33255-1",
            "display": "Cell Fractions/Differential [Interpretation] in Blood"
          },
          {
            "code": "7791-7",
            "display": "Dacrocytes [Presence] in Blood by Light microscopy"
          },
          {
            "code": "7792-5",
            "display": "Dohle body [Presence] in Blood by Light microscopy"
          },
          {
            "code": "11274-8",
            "display": "Elliptocytes [Presence] in Blood by Light microscopy"
          },
          {
            "code": "26449-9",
            "display": "Eosinophils [#/volume] in Blood"
          },
          {
            "code": "711-2",
            "display": "Eosinophils [#/volume] in Blood by Automated count"
          },
          {
            "code": "26450-7",
            "display": "Eosinophils/100 leukocytes in Blood"
          },
          {
            "code": "713-8",
            "display": "Eosinophils/100 leukocytes in Blood by Automated count"
          },
          {
            "code": "714-6",
            "display": "Eosinophils/100 leukocytes in Blood by Manual count"
          },
          {
            "code": "30384-2",
            "display": "Erythrocyte distribution width [Entitic volume]"
          },
          {
            "code": "21000-5",
            "display": "Erythrocyte distribution width [Entitic volume] by Automated count"
          },
          {
            "code": "30385-9",
            "display": "Erythrocyte distribution width [Ratio]"
          },
          {
            "code": "788-0",
            "display": "Erythrocyte distribution width [Ratio] by Automated count"
          },
          {
            "code": "49121-7",
            "display": "Erythrocyte inclusion bodies [Identifier] in Blood"
          },
          {
            "code": "6742-1",
            "display": "Erythrocyte morphology finding [Identifier] in Blood"
          },
          {
            "code": "26453-1",
            "display": "Erythrocytes [#/volume] in Blood"
          },
          {
            "code": "789-8",
            "display": "Erythrocytes [#/volume] in Blood by Automated count"
          },
          {
            "code": "790-6",
            "display": "Erythrocytes [#/volume] in Blood by Manual count"
          },
          {
            "code": "10379-6",
            "display": "Erythrocytes.dual population [Presence] in Blood by Light microscopy"
          },
          {
            "code": "35209-6",
            "display": "Ferritin [Mass or Moles/volume] in Serum or Plasma"
          },
          {
            "code": "24373-3",
            "display": "Ferritin [Mass/volume] in Blood"
          },
          {
            "code": "2276-4",
            "display": "Ferritin [Mass/volume] in Serum or Plasma"
          },
          {
            "code": "20567-4",
            "display": "Ferritin [Mass/volume] in Serum or Plasma by Immunoassay"
          },
          {
            "code": "14723-1",
            "display": "Ferritin [Moles/volume] in Serum or Plasma"
          },
          {
            "code": "86914-9",
            "display": "Ferritin goal [Mass/volume] Serum or Plasma"
          },
          {
            "code": "32778-3",
            "display": "Fibrin strands [Presence] in Blood by Light microscopy"
          },
          {
            "code": "10373-9",
            "display": "Fragments [Presence] in Blood by Light microscopy"
          },
          {
            "code": "5908-9",
            "display": "Giant platelets [Presence] in Blood by Light microscopy"
          },
          {
            "code": "30394-1",
            "display": "Granulocytes [#/volume] in Blood"
          },
          {
            "code": "30395-8",
            "display": "Granulocytes/100 leukocytes in Blood"
          },
          {
            "code": "19023-1",
            "display": "Granulocytes/100 leukocytes in Blood by Automated count"
          },
          {
            "code": "30397-4",
            "display": "Hairy cells [#/volume] in Blood"
          },
          {
            "code": "35058-7",
            "display": "Hairy cells/100 leukocytes in Blood"
          },
          {
            "code": "716-1",
            "display": "Heinz bodies [Presence] in Blood by Light microscopy"
          },
          {
            "code": "10374-7",
            "display": "Helmet cells [Presence] in Blood by Light microscopy"
          },
          {
            "code": "71832-0",
            "display": "Hematocrit [Pure volume fraction] of Arterial blood"
          },
          {
            "code": "71833-8",
            "display": "Hematocrit [Pure volume fraction] of Blood by Automated count"
          },
          {
            "code": "71831-2",
            "display": "Hematocrit [Pure volume fraction] of Capillary blood"
          },
          {
            "code": "71830-4",
            "display": "Hematocrit [Pure volume fraction] of Mixed venous blood"
          },
          {
            "code": "71829-6",
            "display": "Hematocrit [Pure volume fraction] of Venous blood"
          },
          {
            "code": "32354-3",
            "display": "Hematocrit [Volume Fraction] of Arterial blood"
          },
          {
            "code": "20570-8",
            "display": "Hematocrit [Volume Fraction] of Blood"
          },
          {
            "code": "4544-3",
            "display": "Hematocrit [Volume Fraction] of Blood by Automated count"
          },
          {
            "code": "4545-0",
            "display": "Hematocrit [Volume Fraction] of Blood by Centrifugation"
          },
          {
            "code": "48703-3",
            "display": "Hematocrit [Volume Fraction] of Blood by Estimated"
          },
          {
            "code": "31100-1",
            "display": "Hematocrit [Volume Fraction] of Blood by Impedance"
          },
          {
            "code": "42908-4",
            "display": "Hematocrit [Volume Fraction] of Capillary blood"
          },
          {
            "code": "41655-2",
            "display": "Hematocrit [Volume Fraction] of Mixed venous blood"
          },
          {
            "code": "41654-5",
            "display": "Hematocrit [Volume Fraction] of Venous blood"
          },
          {
            "code": "30313-1",
            "display": "Hemoglobin [Mass/volume] in Arterial blood"
          },
          {
            "code": "14775-1",
            "display": "Hemoglobin [Mass/volume] in Arterial blood by Oximetry"
          },
          {
            "code": "718-7",
            "display": "Hemoglobin [Mass/volume] in Blood"
          },
          {
            "code": "20509-6",
            "display": "Hemoglobin [Mass/volume] in Blood by calculation"
          },
          {
            "code": "55782-7",
            "display": "Hemoglobin [Mass/volume] in Blood by Oximetry"
          },
          {
            "code": "30351-1",
            "display": "Hemoglobin [Mass/volume] in Mixed venous blood"
          },
          {
            "code": "76768-1",
            "display": "Hemoglobin [Mass/volume] in Mixed venous blood by Oximetry"
          },
          {
            "code": "30350-3",
            "display": "Hemoglobin [Mass/volume] in Venous blood"
          },
          {
            "code": "76769-9",
            "display": "Hemoglobin [Mass/volume] in Venous blood by Oximetry"
          },
          {
            "code": "75928-2",
            "display": "Hemoglobin [Moles/volume] in Arterial blood"
          },
          {
            "code": "59260-0",
            "display": "Hemoglobin [Moles/volume] in Blood"
          },
          {
            "code": "93846-4",
            "display": "Hemoglobin [Moles/volume] in Venous blood"
          },
          {
            "code": "71865-0",
            "display": "Hemoglobin F/Hemoglobin.total [Pure mass fraction] in Blood by Electrophoresis"
          },
          {
            "code": "71864-3",
            "display": "Hemoglobin F/Hemoglobin.total [Pure mass fraction] in Blood by HPLC"
          },
          {
            "code": "71863-5",
            "display": "Hemoglobin F/Hemoglobin.total [Pure mass fraction] in Blood by Kleihauer-Betke method"
          },
          {
            "code": "4576-5",
            "display": "Hemoglobin F/Hemoglobin.total in Blood"
          },
          {
            "code": "32682-7",
            "display": "Hemoglobin F/Hemoglobin.total in Blood by Electrophoresis"
          },
          {
            "code": "38524-5",
            "display": "Hemoglobin F/Hemoglobin.total in Blood by Electrophoresis alkaline (pH 8.9)"
          },
          {
            "code": "42246-9",
            "display": "Hemoglobin F/Hemoglobin.total in Blood by HPLC"
          },
          {
            "code": "4633-4",
            "display": "Hemoglobin F/Hemoglobin.total in Blood by Kleihauer-Betke method"
          },
          {
            "code": "7793-3",
            "display": "Howell-Jolly bodies [Presence] in Blood by Light microscopy"
          },
          {
            "code": "33249-4",
            "display": "Hyperchromia [Presence] in Blood by Light microscopy"
          },
          {
            "code": "728-6",
            "display": "Hypochromia [Presence] in Blood by Light microscopy"
          },
          {
            "code": "34910-0",
            "display": "Immature basophils [#/volume] in Blood"
          },
          {
            "code": "34911-8",
            "display": "Immature basophils/100 leukocytes in Blood"
          },
          {
            "code": "34912-6",
            "display": "Immature eosinophils [#/volume] in Blood"
          },
          {
            "code": "34913-4",
            "display": "Immature eosinophils/100 leukocytes in Blood"
          },
          {
            "code": "34924-1",
            "display": "Immature monocytes [#/volume] in Blood"
          },
          {
            "code": "34925-8",
            "display": "Immature monocytes/100 leukocytes in Blood"
          },
          {
            "code": "35214-6",
            "display": "Iron [Mass or Moles/volume] in Serum or Plasma"
          },
          {
            "code": "2498-4",
            "display": "Iron [Mass/volume] in Serum or Plasma"
          },
          {
            "code": "14798-3",
            "display": "Iron [Moles/volume] in Serum or Plasma"
          },
          {
            "code": "35215-3",
            "display": "Iron binding capacity [Mass or Moles/volume] in Serum or Plasma"
          },
          {
            "code": "2500-7",
            "display": "Iron binding capacity [Mass/volume] in Serum or Plasma"
          },
          {
            "code": "14800-7",
            "display": "Iron binding capacity [Moles/volume] in Serum or Plasma"
          },
          {
            "code": "10375-4",
            "display": "Irregularly contracted cells [Presence] in Blood by Light microscopy"
          },
          {
            "code": "2532-0",
            "display": "Lactate dehydrogenase [Enzymatic activity/volume] in Serum or Plasma"
          },
          {
            "code": "14804-9",
            "display": "Lactate dehydrogenase [Enzymatic activity/volume] in Serum or Plasma by Lactate to pyruvate reaction"
          },
          {
            "code": "14805-6",
            "display": "Lactate dehydrogenase [Enzymatic activity/volume] in Serum or Plasma by Pyruvate to lactate reaction"
          },
          {
            "code": "35082-7",
            "display": "Large granular lymphocytes [#/volume] in Blood"
          },
          {
            "code": "30420-4",
            "display": "Large granular lymphocytes/100 leukocytes in Blood"
          },
          {
            "code": "26462-2",
            "display": "Large unstained cells [#/volume] in Blood"
          },
          {
            "code": "26463-0",
            "display": "Large unstained cells/100 leukocytes in Blood"
          },
          {
            "code": "11156-7",
            "display": "Leukocyte morphology finding [Identifier] in Blood"
          },
          {
            "code": "26464-8",
            "display": "Leukocytes [#/volume] in Blood"
          },
          {
            "code": "6690-2",
            "display": "Leukocytes [#/volume] in Blood by Automated count"
          },
          {
            "code": "49498-9",
            "display": "Leukocytes [#/volume] in Blood by Estimate"
          },
          {
            "code": "804-5",
            "display": "Leukocytes [#/volume] in Blood by Manual count"
          },
          {
            "code": "30406-3",
            "display": "Leukocytes other [#/volume] in Blood"
          },
          {
            "code": "51383-8",
            "display": "Leukocytes other [#/volume] in Blood by Automated count"
          },
          {
            "code": "26471-3",
            "display": "Leukocytes other/100 leukocytes in Blood"
          },
          {
            "code": "35050-4",
            "display": "Lymphoblasts [#/volume] in Blood"
          },
          {
            "code": "34922-5",
            "display": "Lymphoblasts/100 leukocytes in Blood"
          },
          {
            "code": "26474-7",
            "display": "Lymphocytes [#/volume] in Blood"
          },
          {
            "code": "731-0",
            "display": "Lymphocytes [#/volume] in Blood by Automated count"
          },
          {
            "code": "35039-7",
            "display": "Lymphocytes Plasmacytoid [#/volume] in Blood"
          },
          {
            "code": "34921-7",
            "display": "Lymphocytes Plasmacytoid/100 leukocytes in Blood"
          },
          {
            "code": "26478-8",
            "display": "Lymphocytes/100 leukocytes in Blood"
          },
          {
            "code": "736-9",
            "display": "Lymphocytes/100 leukocytes in Blood by Automated count"
          },
          {
            "code": "30365-1",
            "display": "Lymphocytes/100 leukocytes in Blood by Flow cytometry (FC)"
          },
          {
            "code": "737-7",
            "display": "Lymphocytes/100 leukocytes in Blood by Manual count"
          },
          {
            "code": "30422-0",
            "display": "Lymphoma cells [#/volume] in Blood"
          },
          {
            "code": "30423-8",
            "display": "Lymphoma cells/100 leukocytes in Blood"
          },
          {
            "code": "738-5",
            "display": "Macrocytes [Presence] in Blood by Light microscopy"
          },
          {
            "code": "34914-2",
            "display": "Malignant cells [#/volume] in Blood"
          },
          {
            "code": "34915-9",
            "display": "Malignant cells/100 leukocytes in Blood"
          },
          {
            "code": "28539-5",
            "display": "MCH [Entitic mass]"
          },
          {
            "code": "785-6",
            "display": "MCH [Entitic mass] by Automated count"
          },
          {
            "code": "59468-9",
            "display": "MCH [Entitic substance]"
          },
          {
            "code": "28540-3",
            "display": "MCHC [Mass/volume]"
          },
          {
            "code": "786-4",
            "display": "MCHC [Mass/volume] by Automated count"
          },
          {
            "code": "59467-1",
            "display": "MCHC [Moles/volume]"
          },
          {
            "code": "30428-7",
            "display": "MCV [Entitic volume]"
          },
          {
            "code": "787-2",
            "display": "MCV [Entitic volume] by Automated count"
          },
          {
            "code": "30433-7",
            "display": "Metamyelocytes [#/volume] in Blood"
          },
          {
            "code": "28541-1",
            "display": "Metamyelocytes/100 leukocytes in Blood"
          },
          {
            "code": "740-1",
            "display": "Metamyelocytes/100 leukocytes in Blood by Manual count"
          },
          {
            "code": "741-9",
            "display": "Microcytes [Presence] in Blood by Light microscopy"
          },
          {
            "code": "35029-8",
            "display": "Monoblasts [#/volume] in Blood"
          },
          {
            "code": "34923-3",
            "display": "Monoblasts/100 leukocytes in Blood"
          },
          {
            "code": "26484-6",
            "display": "Monocytes [#/volume] in Blood"
          },
          {
            "code": "742-7",
            "display": "Monocytes [#/volume] in Blood by Automated count"
          },
          {
            "code": "743-5",
            "display": "Monocytes [#/volume] in Blood by Manual count"
          },
          {
            "code": "30440-2",
            "display": "Monocytes Abnormal [#/volume] in Blood"
          },
          {
            "code": "30441-0",
            "display": "Monocytes Abnormal/100 leukocytes in Blood"
          },
          {
            "code": "26485-3",
            "display": "Monocytes/100 leukocytes in Blood"
          },
          {
            "code": "5905-5",
            "display": "Monocytes/100 leukocytes in Blood by Automated count"
          },
          {
            "code": "744-3",
            "display": "Monocytes/100 leukocytes in Blood by Manual count"
          },
          {
            "code": "30444-4",
            "display": "Myeloblasts [#/volume] in Blood"
          },
          {
            "code": "30445-1",
            "display": "Myeloblasts/100 leukocytes in Blood"
          },
          {
            "code": "30446-9",
            "display": "Myelocytes [#/volume] in Blood"
          },
          {
            "code": "26498-6",
            "display": "Myelocytes/100 leukocytes in Blood"
          },
          {
            "code": "749-2",
            "display": "Myelocytes/100 leukocytes in Blood by Manual count"
          },
          {
            "code": "26499-4",
            "display": "Neutrophils [#/volume] in Blood"
          },
          {
            "code": "751-8",
            "display": "Neutrophils [#/volume] in Blood by Automated count"
          },
          {
            "code": "753-4",
            "display": "Neutrophils [#/volume] in Blood by Manual count"
          },
          {
            "code": "33215-5",
            "display": "Neutrophils.agranular [Presence] in Blood by Light microscopy"
          },
          {
            "code": "30449-3",
            "display": "Neutrophils.hypersegmented [#/volume] in Blood"
          },
          {
            "code": "765-8",
            "display": "Neutrophils.hypersegmented [Presence] in Blood by Light microscopy"
          },
          {
            "code": "30450-1",
            "display": "Neutrophils.hypersegmented/100 leukocytes in Blood"
          },
          {
            "code": "767-4",
            "display": "Neutrophils.hypersegmented/100 leukocytes in Blood by Manual count"
          },
          {
            "code": "18319-4",
            "display": "Neutrophils.vacuolated [Presence] in Blood by Light microscopy"
          },
          {
            "code": "26511-6",
            "display": "Neutrophils/100 leukocytes in Blood"
          },
          {
            "code": "770-8",
            "display": "Neutrophils/100 leukocytes in Blood by Automated count"
          },
          {
            "code": "23761-0",
            "display": "Neutrophils/100 leukocytes in Blood by Manual count"
          },
          {
            "code": "33364-1",
            "display": "Normochromic [Presence] in Blood by Light microscopy"
          },
          {
            "code": "33363-3",
            "display": "Normocytic [Presence] in Blood by Light microscopy"
          },
          {
            "code": "7794-1",
            "display": "Normocytic/Normochromic polychromasia [Presence] in Blood by Light microscopy"
          },
          {
            "code": "58443-3",
            "display": "Other cells [#/volume] in Blood by Automated count"
          },
          {
            "code": "58409-4",
            "display": "Other cells/100 leukocytes in Blood by Automated count"
          },
          {
            "code": "10376-2",
            "display": "Oval macrocytes [Presence] in Blood by Light microscopy"
          },
          {
            "code": "774-0",
            "display": "Ovalocytes [Presence] in Blood by Light microscopy"
          },
          {
            "code": "7795-8",
            "display": "Pappenheimer bodies [Presence] in Blood by Light microscopy"
          },
          {
            "code": "18311-1",
            "display": "Pelger Huet cells [Presence] in Blood by Light microscopy"
          },
          {
            "code": "10377-0",
            "display": "Pencil cells [Presence] in Blood by Light microscopy"
          },
          {
            "code": "34916-7",
            "display": "Plasma cell precursor [#/volume] in Blood"
          },
          {
            "code": "34917-5",
            "display": "Plasma cell precursor/100 leukocytes in Blood"
          },
          {
            "code": "30458-4",
            "display": "Plasma cells [#/volume] in Blood"
          },
          {
            "code": "24103-4",
            "display": "Plasma cells [#/volume] in Blood by Manual count"
          },
          {
            "code": "13047-6",
            "display": "Plasma cells/100 leukocytes in Blood"
          },
          {
            "code": "79426-3",
            "display": "Plasma cells/100 leukocytes in Blood by Manual count"
          },
          {
            "code": "9317-9",
            "display": "Platelet adequacy [Presence] in Blood by Light microscopy"
          },
          {
            "code": "7796-6",
            "display": "Platelet clump [Presence] in Blood by Light microscopy"
          },
          {
            "code": "32207-3",
            "display": "Platelet distribution width [Entitic volume] in Blood by Automated count"
          },
          {
            "code": "28542-9",
            "display": "Platelet mean volume [Entitic volume] in Blood"
          },
          {
            "code": "32623-1",
            "display": "Platelet mean volume [Entitic volume] in Blood by Automated count"
          },
          {
            "code": "11125-2",
            "display": "Platelet morphology finding [Identifier] in Blood"
          },
          {
            "code": "18312-9",
            "display": "Platelet satellitism [Presence] in Blood by Light microscopy"
          },
          {
            "code": "26515-7",
            "display": "Platelets [#/volume] in Blood"
          },
          {
            "code": "777-3",
            "display": "Platelets [#/volume] in Blood by Automated count"
          },
          {
            "code": "49497-1",
            "display": "Platelets [#/volume] in Blood by Estimate"
          },
          {
            "code": "778-1",
            "display": "Platelets [#/volume] in Blood by Manual count"
          },
          {
            "code": "33216-3",
            "display": "Platelets agranular [Presence] in Blood by Light microscopy"
          },
          {
            "code": "32146-3",
            "display": "Platelets Large [Presence] in Blood by Light microscopy"
          },
          {
            "code": "32208-1",
            "display": "Platelets Small [Presence] in Blood by Light microscopy"
          },
          {
            "code": "779-9",
            "display": "Poikilocytosis [Presence] in Blood by Light microscopy"
          },
          {
            "code": "10378-8",
            "display": "Polychromasia [Presence] in Blood by Light microscopy"
          },
          {
            "code": "35003-3",
            "display": "Polymorphonuclear cells [#/volume] in Blood"
          },
          {
            "code": "34999-3",
            "display": "Polymorphonuclear cells/100 leukocytes in Blood"
          },
          {
            "code": "50260-9",
            "display": "Prekeratocytes [Presence] in Blood by Light microscopy"
          },
          {
            "code": "30464-2",
            "display": "Prolymphocytes [#/volume] in Blood"
          },
          {
            "code": "30465-9",
            "display": "Prolymphocytes/100 leukocytes in Blood"
          },
          {
            "code": "6746-2",
            "display": "Prolymphocytes/100 leukocytes in Blood by Manual count"
          },
          {
            "code": "34926-6",
            "display": "Promonocytes [#/volume] in Blood"
          },
          {
            "code": "30466-7",
            "display": "Promonocytes/100 leukocytes in Blood"
          },
          {
            "code": "26523-1",
            "display": "Promyelocytes [#/volume] in Blood"
          },
          {
            "code": "26524-9",
            "display": "Promyelocytes/100 leukocytes in Blood"
          },
          {
            "code": "33044-9",
            "display": "Pyknosis [Presence] in Blood by Light microscopy"
          },
          {
            "code": "7797-4",
            "display": "Rouleaux [Presence] in Blood by Light microscopy"
          },
          {
            "code": "800-3",
            "display": "Schistocytes [Presence] in Blood by Light microscopy"
          },
          {
            "code": "30451-9",
            "display": "Segmented neutrophils [#/volume] in Blood"
          },
          {
            "code": "26505-8",
            "display": "Segmented neutrophils/100 leukocytes in Blood"
          },
          {
            "code": "32200-8",
            "display": "Segmented neutrophils/100 leukocytes in Blood by Automated count"
          },
          {
            "code": "769-0",
            "display": "Segmented neutrophils/100 leukocytes in Blood by Manual count"
          },
          {
            "code": "34918-3",
            "display": "Sezary cells [#/volume] in Blood"
          },
          {
            "code": "13048-4",
            "display": "Sezary cells [Presence] in Blood by Light microscopy"
          },
          {
            "code": "34919-1",
            "display": "Sezary cells/100 leukocytes in Blood"
          },
          {
            "code": "801-1",
            "display": "Sickle cells [Presence] in Blood by Light microscopy"
          },
          {
            "code": "34993-6",
            "display": "Smudge cells [#/volume] in Blood"
          },
          {
            "code": "7798-2",
            "display": "Smudge cells [Presence] in Blood by Light microscopy"
          },
          {
            "code": "34992-8",
            "display": "Smudge cells/100 leukocytes in Blood"
          },
          {
            "code": "802-9",
            "display": "Spherocytes [Presence] in Blood by Light microscopy"
          },
          {
            "code": "10380-4",
            "display": "Stomatocytes [Presence] in Blood by Light microscopy"
          },
          {
            "code": "10381-2",
            "display": "Target cells [Presence] in Blood by Light microscopy"
          },
          {
            "code": "803-7",
            "display": "Toxic granules [Presence] in Blood by Light microscopy"
          },
          {
            "code": "26477-0",
            "display": "Variant lymphocytes [#/volume] in Blood"
          },
          {
            "code": "43743-4",
            "display": "Variant lymphocytes [#/volume] in Blood by Automated count"
          },
          {
            "code": "13046-8",
            "display": "Variant lymphocytes/100 leukocytes in Blood"
          },
          {
            "code": "42250-1",
            "display": "Variant lymphocytes/100 leukocytes in Blood by Automated count"
          }
        ]
      }
    ]
  }
}