URL,Version,Status,OIDs,Name,Title,Descriptino,Used
http://hl7.org/fhir/sid/icd-10-cm,2.0.1,active,"2.16.840.1.113883.6.90",Icd10CM,International Classification of Diseases, 10th Revision, Clinical Modification (ICD-10-CM),"The International Classification of Diseases, 10th Revision, Clinical Modification (ICD-10-CM), describes the classification of morbidity and mortality information for statistical purposes and for the indexing of healthcare records by diseases. The ICD-10-CM codes can be used as the value of the Act.cd attribute.","ValueSet/gvhd-icd10-codes"
http://loinc.org,3.1.0,active,"2.16.840.1.113883.6.1",LOINC,Logical Observation Identifiers, Names and Codes (LOINC),"LOINC provides a set of universal names and ID codes for identifying laboratory and clinical test results.1,2 LOINC facilitates the exchange and pooling of results, such as blood hemoglobin, serum potassium, or vital signs, for clinical care, outcomes management, and research. LOINC's universal identifiers (names and codes) can be used in the context of order and observation exchanges between information systems that use syntax standards such as HL73, CEN TC251, ISO TC215, ASTM4, and DICOM. Specifically, the identifier can be used as the coded value for an observation in any other standard that uses the observation/observation value paradigm, whether messages, documents, application programming interface (API), etc. For example, LOINC codes are used widely in the OBX segment Observation Identifier field (OBX-3) of an ORU HL7 (HL7 version 2.x or ASTM 1238-9410) message that may be sent between a Clinical Laboratory Information Management Systems (LIMS) and Electronic Health Record Systems (EHR).5, 6 In this way, LOINC codes provide universal identifiers that allow the exchange of clinical data between heterogeneous computing environments.","ValueSet/cibmtr-priority-variables-2021,ValueSet/cibmtr-priority-variables-2022,ValueSet/leukocyte-morphology-blood-vs,ValueSet/cbc-w-differential-unspecified-blood-vs,ValueSet/smear-morphology-blood-vs,ValueSet/cbc-blood-automated-vs,ValueSet/auto-differential-blood-vs,ValueSet/cibmtr-priority-variables-epic-2021,ValueSet/erythrocyte-morphology-blood-vs,ValueSet/manual-differential-blood-vs,ValueSet/presence-valueset,ValueSet/platelet-morphology-blood-vs,ValueSet/differential-unspecified-blood-vs"
http://snomed.info/sct,null,active,"2.16.840.1.113883.6.96",SNOMED_CT,SNOMED CT (all versions),"SNOMED CT is the most comprehensive and precise clinical health terminology product in the world, owned and distributed around the world by The International Health Terminology Standards Development Organisation (IHTSDO).","ValueSet/presence-valueset,ValueSet/gvhd-sct-codes,ValueSet/snomed-myelodysplastic-diseases-vs,ValueSet/hematopoietic-disorder-vs"
http://www.nlm.nih.gov/research/umls/rxnorm,3.0.1,active,"2.16.840.1.113883.6.88",RxNorm,RxNorm,"RxNorm provides normalized names for clinical drugs and links its names to many of the drug vocabularies commonly used in pharmacy management and drug interaction software, including those of First Databank, Micromedex, and Gold Standard Drug Database. By providing links between these vocabularies, RxNorm can mediate messages between systems not using the same software and vocabulary. RxNorm now includes the United States Pharmacopeia (USP) Compendial Nomenclature from the United States Pharmacopeial Convention. USP is a cumulative data set of all Active Pharmaceutical Ingredients (API).","ValueSet/med-prior-exposure-vs,ValueSet/med-etoposide-vs,ValueSet/med-thiotepa-vs,ValueSet/med-fludarabine-vs,ValueSet/med-post-hct-disease-therapy-planned-vs,ValueSet/med-treosulfan-vs,ValueSet/med-prep-regimen-vs,ValueSet/med-gvhd-prophylaxis-vs,ValueSet/med-carmustine-vs,ValueSet/med-cytarabine-vs,ValueSet/med-busulfan-vs,ValueSet/med-ursodiol-vs,ValueSet/med-cyclophosphamide-vs,ValueSet/med-addition-peri-transplant-vs,ValueSet/med-mobilizing-agents-vs,ValueSet/med-defibrotide-vs,ValueSet/med-alemtuzumab-vs,ValueSet/med-melphalan-vs,ValueSet/med-rituximab-vs,ValueSet/med-bortezomib-vs,ValueSet/med-anti-thymocyte-globulin-vs"
