{"resourceType":"ValueSet","id":"cbc-w-auto-differential-blood-vs","text":{"status":"generated","div":"<div xmlns=\"http://www.w3.org/1999/xhtml\"><p>This value set includes codes based on the following rules:</p><ul><li>Import all the codes that are contained in <a href=\"ValueSet-cbc-blood-automated-vs.html\">http://fhir.nmdp.org/ig/cibmtr-reporting/ValueSet/cbc-blood-automated-vs</a></li><li>Import all the codes that are contained in <a href=\"ValueSet-auto-differential-blood-vs.html\">http://fhir.nmdp.org/ig/cibmtr-reporting/ValueSet/auto-differential-blood-vs</a></li></ul></div>"},"url":"http://fhir.nmdp.org/ig/cibmtr-reporting/ValueSet/cbc-w-auto-differential-blood-vs","version":"0.1.2","name":"CBCWAutoDifferentialBloodVS","title":"CBC W Auto Differential panel - Blood (57021-8)","status":"active","date":"2021-03-02T13:25:50-06:00","publisher":"NMDP/Be The Match","contact":[{"name":"NMDP/Be The Match","telecom":[{"system":"url","value":"http://bethematch.org"}]},{"name":"Bob Milius","telecom":[{"system":"email","value":"bmilius@nmdp.org"}]}],"description":"CBC W Auto Differential panel - Blood (57021-8)","compose":{"include":[{"valueSet":["http://fhir.nmdp.org/ig/cibmtr-reporting/ValueSet/cbc-blood-automated-vs"]},{"valueSet":["http://fhir.nmdp.org/ig/cibmtr-reporting/ValueSet/auto-differential-blood-vs"]}]}}