{
  "resourceType": "Patient",
  "id": "PatientExample5",
  "meta": {
    "profile": [
      "http://fhir.nmdp.org/ig/cibmtr-reporting/StructureDefinition/cibmtr-patient"
    ],
    "security": [
      {
        "system": "http://terminology.cibmtr.org/codesystem/transplant-center",
        "code": "rc_00000",
        "display": "00000 Good Health Medical Center"
      }
    ]
  },
  "text": {
    "status": "extensions",
    "div": "<div xmlns=\"http://www.w3.org/1999/xhtml\"><p><b>Generated Narrative</b></p><blockquote><p><b>US Core Race Extension</b></p><h3>Urls</h3><table class=\"grid\"><tr><td>-</td></tr><tr><td>*</td></tr></table><p><b>value</b>: Mixed</p><h3>Urls</h3><table class=\"grid\"><tr><td>-</td></tr><tr><td>*</td></tr></table><p><b>value</b>: <span title=\"{urn:oid:2.16.840.1.113883.6.238 2054-5}\">Black or African American</span></p><h3>Urls</h3><table class=\"grid\"><tr><td>-</td></tr><tr><td>*</td></tr></table><p><b>value</b>: <span title=\"{urn:oid:2.16.840.1.113883.6.238 2028-9}\">Asian</span></p></blockquote><blockquote><p><b>US Core Ethnicity Extension</b></p><h3>Urls</h3><table class=\"grid\"><tr><td>-</td></tr><tr><td>*</td></tr></table><p><b>value</b>: Not Hispanic or Latino</p><h3>Urls</h3><table class=\"grid\"><tr><td>-</td></tr><tr><td>*</td></tr></table><p><b>value</b>: <span title=\"{urn:oid:2.16.840.1.113883.6.238 2186-5}\">Not Hispanic or Latino</span></p></blockquote><p><b>identifier</b>: id: abc, id: 1234567 (OFFICIAL)</p><p><b>name</b>: Peter Doe </p><p><b>gender</b>: male</p><p><b>birthDate</b>: 1952-05-07</p><p><b>address</b>: Grand Prarie Texas (HOME)</p><p><b>managingOrganization</b>: <span>Good Health Medical Center</span></p></div>"
  },
  "extension": [
    {
      "extension": [
        {
          "url": "text",
          "valueString": "Mixed"
        },
        {
          "url": "ombCategory",
          "valueCoding": {
            "system": "urn:oid:2.16.840.1.113883.6.238",
            "code": "2054-5",
            "display": "Black or African American"
          }
        },
        {
          "url": "ombCategory",
          "valueCoding": {
            "system": "urn:oid:2.16.840.1.113883.6.238",
            "code": "2028-9",
            "display": "Asian"
          }
        }
      ],
      "url": "http://hl7.org/fhir/us/core/StructureDefinition/us-core-race"
    },
    {
      "extension": [
        {
          "url": "text",
          "valueString": "Not Hispanic or Latino"
        },
        {
          "url": "ombCategory",
          "valueCoding": {
            "system": "urn:oid:2.16.840.1.113883.6.238",
            "code": "2186-5",
            "display": "Not Hispanic or Latino"
          }
        }
      ],
      "url": "http://hl7.org/fhir/us/core/StructureDefinition/us-core-ethnicity"
    }
  ],
  "identifier": [
    {
      "system": "http://example.org/mrn",
      "value": "abc"
    },
    {
      "use": "official",
      "system": "http://terminology.cibmtr.org/identifier/CRID",
      "value": "1234567"
    }
  ],
  "name": [
    {
      "family": "Doe",
      "given": [
        "Peter"
      ]
    }
  ],
  "gender": "male",
  "birthDate": "1952-05-07",
  "address": [
    {
      "use": "home",
      "city": "Grand Prarie",
      "state": "Texas"
    }
  ],
  "managingOrganization": {
    "identifier": {
      "system": "http://terminology.cibmtr.org/identifier/transplant-center",
      "value": "00000"
    },
    "display": "Good Health Medical Center"
  }
}