<?xml version="1.0" encoding="UTF-8"?>

<Medication xmlns="http://hl7.org/fhir">
  <id value="Medication-Cyclophosphamide-Example"/>
  <meta>
    <profile value="http://fhir.nmdp.org/ig/cibmtr-reporting/StructureDefinition/cibmtr-medication"/>
    <security>
      <system value="http://terminology.cibmtr.org/codesystem/transplant-center"/>
      <code value="rc_99999"/>
      <display value="99999 My Transplant Center"/>
    </security>
  </meta>
  <text>
    <status value="generated"/><div xmlns="http://www.w3.org/1999/xhtml"><p><b>Generated Narrative: Medication</b><a name="Medication-Cyclophosphamide-Example"> </a></p><div style="display: inline-block; background-color: #d9e0e7; padding: 6px; margin: 4px; border: 1px solid #8da1b4; border-radius: 5px; line-height: 60%"><p style="margin-bottom: 0px">Resource Medication &quot;Medication-Cyclophosphamide-Example&quot; </p><p style="margin-bottom: 0px">Profile: <a href="StructureDefinition-cibmtr-medication.html">CIBMTR Medication (us-core)</a></p><p style="margin-bottom: 0px">Security Labels: <span title="{http://terminology.cibmtr.org/codesystem/transplant-center http://terminology.cibmtr.org/codesystem/transplant-center}">http://terminology.cibmtr.org/codesystem/transplant-center</span></p></div><p><b>code</b>: CYCLOPHOSPHAMIDE 1 G IJ SOLR <span style="background: LightGoldenRodYellow; margin: 4px; border: 1px solid khaki"> (<a href="http://terminology.hl7.org/5.0.0/CodeSystem-v3-rxNorm.html">RxNorm</a>#3002 &quot;cyclophosphamide&quot;; <a href="http://terminology.hl7.org/5.0.0/CodeSystem-v3-rxNorm.html">RxNorm</a>#1545988 &quot;cyclophosphamide anhydrous&quot;; <a href="http://terminology.hl7.org/5.0.0/CodeSystem-v3-rxNorm.html">RxNorm</a>#1734919 &quot;cyclophosphamide 1000 MG Injection&quot;)</span></p><h3>Ingredients</h3><table class="grid"><tr><td>-</td><td><b>Item[x]</b></td><td><b>Strength</b></td></tr><tr><td>*</td><td>CYCLOPHOSPHAMIDE 1 G IJ SOLR <span style="background: LightGoldenRodYellow; margin: 4px; border: 1px solid khaki"> (<a href="http://terminology.hl7.org/5.0.0/CodeSystem-v3-rxNorm.html">RxNorm</a>#3002 &quot;cyclophosphamide&quot;; <a href="http://terminology.hl7.org/5.0.0/CodeSystem-v3-rxNorm.html">RxNorm</a>#1545988 &quot;cyclophosphamide anhydrous&quot;; <a href="http://terminology.hl7.org/5.0.0/CodeSystem-v3-rxNorm.html">RxNorm</a>#1734919 &quot;cyclophosphamide 1000 MG Injection&quot;)</span></td><td>1 gram<span style="background: LightGoldenRodYellow"> (Details: UCUM code g = 'g')</span>/1 gram<span style="background: LightGoldenRodYellow"> (Details: UCUM code g = 'g')</span></td></tr></table></div>
  </text>
  <code>
    <coding>
      <system value="http://www.nlm.nih.gov/research/umls/rxnorm"/>
      <code value="3002"/>
      <display value="cyclophosphamide"/>
    </coding>
    <coding>
      <system value="http://www.nlm.nih.gov/research/umls/rxnorm"/>
      <code value="1545988"/>
      <display value="cyclophosphamide anhydrous"/>
    </coding>
    <coding>
      <system value="http://www.nlm.nih.gov/research/umls/rxnorm"/>
      <code value="1734919"/>
      <display value="cyclophosphamide 1000 MG Injection"/>
    </coding>
    <text value="CYCLOPHOSPHAMIDE 1 G IJ SOLR"/>
  </code>
  <ingredient>
    <itemCodeableConcept>
      <coding>
        <system value="http://www.nlm.nih.gov/research/umls/rxnorm"/>
        <code value="3002"/>
        <display value="cyclophosphamide"/>
      </coding>
      <coding>
        <system value="http://www.nlm.nih.gov/research/umls/rxnorm"/>
        <code value="1545988"/>
        <display value="cyclophosphamide anhydrous"/>
      </coding>
      <coding>
        <system value="http://www.nlm.nih.gov/research/umls/rxnorm"/>
        <code value="1734919"/>
        <display value="cyclophosphamide 1000 MG Injection"/>
      </coding>
      <text value="CYCLOPHOSPHAMIDE 1 G IJ SOLR"/>
    </itemCodeableConcept>
    <strength>
      <numerator>
        <value value="1"/>
        <unit value="gram"/>
        <system value="http://unitsofmeasure.org"/>
        <code value="g"/>
      </numerator>
      <denominator>
        <value value="1"/>
        <unit value="gram"/>
        <system value="http://unitsofmeasure.org"/>
        <code value="g"/>
      </denominator>
    </strength>
  </ingredient>
</Medication>