<?xml version="1.0" encoding="UTF-8"?><ValueSet xmlns="http://hl7.org/fhir"><id value="med-gvhd-prophylaxis-vs"/><text><status value="generated"/><div xmlns="http://www.w3.org/1999/xhtml"><ul><li>Include these codes as defined in <a href="http://www.nlm.nih.gov/research/umls/rxnorm"><code>http://www.nlm.nih.gov/research/umls/rxnorm</code></a><table class="none"><tr><td style="white-space:nowrap"><b>Code</b></td><td><b>Display</b></td></tr><tr><td>105585</td><td>methotrexate 2.5 MG Oral Tablet</td></tr><tr><td>105586</td><td>methotrexate 10 MG Oral Tablet</td></tr><tr><td>105589</td><td>methotrexate 100 MG/ML Injectable Solution</td></tr><tr><td>108513</td><td>tacrolimus 1 MG Oral Capsule [Prograf]</td></tr><tr><td>108514</td><td>tacrolimus 5 MG Oral Capsule [Prograf]</td></tr><tr><td>108515</td><td>1 ML tacrolimus 5 MG/ML Injection [Prograf]</td></tr><tr><td>1093172</td><td>cyclosporine 0.002 MG/MG</td></tr><tr><td>1093173</td><td>cyclosporine Ophthalmic Ointment</td></tr><tr><td>1093174</td><td>cyclosporine 0.002 MG/MG Ophthalmic Ointment</td></tr><tr><td>1093175</td><td>Optimmune</td></tr><tr><td>1093176</td><td>cyclosporine 0.002 MG/MG [Optimmune]</td></tr><tr><td>1093177</td><td>cyclosporine Ophthalmic Ointment [Optimmune]</td></tr><tr><td>1093178</td><td>cyclosporine 0.002 MG/MG Ophthalmic Ointment [Optimmune]</td></tr><tr><td>1145927</td><td>abatacept 125 MG/ML</td></tr><tr><td>1145928</td><td>abatacept Prefilled Syringe</td></tr><tr><td>1145929</td><td>1 ML abatacept 125 MG/ML Prefilled Syringe</td></tr><tr><td>1145930</td><td>abatacept 125 MG/ML [Orencia]</td></tr><tr><td>1145931</td><td>abatacept Prefilled Syringe [Orencia]</td></tr><tr><td>1145932</td><td>1 ML abatacept 125 MG/ML Prefilled Syringe [Orencia]</td></tr><tr><td>1151834</td><td>daclizumab Injectable Product</td></tr><tr><td>1156181</td><td>cyclophosphamide Injectable Product</td></tr><tr><td>1156182</td><td>cyclophosphamide Oral Product</td></tr><tr><td>1156183</td><td>cyclophosphamide Pill</td></tr><tr><td>1156186</td><td>cyclosporine Injectable Product</td></tr><tr><td>1156187</td><td>cyclosporine Ophthalmic Product</td></tr><tr><td>1156188</td><td>cyclosporine Oral Liquid Product</td></tr><tr><td>1156189</td><td>cyclosporine Oral Product</td></tr><tr><td>1156190</td><td>cyclosporine Pill</td></tr><tr><td>1157869</td><td>mycophenolate mofetil Injectable Product</td></tr><tr><td>1157870</td><td>mycophenolate mofetil Oral Liquid Product</td></tr><tr><td>1157871</td><td>mycophenolate mofetil Oral Product</td></tr><tr><td>1157872</td><td>mycophenolate mofetil Pill</td></tr><tr><td>1158757</td><td>sirolimus Oral Liquid Product</td></tr><tr><td>1158758</td><td>sirolimus Oral Product</td></tr><tr><td>1158759</td><td>sirolimus Pill</td></tr><tr><td>1161488</td><td>temsirolimus Injectable Product</td></tr><tr><td>1162235</td><td>methotrexate Injectable Product</td></tr><tr><td>1162236</td><td>methotrexate Oral Product</td></tr><tr><td>1162237</td><td>methotrexate Pill</td></tr><tr><td>1162729</td><td>tocilizumab Injectable Product</td></tr><tr><td>1163066</td><td>abatacept Injectable Product</td></tr><tr><td>1163075</td><td>bortezomib Injectable Product</td></tr><tr><td>1163655</td><td>tacrolimus Injectable Product</td></tr><tr><td>1164202</td><td>tacrolimus Oral Product</td></tr><tr><td>1164203</td><td>tacrolimus Pill</td></tr><tr><td>1164204</td><td>tacrolimus Topical Product</td></tr><tr><td>1165075</td><td>maraviroc Oral Product</td></tr><tr><td>1165076</td><td>maraviroc Pill</td></tr><tr><td>1166213</td><td>Cellcept Injectable Product</td></tr><tr><td>1166214</td><td>Cellcept Oral Liquid Product</td></tr><tr><td>1166215</td><td>Cellcept Oral Product</td></tr><tr><td>1166216</td><td>Cellcept Pill</td></tr><tr><td>1169167</td><td>Actemra Injectable Product</td></tr><tr><td>1169824</td><td>Gengraf Oral Liquid Product</td></tr><tr><td>1169825</td><td>Gengraf Oral Product</td></tr><tr><td>1169826</td><td>Gengraf Pill</td></tr><tr><td>1172882</td><td>Atopica Oral Product</td></tr><tr><td>1172883</td><td>Atopica Pill</td></tr><tr><td>1177701</td><td>Rapamune Oral Liquid Product</td></tr><tr><td>1177702</td><td>Rapamune Oral Product</td></tr><tr><td>1177703</td><td>Rapamune Pill</td></tr><tr><td>1178366</td><td>Selzentry Oral Product</td></tr><tr><td>1178367</td><td>Selzentry Pill</td></tr><tr><td>1179677</td><td>Trexall Oral Product</td></tr><tr><td>1179678</td><td>Trexall Pill</td></tr><tr><td>1180662</td><td>Prograf Injectable Product</td></tr><tr><td>1180663</td><td>Prograf Oral Product</td></tr><tr><td>1180664</td><td>Prograf Pill</td></tr><tr><td>1181672</td><td>Neoral Oral Liquid Product</td></tr><tr><td>1181673</td><td>Neoral Oral Product</td></tr><tr><td>1181674</td><td>Neoral Pill</td></tr><tr><td>1182342</td><td>Optimmune Ophthalmic Product</td></tr><tr><td>1182458</td><td>Protopic Topical Product</td></tr><tr><td>1182527</td><td>Restasis Ophthalmic Product</td></tr><tr><td>1183963</td><td>Orencia Injectable Product</td></tr><tr><td>1185408</td><td>Sandimmune Injectable Product</td></tr><tr><td>1185409</td><td>Sandimmune Oral Liquid Product</td></tr><tr><td>1185410</td><td>Sandimmune Oral Product</td></tr><tr><td>1185411</td><td>Sandimmune Pill</td></tr><tr><td>1187756</td><td>Velcade Injectable Product</td></tr><tr><td>1193325</td><td>ruxolitinib phosphate</td></tr><tr><td>1193326</td><td>ruxolitinib</td></tr><tr><td>1193327</td><td>ruxolitinib 10 MG</td></tr><tr><td>1193328</td><td>ruxolitinib Oral Product</td></tr><tr><td>1193329</td><td>ruxolitinib Pill</td></tr><tr><td>1193330</td><td>ruxolitinib Oral Tablet</td></tr><tr><td>1193331</td><td>ruxolitinib 10 MG Oral Tablet</td></tr><tr><td>1193332</td><td>Jakafi</td></tr><tr><td>1193333</td><td>ruxolitinib 10 MG [Jakafi]</td></tr><tr><td>1193334</td><td>ruxolitinib Oral Tablet [Jakafi]</td></tr><tr><td>1193335</td><td>Jakafi Oral Product</td></tr><tr><td>1193336</td><td>Jakafi Pill</td></tr><tr><td>1193337</td><td>ruxolitinib 10 MG Oral Tablet [Jakafi]</td></tr><tr><td>1193338</td><td>ruxolitinib 5 MG</td></tr><tr><td>1193339</td><td>ruxolitinib 5 MG Oral Tablet</td></tr><tr><td>1193340</td><td>ruxolitinib 5 MG [Jakafi]</td></tr><tr><td>1193341</td><td>ruxolitinib 5 MG Oral Tablet [Jakafi]</td></tr><tr><td>1193342</td><td>ruxolitinib 15 MG</td></tr><tr><td>1193343</td><td>ruxolitinib 15 MG Oral Tablet</td></tr><tr><td>1193344</td><td>ruxolitinib 15 MG [Jakafi]</td></tr><tr><td>1193345</td><td>ruxolitinib 15 MG Oral Tablet [Jakafi]</td></tr><tr><td>1193346</td><td>ruxolitinib 20 MG</td></tr><tr><td>1193347</td><td>ruxolitinib 20 MG Oral Tablet</td></tr><tr><td>1193348</td><td>ruxolitinib 20 MG [Jakafi]</td></tr><tr><td>1193349</td><td>ruxolitinib 20 MG Oral Tablet [Jakafi]</td></tr><tr><td>1193350</td><td>ruxolitinib 25 MG</td></tr><tr><td>1193351</td><td>ruxolitinib 25 MG Oral Tablet</td></tr><tr><td>1193352</td><td>ruxolitinib 25 MG [Jakafi]</td></tr><tr><td>1193353</td><td>ruxolitinib 25 MG Oral Tablet [Jakafi]</td></tr><tr><td>1233905</td><td>cyclosporine, modified 100 MG/ML [Atopica]</td></tr><tr><td>1233906</td><td>cyclosporine Oral Solution [Atopica]</td></tr><tr><td>1233907</td><td>Atopica Oral Liquid Product</td></tr><tr><td>1233908</td><td>cyclosporine, modified 100 MG/ML Oral Solution [Atopica]</td></tr><tr><td>1431970</td><td>tacrolimus Extended Release Oral Capsule</td></tr><tr><td>1431971</td><td>24 HR tacrolimus 0.5 MG Extended Release Oral Capsule</td></tr><tr><td>1431972</td><td>Astagraf</td></tr><tr><td>1431973</td><td>tacrolimus 0.5 MG [Astagraf]</td></tr><tr><td>1431974</td><td>tacrolimus Extended Release Oral Capsule [Astagraf]</td></tr><tr><td>1431975</td><td>Astagraf Oral Product</td></tr><tr><td>1431976</td><td>Astagraf Pill</td></tr><tr><td>1431977</td><td>24 HR tacrolimus 0.5 MG Extended Release Oral Capsule [Astagraf]</td></tr><tr><td>1431980</td><td>24 HR tacrolimus 1 MG Extended Release Oral Capsule</td></tr><tr><td>1431981</td><td>tacrolimus 1 MG [Astagraf]</td></tr><tr><td>1431982</td><td>24 HR tacrolimus 1 MG Extended Release Oral Capsule [Astagraf]</td></tr><tr><td>1431985</td><td>24 HR tacrolimus 5 MG Extended Release Oral Capsule</td></tr><tr><td>1431986</td><td>tacrolimus 5 MG [Astagraf]</td></tr><tr><td>1431987</td><td>24 HR tacrolimus 5 MG Extended Release Oral Capsule [Astagraf]</td></tr><tr><td>1437967</td><td>cyclophosphamide Oral Capsule</td></tr><tr><td>1437968</td><td>cyclophosphamide 25 MG Oral Capsule</td></tr><tr><td>1437969</td><td>cyclophosphamide 50 MG Oral Capsule</td></tr><tr><td>1441402</td><td>0.4 ML methotrexate 25 MG/ML Auto-Injector</td></tr><tr><td>1441403</td><td>Otrexup</td></tr><tr><td>1441404</td><td>methotrexate 25 MG/ML [Otrexup]</td></tr><tr><td>1441406</td><td>Otrexup Injectable Product</td></tr><tr><td>1441407</td><td>0.4 ML methotrexate 25 MG/ML Auto-Injector [Otrexup]</td></tr><tr><td>1441410</td><td>methotrexate 37.5 MG/ML</td></tr><tr><td>1441411</td><td>0.4 ML methotrexate 37.5 MG/ML Auto-Injector</td></tr><tr><td>1441412</td><td>methotrexate 37.5 MG/ML [Otrexup]</td></tr><tr><td>1441413</td><td>0.4 ML methotrexate 37.5 MG/ML Auto-Injector [Otrexup]</td></tr><tr><td>1441416</td><td>0.4 ML methotrexate 50 MG/ML Auto-Injector</td></tr><tr><td>1441417</td><td>methotrexate 50 MG/ML [Otrexup]</td></tr><tr><td>1441418</td><td>0.4 ML methotrexate 50 MG/ML Auto-Injector [Otrexup]</td></tr><tr><td>1441421</td><td>methotrexate 62.5 MG/ML</td></tr><tr><td>1441422</td><td>0.4 ML methotrexate 62.5 MG/ML Auto-Injector</td></tr><tr><td>1441423</td><td>methotrexate 62.5 MG/ML [Otrexup]</td></tr><tr><td>1441424</td><td>0.4 ML methotrexate 62.5 MG/ML Auto-Injector [Otrexup]</td></tr><tr><td>1441525</td><td>tocilizumab 180 MG/ML</td></tr><tr><td>1441526</td><td>tocilizumab Prefilled Syringe</td></tr><tr><td>1441527</td><td>0.9 ML tocilizumab 180 MG/ML Prefilled Syringe</td></tr><tr><td>1441528</td><td>tocilizumab 180 MG/ML [Actemra]</td></tr><tr><td>1441529</td><td>tocilizumab Prefilled Syringe [Actemra]</td></tr><tr><td>1441530</td><td>0.9 ML tocilizumab 180 MG/ML Prefilled Syringe [Actemra]</td></tr><tr><td>152633</td><td>Cellcept</td></tr><tr><td>1544378</td><td>0.2 ML methotrexate 50 MG/ML Auto-Injector</td></tr><tr><td>1544379</td><td>Rasuvo</td></tr><tr><td>1544380</td><td>methotrexate 50 MG/ML [Rasuvo]</td></tr><tr><td>1544382</td><td>Rasuvo Injectable Product</td></tr><tr><td>1544383</td><td>0.2 ML methotrexate 50 MG/ML Auto-Injector [Rasuvo]</td></tr><tr><td>1544385</td><td>0.25 ML methotrexate 50 MG/ML Auto-Injector</td></tr><tr><td>1544386</td><td>0.25 ML methotrexate 50 MG/ML Auto-Injector [Rasuvo]</td></tr><tr><td>1544387</td><td>0.3 ML methotrexate 50 MG/ML Auto-Injector</td></tr><tr><td>1544388</td><td>0.3 ML methotrexate 50 MG/ML Auto-Injector [Rasuvo]</td></tr><tr><td>1544389</td><td>0.35 ML methotrexate 50 MG/ML Auto-Injector</td></tr><tr><td>1544390</td><td>0.35 ML methotrexate 50 MG/ML Auto-Injector [Rasuvo]</td></tr><tr><td>1544394</td><td>0.4 ML methotrexate 50 MG/ML Auto-Injector [Rasuvo]</td></tr><tr><td>1544395</td><td>0.45 ML methotrexate 50 MG/ML Auto-Injector</td></tr><tr><td>1544396</td><td>0.45 ML methotrexate 50 MG/ML Auto-Injector [Rasuvo]</td></tr><tr><td>1544397</td><td>0.5 ML methotrexate 50 MG/ML Auto-Injector</td></tr><tr><td>1544398</td><td>0.5 ML methotrexate 50 MG/ML Auto-Injector [Rasuvo]</td></tr><tr><td>1544401</td><td>0.6 ML methotrexate 50 MG/ML Auto-Injector</td></tr><tr><td>1544402</td><td>0.6 ML methotrexate 50 MG/ML Auto-Injector [Rasuvo]</td></tr><tr><td>1544403</td><td>0.15 ML methotrexate 50 MG/ML Auto-Injector</td></tr><tr><td>1544404</td><td>0.15 ML methotrexate 50 MG/ML Auto-Injector [Rasuvo]</td></tr><tr><td>1545988</td><td>cyclophosphamide anhydrous</td></tr><tr><td>1655203</td><td>methotrexate Auto-Injector</td></tr><tr><td>1655205</td><td>methotrexate Auto-Injector [Otrexup]</td></tr><tr><td>1655252</td><td>methotrexate Auto-Injector [Rasuvo]</td></tr><tr><td>1655955</td><td>methotrexate Injection</td></tr><tr><td>1655956</td><td>40 ML methotrexate 25 MG/ML Injection</td></tr><tr><td>1655959</td><td>10 ML methotrexate 25 MG/ML Injection</td></tr><tr><td>1655960</td><td>2 ML methotrexate 25 MG/ML Injection</td></tr><tr><td>1655967</td><td>4 ML methotrexate 25 MG/ML Injection</td></tr><tr><td>1655968</td><td>8 ML methotrexate 25 MG/ML Injection</td></tr><tr><td>1656681</td><td>methotrexate 1000 MG</td></tr><tr><td>1657973</td><td>tocilizumab Injection</td></tr><tr><td>1657974</td><td>4 ML tocilizumab 20 MG/ML Injection</td></tr><tr><td>1657975</td><td>tocilizumab Injection [Actemra]</td></tr><tr><td>1657976</td><td>4 ML tocilizumab 20 MG/ML Injection [Actemra]</td></tr><tr><td>1657979</td><td>10 ML tocilizumab 20 MG/ML Injection</td></tr><tr><td>1657980</td><td>10 ML tocilizumab 20 MG/ML Injection [Actemra]</td></tr><tr><td>1657981</td><td>20 ML tocilizumab 20 MG/ML Injection</td></tr><tr><td>1657982</td><td>20 ML tocilizumab 20 MG/ML Injection [Actemra]</td></tr><tr><td>1659771</td><td>abatacept 250 MG</td></tr><tr><td>1659772</td><td>abatacept Injection</td></tr><tr><td>1659774</td><td>abatacept 250 MG [Orencia]</td></tr><tr><td>1659775</td><td>abatacept Injection [Orencia]</td></tr><tr><td>1664432</td><td>tacrolimus 4 MG</td></tr><tr><td>1664433</td><td>tacrolimus Extended Release Oral Tablet</td></tr><tr><td>1664434</td><td>24 HR tacrolimus 4 MG Extended Release Oral Tablet</td></tr><tr><td>1664435</td><td>Envarsus</td></tr><tr><td>1664436</td><td>tacrolimus 4 MG [Envarsus]</td></tr><tr><td>1664437</td><td>tacrolimus Extended Release Oral Tablet [Envarsus]</td></tr><tr><td>1664438</td><td>Envarsus Oral Product</td></tr><tr><td>1664439</td><td>Envarsus Pill</td></tr><tr><td>1664440</td><td>24 HR tacrolimus 4 MG Extended Release Oral Tablet [Envarsus]</td></tr><tr><td>1664455</td><td>tacrolimus 0.75 MG</td></tr><tr><td>1664456</td><td>24 HR tacrolimus 0.75 MG Extended Release Oral Tablet</td></tr><tr><td>1664457</td><td>tacrolimus 0.75 MG [Envarsus]</td></tr><tr><td>1664458</td><td>24 HR tacrolimus 0.75 MG Extended Release Oral Tablet [Envarsus]</td></tr><tr><td>1664461</td><td>24 HR tacrolimus 1 MG Extended Release Oral Tablet</td></tr><tr><td>1664462</td><td>tacrolimus 1 MG [Envarsus]</td></tr><tr><td>1664463</td><td>24 HR tacrolimus 1 MG Extended Release Oral Tablet [Envarsus]</td></tr><tr><td>1724304</td><td>temsirolimus Injection</td></tr><tr><td>1724306</td><td>temsirolimus Injection [Torisel]</td></tr><tr><td>1726176</td><td>mycophenolate mofetil Injection</td></tr><tr><td>1726179</td><td>mycophenolate mofetil Injection [Cellcept]</td></tr><tr><td>1732364</td><td>cyclosporine Injection</td></tr><tr><td>1732366</td><td>cyclosporine Injection [Sandimmune]</td></tr><tr><td>1734915</td><td>cyclophosphamide 500 MG</td></tr><tr><td>1734916</td><td>cyclophosphamide Injection</td></tr><tr><td>1734917</td><td>cyclophosphamide 500 MG Injection</td></tr><tr><td>1734918</td><td>cyclophosphamide 1000 MG</td></tr><tr><td>1734919</td><td>cyclophosphamide 1000 MG Injection</td></tr><tr><td>1734920</td><td>cyclophosphamide 2000 MG</td></tr><tr><td>1734921</td><td>cyclophosphamide 2000 MG Injection</td></tr><tr><td>1738334</td><td>tacrolimus Injection</td></tr><tr><td>1738336</td><td>tacrolimus Injection [Prograf]</td></tr><tr><td>1747178</td><td>methotrexate 31.3 MG/ML</td></tr><tr><td>1747179</td><td>0.4 ML methotrexate 31.3 MG/ML Auto-Injector</td></tr><tr><td>1747180</td><td>methotrexate 31.3 MG/ML [Otrexup]</td></tr><tr><td>1747181</td><td>0.4 ML methotrexate 31.3 MG/ML Auto-Injector [Otrexup]</td></tr><tr><td>1747184</td><td>methotrexate 43.8 MG/ML</td></tr><tr><td>1747185</td><td>0.4 ML methotrexate 43.8 MG/ML Auto-Injector</td></tr><tr><td>1747186</td><td>methotrexate 43.8 MG/ML [Otrexup]</td></tr><tr><td>1747187</td><td>0.4 ML methotrexate 43.8 MG/ML Auto-Injector [Otrexup]</td></tr><tr><td>1747191</td><td>methotrexate 56.3 MG/ML</td></tr><tr><td>1747192</td><td>0.4 ML methotrexate 56.3 MG/ML Auto-Injector</td></tr><tr><td>1747193</td><td>methotrexate 56.3 MG/ML [Otrexup]</td></tr><tr><td>1747194</td><td>0.4 ML methotrexate 56.3 MG/ML Auto-Injector [Otrexup]</td></tr><tr><td>1799227</td><td>abatacept Auto-Injector</td></tr><tr><td>1799228</td><td>1 ML abatacept 125 MG/ML Auto-Injector</td></tr><tr><td>1799229</td><td>abatacept Auto-Injector [Orencia]</td></tr><tr><td>1799230</td><td>1 ML abatacept 125 MG/ML Auto-Injector [Orencia]</td></tr><tr><td>1804993</td><td>bortezomib 3.5 MG</td></tr><tr><td>1804994</td><td>bortezomib Injection</td></tr><tr><td>1804996</td><td>bortezomib 3.5 MG [Velcade]</td></tr><tr><td>1804997</td><td>bortezomib Injection [Velcade]</td></tr><tr><td>1857910</td><td>maraviroc 25 MG</td></tr><tr><td>1857911</td><td>maraviroc 25 MG Oral Tablet</td></tr><tr><td>1857912</td><td>maraviroc 25 MG [Selzentry]</td></tr><tr><td>1857913</td><td>maraviroc 25 MG Oral Tablet [Selzentry]</td></tr><tr><td>1857914</td><td>maraviroc 75 MG</td></tr><tr><td>1857915</td><td>maraviroc 75 MG Oral Tablet</td></tr><tr><td>1857916</td><td>maraviroc 75 MG [Selzentry]</td></tr><tr><td>1857917</td><td>maraviroc 75 MG Oral Tablet [Selzentry]</td></tr><tr><td>1857918</td><td>maraviroc 20 MG/ML</td></tr><tr><td>1857919</td><td>maraviroc Oral Liquid Product</td></tr><tr><td>1857920</td><td>maraviroc Oral Solution</td></tr><tr><td>1857921</td><td>maraviroc 20 MG/ML Oral Solution</td></tr><tr><td>1857922</td><td>maraviroc 20 MG/ML [Selzentry]</td></tr><tr><td>1857923</td><td>maraviroc Oral Solution [Selzentry]</td></tr><tr><td>1857924</td><td>Selzentry Oral Liquid Product</td></tr><tr><td>1857925</td><td>maraviroc 20 MG/ML Oral Solution [Selzentry]</td></tr><tr><td>190353</td><td>daclizumab</td></tr><tr><td>1921590</td><td>methotrexate Oral Liquid Product</td></tr><tr><td>1921591</td><td>methotrexate Oral Solution</td></tr><tr><td>1921592</td><td>methotrexate 2.5 MG/ML Oral Solution</td></tr><tr><td>1921593</td><td>Xatmep</td></tr><tr><td>1921594</td><td>methotrexate 2.5 MG/ML [Xatmep]</td></tr><tr><td>1921595</td><td>methotrexate Oral Solution [Xatmep]</td></tr><tr><td>1921596</td><td>Xatmep Oral Liquid Product</td></tr><tr><td>1921597</td><td>Xatmep Oral Product</td></tr><tr><td>1921598</td><td>methotrexate 2.5 MG/ML Oral Solution [Xatmep]</td></tr><tr><td>1925254</td><td>0.4 ML abatacept 125 MG/ML Prefilled Syringe</td></tr><tr><td>1925255</td><td>0.4 ML abatacept 125 MG/ML Prefilled Syringe [Orencia]</td></tr><tr><td>1925256</td><td>0.7 ML abatacept 125 MG/ML Prefilled Syringe</td></tr><tr><td>1925257</td><td>0.7 ML abatacept 125 MG/ML Prefilled Syringe [Orencia]</td></tr><tr><td>1946772</td><td>methotrexate 25 MG/ML Injectable Solution</td></tr><tr><td>196463</td><td>Prograf</td></tr><tr><td>197549</td><td>cyclophosphamide 25 MG Oral Tablet</td></tr><tr><td>197550</td><td>cyclophosphamide 50 MG Oral Tablet</td></tr><tr><td>197552</td><td>cyclosporine 100 MG Oral Capsule [Sandimmune]</td></tr><tr><td>197553</td><td>cyclosporine 25 MG Oral Capsule</td></tr><tr><td>198377</td><td>tacrolimus 1 MG Oral Capsule</td></tr><tr><td>198378</td><td>tacrolimus 5 MG Oral Capsule</td></tr><tr><td>198379</td><td>1 ML tacrolimus 5 MG/ML Injection</td></tr><tr><td>199058</td><td>mycophenolate mofetil 250 MG Oral Capsule</td></tr><tr><td>200060</td><td>mycophenolate mofetil 500 MG Oral Tablet</td></tr><tr><td>202816</td><td>Sandimmune</td></tr><tr><td>202817</td><td>Neoral</td></tr><tr><td>205168</td><td>cyclosporine 50 MG Oral Capsule</td></tr><tr><td>205175</td><td>5 ML cyclosporine 50 MG/ML Injection</td></tr><tr><td>2052503</td><td>tacrolimus 0.2 MG</td></tr><tr><td>2052603</td><td>tacrolimus Granule Product</td></tr><tr><td>2052604</td><td>tacrolimus Granules for Oral Suspension</td></tr><tr><td>2052605</td><td>tacrolimus 0.2 MG Granules for Oral Suspension</td></tr><tr><td>2052606</td><td>tacrolimus 0.2 MG [Prograf]</td></tr><tr><td>2052607</td><td>tacrolimus Granules for Oral Suspension [Prograf]</td></tr><tr><td>2052608</td><td>Prograf Granule Product</td></tr><tr><td>2052609</td><td>tacrolimus 0.2 MG Granules for Oral Suspension [Prograf]</td></tr><tr><td>2052703</td><td>tacrolimus 1 MG Granules for Oral Suspension</td></tr><tr><td>2052704</td><td>tacrolimus 1 MG Granules for Oral Suspension [Prograf]</td></tr><tr><td>2055019</td><td>cyclosporine 0.9 MG/ML</td></tr><tr><td>2055020</td><td>cyclosporine Ophthalmic Solution</td></tr><tr><td>2055021</td><td>cyclosporine 0.9 MG/ML Ophthalmic Solution</td></tr><tr><td>2055022</td><td>Cequa</td></tr><tr><td>2055023</td><td>cyclosporine 0.9 MG/ML [Cequa]</td></tr><tr><td>2055024</td><td>cyclosporine Ophthalmic Solution [Cequa]</td></tr><tr><td>2055025</td><td>Cequa Ophthalmic Product</td></tr><tr><td>2055026</td><td>cyclosporine 0.9 MG/ML Ophthalmic Solution [Cequa]</td></tr><tr><td>2106072</td><td>tocilizumab Auto-Injector</td></tr><tr><td>2106073</td><td>0.9 ML tocilizumab 180 MG/ML Auto-Injector</td></tr><tr><td>2106074</td><td>tocilizumab Auto-Injector [Actemra]</td></tr><tr><td>2106075</td><td>0.9 ML tocilizumab 180 MG/ML Auto-Injector [Actemra]</td></tr><tr><td>212810</td><td>cyclosporine 25 MG Oral Capsule [Sandimmune]</td></tr><tr><td>212844</td><td>5 ML cyclosporine 50 MG/ML Injection [Sandimmune]</td></tr><tr><td>212957</td><td>cyclosporine 100 MG/ML Oral Solution [Sandimmune]</td></tr><tr><td>213394</td><td>mycophenolate mofetil 500 MG Injection [Cellcept]</td></tr><tr><td>221085</td><td>cyclophosphamide lyophilized</td></tr><tr><td>235991</td><td>anhydrous tacrolimus</td></tr><tr><td>236077</td><td>cyclosporine, modified</td></tr><tr><td>237112</td><td>mycophenolate mofetil hydrochloride</td></tr><tr><td>2377332</td><td>methotrexate Prefilled Syringe</td></tr><tr><td>2377333</td><td>0.4 ML methotrexate 25 MG/ML Prefilled Syringe</td></tr><tr><td>2377334</td><td>Reditrex</td></tr><tr><td>2377335</td><td>methotrexate 25 MG/ML [Reditrex]</td></tr><tr><td>2377336</td><td>methotrexate Prefilled Syringe [Reditrex]</td></tr><tr><td>2377337</td><td>Reditrex Injectable Product</td></tr><tr><td>2377338</td><td>0.4 ML methotrexate 25 MG/ML Prefilled Syringe [Reditrex]</td></tr><tr><td>2377341</td><td>0.5 ML methotrexate 25 MG/ML Prefilled Syringe</td></tr><tr><td>2377342</td><td>0.5 ML methotrexate 25 MG/ML Prefilled Syringe [Reditrex]</td></tr><tr><td>2377343</td><td>0.6 ML methotrexate 25 MG/ML Prefilled Syringe</td></tr><tr><td>2377344</td><td>0.6 ML methotrexate 25 MG/ML Prefilled Syringe [Reditrex]</td></tr><tr><td>2377345</td><td>0.7 ML methotrexate 25 MG/ML Prefilled Syringe</td></tr><tr><td>2377346</td><td>0.7 ML methotrexate 25 MG/ML Prefilled Syringe [Reditrex]</td></tr><tr><td>2377347</td><td>0.8 ML methotrexate 25 MG/ML Prefilled Syringe</td></tr><tr><td>2377348</td><td>0.8 ML methotrexate 25 MG/ML Prefilled Syringe [Reditrex]</td></tr><tr><td>2377349</td><td>0.9 ML methotrexate 25 MG/ML Prefilled Syringe</td></tr><tr><td>2377350</td><td>0.9 ML methotrexate 25 MG/ML Prefilled Syringe [Reditrex]</td></tr><tr><td>2377351</td><td>1 ML methotrexate 25 MG/ML Prefilled Syringe</td></tr><tr><td>2377352</td><td>1 ML methotrexate 25 MG/ML Prefilled Syringe [Reditrex]</td></tr><tr><td>2377353</td><td>0.3 ML methotrexate 25 MG/ML Prefilled Syringe</td></tr><tr><td>2377354</td><td>0.3 ML methotrexate 25 MG/ML Prefilled Syringe [Reditrex]</td></tr><tr><td>2386858</td><td>cyclophosphamide 200 MG/ML</td></tr><tr><td>2386859</td><td>cyclophosphamide 200 MG/ML Injectable Solution</td></tr><tr><td>241834</td><td>cyclosporine, modified 100 MG Oral Capsule</td></tr><tr><td>2470532</td><td>Cyclavance</td></tr><tr><td>2470533</td><td>cyclosporine, modified 100 MG/ML [Cyclavance]</td></tr><tr><td>2470534</td><td>cyclosporine Oral Solution [Cyclavance]</td></tr><tr><td>2470535</td><td>Cyclavance Oral Liquid Product</td></tr><tr><td>2470536</td><td>Cyclavance Oral Product</td></tr><tr><td>2470537</td><td>cyclosporine, modified 100 MG/ML Oral Solution [Cyclavance]</td></tr><tr><td>2568661</td><td>5 ML cyclophosphamide 200 MG/ML Injection</td></tr><tr><td>2568663</td><td>2.5 ML cyclophosphamide 200 MG/ML Injection</td></tr><tr><td>2570749</td><td>ruxolitinib 15 MG/ML</td></tr><tr><td>2570750</td><td>ruxolitinib Topical Product</td></tr><tr><td>2570751</td><td>ruxolitinib Topical Cream</td></tr><tr><td>2570752</td><td>ruxolitinib 15 MG/ML Topical Cream</td></tr><tr><td>2570753</td><td>Opzelura</td></tr><tr><td>2570754</td><td>ruxolitinib 15 MG/ML [Opzelura]</td></tr><tr><td>2570755</td><td>Opzelura Topical Product</td></tr><tr><td>2570756</td><td>ruxolitinib Topical Cream [Opzelura]</td></tr><tr><td>2570757</td><td>ruxolitinib 15 MG/ML Topical Cream [Opzelura]</td></tr><tr><td>2572292</td><td>0.4 ML cyclosporine 0.5 MG/ML Ophthalmic Suspension</td></tr><tr><td>2572293</td><td>0.4 ML cyclosporine 0.5 MG/ML Ophthalmic Suspension [Restasis]</td></tr><tr><td>258355</td><td>Rapamune</td></tr><tr><td>2586860</td><td>sirolimus 100 MG</td></tr><tr><td>2586861</td><td>sirolimus Injectable Product</td></tr><tr><td>2586862</td><td>sirolimus Injection</td></tr><tr><td>2586863</td><td>sirolimus 100 MG Injection</td></tr><tr><td>2586864</td><td>Fyarro</td></tr><tr><td>2586865</td><td>sirolimus 100 MG [Fyarro]</td></tr><tr><td>2586866</td><td>Fyarro Injectable Product</td></tr><tr><td>2586867</td><td>sirolimus Injection [Fyarro]</td></tr><tr><td>2586868</td><td>sirolimus 100 MG Injection [Fyarro]</td></tr><tr><td>2590607</td><td>cyclosporine 1 MG/ML</td></tr><tr><td>2590608</td><td>cyclosporine 1 MG/ML Ophthalmic Suspension</td></tr><tr><td>2590609</td><td>Verkazia</td></tr><tr><td>2590610</td><td>cyclosporine 1 MG/ML [Verkazia]</td></tr><tr><td>2590611</td><td>Verkazia Ophthalmic Product</td></tr><tr><td>2590612</td><td>cyclosporine Ophthalmic Suspension [Verkazia]</td></tr><tr><td>2590613</td><td>cyclosporine 1 MG/ML Ophthalmic Suspension [Verkazia]</td></tr><tr><td>2596861</td><td>sirolimus 0.002 MG/MG</td></tr><tr><td>2596862</td><td>sirolimus Topical Product</td></tr><tr><td>2596863</td><td>sirolimus Topical Gel</td></tr><tr><td>2596864</td><td>sirolimus 0.002 MG/MG Topical Gel</td></tr><tr><td>2596865</td><td>Hyftor</td></tr><tr><td>2596866</td><td>sirolimus 0.002 MG/MG [Hyftor]</td></tr><tr><td>2596867</td><td>Hyftor Topical Product</td></tr><tr><td>2596868</td><td>sirolimus Topical Gel [Hyftor]</td></tr><tr><td>2596869</td><td>sirolimus 0.002 MG/MG Topical Gel [Hyftor]</td></tr><tr><td>2601541</td><td>bortezomib 1 MG</td></tr><tr><td>2601542</td><td>bortezomib 1 MG Injection</td></tr><tr><td>2601543</td><td>bortezomib 2.5 MG</td></tr><tr><td>2601544</td><td>bortezomib 2.5 MG Injection</td></tr><tr><td>261134</td><td>tacrolimus 0.5 MG Oral Capsule [Prograf]</td></tr><tr><td>261530</td><td>Gengraf</td></tr><tr><td>283510</td><td>methotrexate 15 MG Oral Tablet</td></tr><tr><td>283511</td><td>methotrexate 5 MG Oral Tablet</td></tr><tr><td>283671</td><td>methotrexate 7.5 MG Oral Tablet</td></tr><tr><td>284520</td><td>tacrolimus 0.001 MG/MG Topical Ointment [Protopic]</td></tr><tr><td>284521</td><td>tacrolimus 0.0003 MG/MG Topical Ointment [Protopic]</td></tr><tr><td>284592</td><td>methotrexate 5 MG Oral Tablet [Trexall]</td></tr><tr><td>284593</td><td>methotrexate 10 MG Oral Tablet [Trexall]</td></tr><tr><td>284594</td><td>methotrexate 7.5 MG Oral Tablet [Trexall]</td></tr><tr><td>284595</td><td>methotrexate 15 MG Oral Tablet [Trexall]</td></tr><tr><td>284848</td><td>Protopic</td></tr><tr><td>284900</td><td>Trexall</td></tr><tr><td>287734</td><td>methotrexate sodium</td></tr><tr><td>3002</td><td>cyclophosphamide</td></tr><tr><td>3008</td><td>cyclosporine</td></tr><tr><td>309632</td><td>cyclosporine 100 MG/ML Oral Solution</td></tr><tr><td>311625</td><td>methotrexate 1000 MG Injection</td></tr><tr><td>311880</td><td>mycophenolate mofetil 200 MG/ML Oral Suspension</td></tr><tr><td>311881</td><td>mycophenolate mofetil 500 MG Injection</td></tr><tr><td>313189</td><td>tacrolimus 0.0003 MG/MG Topical Ointment</td></tr><tr><td>313190</td><td>tacrolimus 0.5 MG Oral Capsule</td></tr><tr><td>314230</td><td>sirolimus 1 MG/ML Oral Solution</td></tr><tr><td>314266</td><td>tacrolimus 0.001 MG/MG Topical Ointment</td></tr><tr><td>315148</td><td>methotrexate 2.5 MG/ML Injectable Solution</td></tr><tr><td>315746</td><td>cyclophosphamide 25 MG</td></tr><tr><td>315747</td><td>cyclophosphamide 50 MG</td></tr><tr><td>315749</td><td>cyclosporine 100 MG</td></tr><tr><td>315750</td><td>cyclosporine 100 MG/ML</td></tr><tr><td>315751</td><td>cyclosporine 25 MG</td></tr><tr><td>315752</td><td>cyclosporine 50 MG</td></tr><tr><td>315753</td><td>cyclosporine 50 MG/ML</td></tr><tr><td>316316</td><td>mycophenolate mofetil 250 MG</td></tr><tr><td>316317</td><td>mycophenolate mofetil 500 MG</td></tr><tr><td>316758</td><td>tacrolimus 1 MG</td></tr><tr><td>316759</td><td>tacrolimus 5 MG</td></tr><tr><td>317510</td><td>tacrolimus 5 MG/ML</td></tr><tr><td>328160</td><td>cyclosporine 100 MG Oral Capsule</td></tr><tr><td>328404</td><td>methotrexate 50 MG/ML</td></tr><tr><td>328406</td><td>methotrexate 25 MG/ML</td></tr><tr><td>328407</td><td>methotrexate 2.5 MG</td></tr><tr><td>330028</td><td>methotrexate 2.5 MG/ML</td></tr><tr><td>330404</td><td>tacrolimus 0.5 MG</td></tr><tr><td>331549</td><td>tacrolimus 0.001 MG/MG</td></tr><tr><td>331550</td><td>tacrolimus 0.0003 MG/MG</td></tr><tr><td>331568</td><td>methotrexate 10 MG</td></tr><tr><td>331569</td><td>methotrexate 15 MG</td></tr><tr><td>331587</td><td>mycophenolate mofetil 200 MG/ML</td></tr><tr><td>332454</td><td>methotrexate 5 MG</td></tr><tr><td>332455</td><td>methotrexate 7.5 MG</td></tr><tr><td>333296</td><td>sirolimus 1 MG/ML</td></tr><tr><td>334294</td><td>cyclosporine, modified 100 MG</td></tr><tr><td>349208</td><td>sirolimus 1 MG Oral Tablet</td></tr><tr><td>350512</td><td>sirolimus 1 MG</td></tr><tr><td>351291</td><td>cyclosporine 0.5 MG/ML Ophthalmic Suspension</td></tr><tr><td>351901</td><td>sirolimus 1 MG/ML Oral Solution [Rapamune]</td></tr><tr><td>351989</td><td>sirolimus 1 MG Oral Tablet [Rapamune]</td></tr><tr><td>352951</td><td>Restasis</td></tr><tr><td>35302</td><td>sirolimus</td></tr><tr><td>353400</td><td>cyclosporine 0.5 MG/ML</td></tr><tr><td>356733</td><td>Velcade</td></tr><tr><td>358258</td><td>bortezomib</td></tr><tr><td>360110</td><td>sirolimus 2 MG Oral Tablet</td></tr><tr><td>360318</td><td>sirolimus 2 MG</td></tr><tr><td>360547</td><td>methotrexate 100 MG/ML</td></tr><tr><td>363914</td><td>cyclosporine Oral Solution [Gengraf]</td></tr><tr><td>363942</td><td>cyclosporine Oral Solution [Neoral]</td></tr><tr><td>364904</td><td>sirolimus Oral Solution [Rapamune]</td></tr><tr><td>366173</td><td>cyclosporine Oral Capsule [Gengraf]</td></tr><tr><td>366273</td><td>tacrolimus Oral Capsule [Prograf]</td></tr><tr><td>366479</td><td>cyclosporine Oral Capsule [Neoral]</td></tr><tr><td>366488</td><td>cyclosporine Oral Capsule [Sandimmune]</td></tr><tr><td>367339</td><td>tacrolimus Topical Ointment [Protopic]</td></tr><tr><td>368138</td><td>methotrexate Oral Tablet [Trexall]</td></tr><tr><td>368672</td><td>sirolimus Oral Tablet [Rapamune]</td></tr><tr><td>371664</td><td>cyclophosphamide Oral Tablet</td></tr><tr><td>371666</td><td>cyclosporine Oral Capsule</td></tr><tr><td>371667</td><td>cyclosporine Oral Solution</td></tr><tr><td>372835</td><td>methotrexate Injectable Solution</td></tr><tr><td>372836</td><td>methotrexate Oral Tablet</td></tr><tr><td>374015</td><td>tacrolimus Oral Capsule</td></tr><tr><td>374667</td><td>mycophenolate mofetil Oral Tablet</td></tr><tr><td>374670</td><td>mycophenolate mofetil Oral Suspension</td></tr><tr><td>375278</td><td>sirolimus Oral Solution</td></tr><tr><td>376666</td><td>cyclophosphamide Injectable Solution</td></tr><tr><td>378277</td><td>sirolimus Oral Tablet</td></tr><tr><td>378766</td><td>cyclosporine Ophthalmic Suspension</td></tr><tr><td>379060</td><td>mycophenolate mofetil Oral Capsule</td></tr><tr><td>379082</td><td>tacrolimus Topical Ointment</td></tr><tr><td>402092</td><td>cyclosporine 0.5 MG/ML Ophthalmic Suspension [Restasis]</td></tr><tr><td>402243</td><td>bortezomib 3.5 MG Injection</td></tr><tr><td>402244</td><td>bortezomib 3.5 MG Injection [Velcade]</td></tr><tr><td>402330</td><td>cyclosporine Ophthalmic Suspension [Restasis]</td></tr><tr><td>404432</td><td>sirolimus 2 MG Oral Tablet [Rapamune]</td></tr><tr><td>42316</td><td>tacrolimus</td></tr><tr><td>484288</td><td>tacrolimus monohydrate</td></tr><tr><td>484788</td><td>cyclosporine microemulsion</td></tr><tr><td>486331</td><td>cyclosporine 100 MG/ML [Sandimmune]</td></tr><tr><td>539497</td><td>Atopica</td></tr><tr><td>539499</td><td>cyclosporine Oral Capsule [Atopica]</td></tr><tr><td>564557</td><td>tacrolimus 1 MG [Prograf]</td></tr><tr><td>564558</td><td>tacrolimus 5 MG [Prograf]</td></tr><tr><td>564559</td><td>tacrolimus 5 MG/ML [Prograf]</td></tr><tr><td>565430</td><td>cyclosporine 100 MG [Sandimmune]</td></tr><tr><td>572889</td><td>cyclosporine 25 MG [Sandimmune]</td></tr><tr><td>572915</td><td>cyclosporine 50 MG/ML [Sandimmune]</td></tr><tr><td>574378</td><td>tacrolimus 0.5 MG [Prograf]</td></tr><tr><td>574948</td><td>tacrolimus 0.001 MG/MG [Protopic]</td></tr><tr><td>574949</td><td>tacrolimus 0.0003 MG/MG [Protopic]</td></tr><tr><td>575019</td><td>methotrexate 5 MG [Trexall]</td></tr><tr><td>575020</td><td>methotrexate 10 MG [Trexall]</td></tr><tr><td>575021</td><td>methotrexate 7.5 MG [Trexall]</td></tr><tr><td>575022</td><td>methotrexate 15 MG [Trexall]</td></tr><tr><td>575659</td><td>sirolimus 1 MG/ML [Rapamune]</td></tr><tr><td>575733</td><td>sirolimus 1 MG [Rapamune]</td></tr><tr><td>576100</td><td>cyclosporine 0.5 MG/ML [Restasis]</td></tr><tr><td>576390</td><td>sirolimus 2 MG [Rapamune]</td></tr><tr><td>612865</td><td>tocilizumab</td></tr><tr><td>614391</td><td>abatacept</td></tr><tr><td>616011</td><td>Orencia</td></tr><tr><td>616015</td><td>abatacept 250 MG Injection</td></tr><tr><td>616018</td><td>abatacept 250 MG Injection [Orencia]</td></tr><tr><td>616433</td><td>mycophenolate mofetil 500 MG [Cellcept]</td></tr><tr><td>616434</td><td>mycophenolate mofetil Oral Tablet [Cellcept]</td></tr><tr><td>616435</td><td>mycophenolate mofetil 500 MG Oral Tablet [Cellcept]</td></tr><tr><td>616442</td><td>mycophenolate mofetil 200 MG/ML [Cellcept]</td></tr><tr><td>616443</td><td>mycophenolate mofetil Oral Suspension [Cellcept]</td></tr><tr><td>616444</td><td>mycophenolate mofetil 200 MG/ML Oral Suspension [Cellcept]</td></tr><tr><td>616445</td><td>mycophenolate mofetil 250 MG [Cellcept]</td></tr><tr><td>616446</td><td>mycophenolate mofetil Oral Capsule [Cellcept]</td></tr><tr><td>616447</td><td>mycophenolate mofetil 250 MG Oral Capsule [Cellcept]</td></tr><tr><td>620216</td><td>maraviroc</td></tr><tr><td>657797</td><td>temsirolimus</td></tr><tr><td>68149</td><td>mycophenolate mofetil</td></tr><tr><td>6851</td><td>methotrexate</td></tr><tr><td>690313</td><td>cyclophosphamide / mannitol</td></tr><tr><td>722287</td><td>temsirolimus 25 MG/ML</td></tr><tr><td>722289</td><td>1.2 ML temsirolimus 25 MG/ML Injection</td></tr><tr><td>725106</td><td>temsirolimus 25 MG/ML [Torisel]</td></tr><tr><td>725108</td><td>1.2 ML temsirolimus 25 MG/ML Injection [Torisel]</td></tr><tr><td>728221</td><td>maraviroc 150 MG</td></tr><tr><td>728222</td><td>maraviroc Oral Tablet</td></tr><tr><td>728223</td><td>maraviroc 150 MG Oral Tablet</td></tr><tr><td>728224</td><td>maraviroc 300 MG</td></tr><tr><td>728225</td><td>maraviroc 300 MG Oral Tablet</td></tr><tr><td>728648</td><td>Selzentry</td></tr><tr><td>729199</td><td>maraviroc 150 MG [Selzentry]</td></tr><tr><td>729200</td><td>maraviroc Oral Tablet [Selzentry]</td></tr><tr><td>729201</td><td>maraviroc 150 MG Oral Tablet [Selzentry]</td></tr><tr><td>729202</td><td>maraviroc 300 MG [Selzentry]</td></tr><tr><td>729203</td><td>maraviroc 300 MG Oral Tablet [Selzentry]</td></tr><tr><td>835787</td><td>cyclosporine, modified 100 MG [Gengraf]</td></tr><tr><td>835835</td><td>cyclosporine, modified 100 MG Oral Capsule [Gengraf]</td></tr><tr><td>835885</td><td>cyclosporine, modified 100 MG/ML</td></tr><tr><td>835886</td><td>cyclosporine, modified 100 MG/ML Oral Solution</td></tr><tr><td>835887</td><td>cyclosporine, modified 100 MG/ML [Gengraf]</td></tr><tr><td>835892</td><td>cyclosporine, modified 100 MG/ML Oral Solution [Gengraf]</td></tr><tr><td>835893</td><td>cyclosporine, modified 25 MG</td></tr><tr><td>835894</td><td>cyclosporine, modified 25 MG Oral Capsule</td></tr><tr><td>835895</td><td>cyclosporine, modified 25 MG [Gengraf]</td></tr><tr><td>835896</td><td>cyclosporine, modified 25 MG Oral Capsule [Gengraf]</td></tr><tr><td>835897</td><td>cyclosporine, modified 100 MG/ML [Neoral]</td></tr><tr><td>835899</td><td>cyclosporine, modified 100 MG/ML Oral Solution [Neoral]</td></tr><tr><td>835900</td><td>cyclosporine, modified 100 MG [Neoral]</td></tr><tr><td>835901</td><td>cyclosporine, modified 25 MG [Neoral]</td></tr><tr><td>835909</td><td>cyclosporine, modified 25 MG Oral Capsule [Neoral]</td></tr><tr><td>835911</td><td>cyclosporine, modified 100 MG Oral Capsule [Neoral]</td></tr><tr><td>835916</td><td>cyclosporine, modified 100 MG [Atopica]</td></tr><tr><td>835917</td><td>cyclosporine, modified 100 MG Oral Capsule [Atopica]</td></tr><tr><td>835918</td><td>cyclosporine, modified 10 MG</td></tr><tr><td>835919</td><td>cyclosporine, modified 10 MG Oral Capsule</td></tr><tr><td>835920</td><td>cyclosporine, modified 10 MG [Atopica]</td></tr><tr><td>835921</td><td>cyclosporine, modified 10 MG Oral Capsule [Atopica]</td></tr><tr><td>835922</td><td>cyclosporine, modified 25 MG [Atopica]</td></tr><tr><td>835923</td><td>cyclosporine, modified 25 MG Oral Capsule [Atopica]</td></tr><tr><td>835924</td><td>cyclosporine, modified 50 MG</td></tr><tr><td>835925</td><td>cyclosporine, modified 50 MG Oral Capsule</td></tr><tr><td>835926</td><td>cyclosporine, modified 50 MG [Atopica]</td></tr><tr><td>835927</td><td>cyclosporine, modified 50 MG Oral Capsule [Atopica]</td></tr><tr><td>895758</td><td>tocilizumab 20 MG/ML</td></tr><tr><td>895761</td><td>Actemra</td></tr><tr><td>895762</td><td>tocilizumab 20 MG/ML [Actemra]</td></tr><tr><td>905157</td><td>sirolimus 0.5 MG</td></tr><tr><td>905158</td><td>sirolimus 0.5 MG Oral Tablet</td></tr><tr><td>905159</td><td>sirolimus 0.5 MG [Rapamune]</td></tr><tr><td>905160</td><td>sirolimus 0.5 MG Oral Tablet [Rapamune]</td></tr><tr><td>94035</td><td>cyclosporine Oral Solution [Sandimmune]</td></tr></table></li></ul></div></text><url value="http://fhir.nmdp.org/ig/cibmtr-reporting/ValueSet/med-gvhd-prophylaxis-vs"/><version value="0.1.6"/><name value="RxNormGVHDProphylaxisVS"/><title value="RxNorm - GVHD Prophylaxis"/><status value="active"/><experimental value="true"/><date value="2023-05-04T21:45:15-05:00"/><publisher value="The Medical College of Wisconsin, Inc. and the National Marrow Donor Program"/><contact><name value="The Medical College of Wisconsin, Inc. and the National Marrow Donor Program"/><telecom><system value="url"/><value value="http://www.cibmtr.org"/></telecom></contact><contact><name value="Bob Milius"/><telecom><system value="email"/><value value="bmilius@nmdp.org"/></telecom></contact><description value="RxNorm codes for GVHD Prophylaxis"/><compose><include><system value="http://www.nlm.nih.gov/research/umls/rxnorm"/><concept><code value="105585"/><display value="methotrexate 2.5 MG Oral Tablet"/></concept><concept><code value="105586"/><display value="methotrexate 10 MG Oral Tablet"/></concept><concept><code value="105589"/><display value="methotrexate 100 MG/ML Injectable Solution"/></concept><concept><code value="108513"/><display value="tacrolimus 1 MG Oral Capsule [Prograf]"/></concept><concept><code value="108514"/><display value="tacrolimus 5 MG Oral Capsule [Prograf]"/></concept><concept><code value="108515"/><display value="1 ML tacrolimus 5 MG/ML Injection [Prograf]"/></concept><concept><code value="1093172"/><display value="cyclosporine 0.002 MG/MG"/></concept><concept><code value="1093173"/><display value="cyclosporine Ophthalmic Ointment"/></concept><concept><code value="1093174"/><display value="cyclosporine 0.002 MG/MG Ophthalmic Ointment"/></concept><concept><code value="1093175"/><display value="Optimmune"/></concept><concept><code value="1093176"/><display value="cyclosporine 0.002 MG/MG [Optimmune]"/></concept><concept><code value="1093177"/><display value="cyclosporine Ophthalmic Ointment [Optimmune]"/></concept><concept><code value="1093178"/><display value="cyclosporine 0.002 MG/MG Ophthalmic Ointment [Optimmune]"/></concept><concept><code value="1145927"/><display value="abatacept 125 MG/ML"/></concept><concept><code value="1145928"/><display value="abatacept Prefilled Syringe"/></concept><concept><code value="1145929"/><display value="1 ML abatacept 125 MG/ML Prefilled Syringe"/></concept><concept><code value="1145930"/><display value="abatacept 125 MG/ML [Orencia]"/></concept><concept><code value="1145931"/><display value="abatacept Prefilled Syringe [Orencia]"/></concept><concept><code value="1145932"/><display value="1 ML abatacept 125 MG/ML Prefilled Syringe [Orencia]"/></concept><concept><code value="1151834"/><display value="daclizumab Injectable Product"/></concept><concept><code value="1156181"/><display value="cyclophosphamide Injectable Product"/></concept><concept><code value="1156182"/><display value="cyclophosphamide Oral Product"/></concept><concept><code value="1156183"/><display value="cyclophosphamide Pill"/></concept><concept><code value="1156186"/><display value="cyclosporine Injectable Product"/></concept><concept><code value="1156187"/><display value="cyclosporine Ophthalmic Product"/></concept><concept><code value="1156188"/><display value="cyclosporine Oral Liquid Product"/></concept><concept><code value="1156189"/><display value="cyclosporine Oral Product"/></concept><concept><code value="1156190"/><display value="cyclosporine Pill"/></concept><concept><code value="1157869"/><display value="mycophenolate mofetil Injectable Product"/></concept><concept><code value="1157870"/><display value="mycophenolate mofetil Oral Liquid Product"/></concept><concept><code value="1157871"/><display value="mycophenolate mofetil Oral Product"/></concept><concept><code value="1157872"/><display value="mycophenolate mofetil Pill"/></concept><concept><code value="1158757"/><display value="sirolimus Oral Liquid Product"/></concept><concept><code value="1158758"/><display value="sirolimus Oral Product"/></concept><concept><code value="1158759"/><display value="sirolimus Pill"/></concept><concept><code value="1161488"/><display value="temsirolimus Injectable Product"/></concept><concept><code value="1162235"/><display value="methotrexate Injectable Product"/></concept><concept><code value="1162236"/><display value="methotrexate Oral Product"/></concept><concept><code value="1162237"/><display value="methotrexate Pill"/></concept><concept><code value="1162729"/><display value="tocilizumab Injectable Product"/></concept><concept><code value="1163066"/><display value="abatacept Injectable Product"/></concept><concept><code value="1163075"/><display value="bortezomib Injectable Product"/></concept><concept><code value="1163655"/><display value="tacrolimus Injectable Product"/></concept><concept><code value="1164202"/><display value="tacrolimus Oral Product"/></concept><concept><code value="1164203"/><display value="tacrolimus Pill"/></concept><concept><code value="1164204"/><display value="tacrolimus Topical Product"/></concept><concept><code value="1165075"/><display value="maraviroc Oral Product"/></concept><concept><code value="1165076"/><display value="maraviroc Pill"/></concept><concept><code value="1166213"/><display value="Cellcept Injectable Product"/></concept><concept><code value="1166214"/><display value="Cellcept Oral Liquid Product"/></concept><concept><code value="1166215"/><display value="Cellcept Oral Product"/></concept><concept><code value="1166216"/><display value="Cellcept Pill"/></concept><concept><code value="1169167"/><display value="Actemra Injectable Product"/></concept><concept><code value="1169824"/><display value="Gengraf Oral Liquid Product"/></concept><concept><code value="1169825"/><display value="Gengraf Oral Product"/></concept><concept><code value="1169826"/><display value="Gengraf Pill"/></concept><concept><code value="1172882"/><display value="Atopica Oral Product"/></concept><concept><code value="1172883"/><display value="Atopica Pill"/></concept><concept><code value="1177701"/><display value="Rapamune Oral Liquid Product"/></concept><concept><code value="1177702"/><display value="Rapamune Oral Product"/></concept><concept><code value="1177703"/><display value="Rapamune Pill"/></concept><concept><code value="1178366"/><display value="Selzentry Oral Product"/></concept><concept><code value="1178367"/><display value="Selzentry Pill"/></concept><concept><code value="1179677"/><display value="Trexall Oral Product"/></concept><concept><code value="1179678"/><display value="Trexall Pill"/></concept><concept><code value="1180662"/><display value="Prograf Injectable Product"/></concept><concept><code value="1180663"/><display value="Prograf Oral Product"/></concept><concept><code value="1180664"/><display value="Prograf Pill"/></concept><concept><code value="1181672"/><display value="Neoral Oral Liquid Product"/></concept><concept><code value="1181673"/><display value="Neoral Oral Product"/></concept><concept><code value="1181674"/><display value="Neoral Pill"/></concept><concept><code value="1182342"/><display value="Optimmune Ophthalmic Product"/></concept><concept><code value="1182458"/><display value="Protopic Topical Product"/></concept><concept><code value="1182527"/><display value="Restasis Ophthalmic Product"/></concept><concept><code value="1183963"/><display value="Orencia Injectable Product"/></concept><concept><code value="1185408"/><display value="Sandimmune Injectable Product"/></concept><concept><code value="1185409"/><display value="Sandimmune Oral Liquid Product"/></concept><concept><code value="1185410"/><display value="Sandimmune Oral Product"/></concept><concept><code value="1185411"/><display value="Sandimmune Pill"/></concept><concept><code value="1187756"/><display value="Velcade Injectable Product"/></concept><concept><code value="1193325"/><display value="ruxolitinib phosphate"/></concept><concept><code value="1193326"/><display value="ruxolitinib"/></concept><concept><code value="1193327"/><display value="ruxolitinib 10 MG"/></concept><concept><code value="1193328"/><display value="ruxolitinib Oral Product"/></concept><concept><code value="1193329"/><display value="ruxolitinib Pill"/></concept><concept><code value="1193330"/><display value="ruxolitinib Oral Tablet"/></concept><concept><code value="1193331"/><display value="ruxolitinib 10 MG Oral Tablet"/></concept><concept><code value="1193332"/><display value="Jakafi"/></concept><concept><code value="1193333"/><display value="ruxolitinib 10 MG [Jakafi]"/></concept><concept><code value="1193334"/><display value="ruxolitinib Oral Tablet [Jakafi]"/></concept><concept><code value="1193335"/><display value="Jakafi Oral Product"/></concept><concept><code value="1193336"/><display value="Jakafi Pill"/></concept><concept><code value="1193337"/><display value="ruxolitinib 10 MG Oral Tablet [Jakafi]"/></concept><concept><code value="1193338"/><display value="ruxolitinib 5 MG"/></concept><concept><code value="1193339"/><display value="ruxolitinib 5 MG Oral Tablet"/></concept><concept><code value="1193340"/><display value="ruxolitinib 5 MG [Jakafi]"/></concept><concept><code value="1193341"/><display value="ruxolitinib 5 MG Oral Tablet [Jakafi]"/></concept><concept><code value="1193342"/><display value="ruxolitinib 15 MG"/></concept><concept><code value="1193343"/><display value="ruxolitinib 15 MG Oral Tablet"/></concept><concept><code value="1193344"/><display value="ruxolitinib 15 MG [Jakafi]"/></concept><concept><code value="1193345"/><display value="ruxolitinib 15 MG Oral Tablet [Jakafi]"/></concept><concept><code value="1193346"/><display value="ruxolitinib 20 MG"/></concept><concept><code value="1193347"/><display value="ruxolitinib 20 MG Oral Tablet"/></concept><concept><code value="1193348"/><display value="ruxolitinib 20 MG [Jakafi]"/></concept><concept><code value="1193349"/><display value="ruxolitinib 20 MG Oral Tablet [Jakafi]"/></concept><concept><code value="1193350"/><display value="ruxolitinib 25 MG"/></concept><concept><code value="1193351"/><display value="ruxolitinib 25 MG Oral Tablet"/></concept><concept><code value="1193352"/><display value="ruxolitinib 25 MG [Jakafi]"/></concept><concept><code value="1193353"/><display value="ruxolitinib 25 MG Oral Tablet [Jakafi]"/></concept><concept><code value="1233905"/><display value="cyclosporine, modified 100 MG/ML [Atopica]"/></concept><concept><code value="1233906"/><display value="cyclosporine Oral Solution [Atopica]"/></concept><concept><code value="1233907"/><display value="Atopica Oral Liquid Product"/></concept><concept><code value="1233908"/><display value="cyclosporine, modified 100 MG/ML Oral Solution [Atopica]"/></concept><concept><code value="1431970"/><display value="tacrolimus Extended Release Oral Capsule"/></concept><concept><code value="1431971"/><display value="24 HR tacrolimus 0.5 MG Extended Release Oral Capsule"/></concept><concept><code value="1431972"/><display value="Astagraf"/></concept><concept><code value="1431973"/><display value="tacrolimus 0.5 MG [Astagraf]"/></concept><concept><code value="1431974"/><display value="tacrolimus Extended Release Oral Capsule [Astagraf]"/></concept><concept><code value="1431975"/><display value="Astagraf Oral Product"/></concept><concept><code value="1431976"/><display value="Astagraf Pill"/></concept><concept><code value="1431977"/><display value="24 HR tacrolimus 0.5 MG Extended Release Oral Capsule [Astagraf]"/></concept><concept><code value="1431980"/><display value="24 HR tacrolimus 1 MG Extended Release Oral Capsule"/></concept><concept><code value="1431981"/><display value="tacrolimus 1 MG [Astagraf]"/></concept><concept><code value="1431982"/><display value="24 HR tacrolimus 1 MG Extended Release Oral Capsule [Astagraf]"/></concept><concept><code value="1431985"/><display value="24 HR tacrolimus 5 MG Extended Release Oral Capsule"/></concept><concept><code value="1431986"/><display value="tacrolimus 5 MG [Astagraf]"/></concept><concept><code value="1431987"/><display value="24 HR tacrolimus 5 MG Extended Release Oral Capsule [Astagraf]"/></concept><concept><code value="1437967"/><display value="cyclophosphamide Oral Capsule"/></concept><concept><code value="1437968"/><display value="cyclophosphamide 25 MG Oral Capsule"/></concept><concept><code value="1437969"/><display value="cyclophosphamide 50 MG Oral Capsule"/></concept><concept><code value="1441402"/><display value="0.4 ML methotrexate 25 MG/ML Auto-Injector"/></concept><concept><code value="1441403"/><display value="Otrexup"/></concept><concept><code value="1441404"/><display value="methotrexate 25 MG/ML [Otrexup]"/></concept><concept><code value="1441406"/><display value="Otrexup Injectable Product"/></concept><concept><code value="1441407"/><display value="0.4 ML methotrexate 25 MG/ML Auto-Injector [Otrexup]"/></concept><concept><code value="1441410"/><display value="methotrexate 37.5 MG/ML"/></concept><concept><code value="1441411"/><display value="0.4 ML methotrexate 37.5 MG/ML Auto-Injector"/></concept><concept><code value="1441412"/><display value="methotrexate 37.5 MG/ML [Otrexup]"/></concept><concept><code value="1441413"/><display value="0.4 ML methotrexate 37.5 MG/ML Auto-Injector [Otrexup]"/></concept><concept><code value="1441416"/><display value="0.4 ML methotrexate 50 MG/ML Auto-Injector"/></concept><concept><code value="1441417"/><display value="methotrexate 50 MG/ML [Otrexup]"/></concept><concept><code value="1441418"/><display value="0.4 ML methotrexate 50 MG/ML Auto-Injector [Otrexup]"/></concept><concept><code value="1441421"/><display value="methotrexate 62.5 MG/ML"/></concept><concept><code value="1441422"/><display value="0.4 ML methotrexate 62.5 MG/ML Auto-Injector"/></concept><concept><code value="1441423"/><display value="methotrexate 62.5 MG/ML [Otrexup]"/></concept><concept><code value="1441424"/><display value="0.4 ML methotrexate 62.5 MG/ML Auto-Injector [Otrexup]"/></concept><concept><code value="1441525"/><display value="tocilizumab 180 MG/ML"/></concept><concept><code value="1441526"/><display value="tocilizumab Prefilled Syringe"/></concept><concept><code value="1441527"/><display value="0.9 ML tocilizumab 180 MG/ML Prefilled Syringe"/></concept><concept><code value="1441528"/><display value="tocilizumab 180 MG/ML [Actemra]"/></concept><concept><code value="1441529"/><display value="tocilizumab Prefilled Syringe [Actemra]"/></concept><concept><code value="1441530"/><display value="0.9 ML tocilizumab 180 MG/ML Prefilled Syringe [Actemra]"/></concept><concept><code value="152633"/><display value="Cellcept"/></concept><concept><code value="1544378"/><display value="0.2 ML methotrexate 50 MG/ML Auto-Injector"/></concept><concept><code value="1544379"/><display value="Rasuvo"/></concept><concept><code value="1544380"/><display value="methotrexate 50 MG/ML [Rasuvo]"/></concept><concept><code value="1544382"/><display value="Rasuvo Injectable Product"/></concept><concept><code value="1544383"/><display value="0.2 ML methotrexate 50 MG/ML Auto-Injector [Rasuvo]"/></concept><concept><code value="1544385"/><display value="0.25 ML methotrexate 50 MG/ML Auto-Injector"/></concept><concept><code value="1544386"/><display value="0.25 ML methotrexate 50 MG/ML Auto-Injector [Rasuvo]"/></concept><concept><code value="1544387"/><display value="0.3 ML methotrexate 50 MG/ML Auto-Injector"/></concept><concept><code value="1544388"/><display value="0.3 ML methotrexate 50 MG/ML Auto-Injector [Rasuvo]"/></concept><concept><code value="1544389"/><display value="0.35 ML methotrexate 50 MG/ML Auto-Injector"/></concept><concept><code value="1544390"/><display value="0.35 ML methotrexate 50 MG/ML Auto-Injector [Rasuvo]"/></concept><concept><code value="1544394"/><display value="0.4 ML methotrexate 50 MG/ML Auto-Injector [Rasuvo]"/></concept><concept><code value="1544395"/><display value="0.45 ML methotrexate 50 MG/ML Auto-Injector"/></concept><concept><code value="1544396"/><display value="0.45 ML methotrexate 50 MG/ML Auto-Injector [Rasuvo]"/></concept><concept><code value="1544397"/><display value="0.5 ML methotrexate 50 MG/ML Auto-Injector"/></concept><concept><code value="1544398"/><display value="0.5 ML methotrexate 50 MG/ML Auto-Injector [Rasuvo]"/></concept><concept><code value="1544401"/><display value="0.6 ML methotrexate 50 MG/ML Auto-Injector"/></concept><concept><code value="1544402"/><display value="0.6 ML methotrexate 50 MG/ML Auto-Injector [Rasuvo]"/></concept><concept><code value="1544403"/><display value="0.15 ML methotrexate 50 MG/ML Auto-Injector"/></concept><concept><code value="1544404"/><display value="0.15 ML methotrexate 50 MG/ML Auto-Injector [Rasuvo]"/></concept><concept><code value="1545988"/><display value="cyclophosphamide anhydrous"/></concept><concept><code value="1655203"/><display value="methotrexate Auto-Injector"/></concept><concept><code value="1655205"/><display value="methotrexate Auto-Injector [Otrexup]"/></concept><concept><code value="1655252"/><display value="methotrexate Auto-Injector [Rasuvo]"/></concept><concept><code value="1655955"/><display value="methotrexate Injection"/></concept><concept><code value="1655956"/><display value="40 ML methotrexate 25 MG/ML Injection"/></concept><concept><code value="1655959"/><display value="10 ML methotrexate 25 MG/ML Injection"/></concept><concept><code value="1655960"/><display value="2 ML methotrexate 25 MG/ML Injection"/></concept><concept><code value="1655967"/><display value="4 ML methotrexate 25 MG/ML Injection"/></concept><concept><code value="1655968"/><display value="8 ML methotrexate 25 MG/ML Injection"/></concept><concept><code value="1656681"/><display value="methotrexate 1000 MG"/></concept><concept><code value="1657973"/><display value="tocilizumab Injection"/></concept><concept><code value="1657974"/><display value="4 ML tocilizumab 20 MG/ML Injection"/></concept><concept><code value="1657975"/><display value="tocilizumab Injection [Actemra]"/></concept><concept><code value="1657976"/><display value="4 ML tocilizumab 20 MG/ML Injection [Actemra]"/></concept><concept><code value="1657979"/><display value="10 ML tocilizumab 20 MG/ML Injection"/></concept><concept><code value="1657980"/><display value="10 ML tocilizumab 20 MG/ML Injection [Actemra]"/></concept><concept><code value="1657981"/><display value="20 ML tocilizumab 20 MG/ML Injection"/></concept><concept><code value="1657982"/><display value="20 ML tocilizumab 20 MG/ML Injection [Actemra]"/></concept><concept><code value="1659771"/><display value="abatacept 250 MG"/></concept><concept><code value="1659772"/><display value="abatacept Injection"/></concept><concept><code value="1659774"/><display value="abatacept 250 MG [Orencia]"/></concept><concept><code value="1659775"/><display value="abatacept Injection [Orencia]"/></concept><concept><code value="1664432"/><display value="tacrolimus 4 MG"/></concept><concept><code value="1664433"/><display value="tacrolimus Extended Release Oral Tablet"/></concept><concept><code value="1664434"/><display value="24 HR tacrolimus 4 MG Extended Release Oral Tablet"/></concept><concept><code value="1664435"/><display value="Envarsus"/></concept><concept><code value="1664436"/><display value="tacrolimus 4 MG [Envarsus]"/></concept><concept><code value="1664437"/><display value="tacrolimus Extended Release Oral Tablet [Envarsus]"/></concept><concept><code value="1664438"/><display value="Envarsus Oral Product"/></concept><concept><code value="1664439"/><display value="Envarsus Pill"/></concept><concept><code value="1664440"/><display value="24 HR tacrolimus 4 MG Extended Release Oral Tablet [Envarsus]"/></concept><concept><code value="1664455"/><display value="tacrolimus 0.75 MG"/></concept><concept><code value="1664456"/><display value="24 HR tacrolimus 0.75 MG Extended Release Oral Tablet"/></concept><concept><code value="1664457"/><display value="tacrolimus 0.75 MG [Envarsus]"/></concept><concept><code value="1664458"/><display value="24 HR tacrolimus 0.75 MG Extended Release Oral Tablet [Envarsus]"/></concept><concept><code value="1664461"/><display value="24 HR tacrolimus 1 MG Extended Release Oral Tablet"/></concept><concept><code value="1664462"/><display value="tacrolimus 1 MG [Envarsus]"/></concept><concept><code value="1664463"/><display value="24 HR tacrolimus 1 MG Extended Release Oral Tablet [Envarsus]"/></concept><concept><code value="1724304"/><display value="temsirolimus Injection"/></concept><concept><code value="1724306"/><display value="temsirolimus Injection [Torisel]"/></concept><concept><code value="1726176"/><display value="mycophenolate mofetil Injection"/></concept><concept><code value="1726179"/><display value="mycophenolate mofetil Injection [Cellcept]"/></concept><concept><code value="1732364"/><display value="cyclosporine Injection"/></concept><concept><code value="1732366"/><display value="cyclosporine Injection [Sandimmune]"/></concept><concept><code value="1734915"/><display value="cyclophosphamide 500 MG"/></concept><concept><code value="1734916"/><display value="cyclophosphamide Injection"/></concept><concept><code value="1734917"/><display value="cyclophosphamide 500 MG Injection"/></concept><concept><code value="1734918"/><display value="cyclophosphamide 1000 MG"/></concept><concept><code value="1734919"/><display value="cyclophosphamide 1000 MG Injection"/></concept><concept><code value="1734920"/><display value="cyclophosphamide 2000 MG"/></concept><concept><code value="1734921"/><display value="cyclophosphamide 2000 MG Injection"/></concept><concept><code value="1738334"/><display value="tacrolimus Injection"/></concept><concept><code value="1738336"/><display value="tacrolimus Injection [Prograf]"/></concept><concept><code value="1747178"/><display value="methotrexate 31.3 MG/ML"/></concept><concept><code value="1747179"/><display value="0.4 ML methotrexate 31.3 MG/ML Auto-Injector"/></concept><concept><code value="1747180"/><display value="methotrexate 31.3 MG/ML [Otrexup]"/></concept><concept><code value="1747181"/><display value="0.4 ML methotrexate 31.3 MG/ML Auto-Injector [Otrexup]"/></concept><concept><code value="1747184"/><display value="methotrexate 43.8 MG/ML"/></concept><concept><code value="1747185"/><display value="0.4 ML methotrexate 43.8 MG/ML Auto-Injector"/></concept><concept><code value="1747186"/><display value="methotrexate 43.8 MG/ML [Otrexup]"/></concept><concept><code value="1747187"/><display value="0.4 ML methotrexate 43.8 MG/ML Auto-Injector [Otrexup]"/></concept><concept><code value="1747191"/><display value="methotrexate 56.3 MG/ML"/></concept><concept><code value="1747192"/><display value="0.4 ML methotrexate 56.3 MG/ML Auto-Injector"/></concept><concept><code value="1747193"/><display value="methotrexate 56.3 MG/ML [Otrexup]"/></concept><concept><code value="1747194"/><display value="0.4 ML methotrexate 56.3 MG/ML Auto-Injector [Otrexup]"/></concept><concept><code value="1799227"/><display value="abatacept Auto-Injector"/></concept><concept><code value="1799228"/><display value="1 ML abatacept 125 MG/ML Auto-Injector"/></concept><concept><code value="1799229"/><display value="abatacept Auto-Injector [Orencia]"/></concept><concept><code value="1799230"/><display value="1 ML abatacept 125 MG/ML Auto-Injector [Orencia]"/></concept><concept><code value="1804993"/><display value="bortezomib 3.5 MG"/></concept><concept><code value="1804994"/><display value="bortezomib Injection"/></concept><concept><code value="1804996"/><display value="bortezomib 3.5 MG [Velcade]"/></concept><concept><code value="1804997"/><display value="bortezomib Injection [Velcade]"/></concept><concept><code value="1857910"/><display value="maraviroc 25 MG"/></concept><concept><code value="1857911"/><display value="maraviroc 25 MG Oral Tablet"/></concept><concept><code value="1857912"/><display value="maraviroc 25 MG [Selzentry]"/></concept><concept><code value="1857913"/><display value="maraviroc 25 MG Oral Tablet [Selzentry]"/></concept><concept><code value="1857914"/><display value="maraviroc 75 MG"/></concept><concept><code value="1857915"/><display value="maraviroc 75 MG Oral Tablet"/></concept><concept><code value="1857916"/><display value="maraviroc 75 MG [Selzentry]"/></concept><concept><code value="1857917"/><display value="maraviroc 75 MG Oral Tablet [Selzentry]"/></concept><concept><code value="1857918"/><display value="maraviroc 20 MG/ML"/></concept><concept><code value="1857919"/><display value="maraviroc Oral Liquid Product"/></concept><concept><code value="1857920"/><display value="maraviroc Oral Solution"/></concept><concept><code value="1857921"/><display value="maraviroc 20 MG/ML Oral Solution"/></concept><concept><code value="1857922"/><display value="maraviroc 20 MG/ML [Selzentry]"/></concept><concept><code value="1857923"/><display value="maraviroc Oral Solution [Selzentry]"/></concept><concept><code value="1857924"/><display value="Selzentry Oral Liquid Product"/></concept><concept><code value="1857925"/><display value="maraviroc 20 MG/ML Oral Solution [Selzentry]"/></concept><concept><code value="190353"/><display value="daclizumab"/></concept><concept><code value="1921590"/><display value="methotrexate Oral Liquid Product"/></concept><concept><code value="1921591"/><display value="methotrexate Oral Solution"/></concept><concept><code value="1921592"/><display value="methotrexate 2.5 MG/ML Oral Solution"/></concept><concept><code value="1921593"/><display value="Xatmep"/></concept><concept><code value="1921594"/><display value="methotrexate 2.5 MG/ML [Xatmep]"/></concept><concept><code value="1921595"/><display value="methotrexate Oral Solution [Xatmep]"/></concept><concept><code value="1921596"/><display value="Xatmep Oral Liquid Product"/></concept><concept><code value="1921597"/><display value="Xatmep Oral Product"/></concept><concept><code value="1921598"/><display value="methotrexate 2.5 MG/ML Oral Solution [Xatmep]"/></concept><concept><code value="1925254"/><display value="0.4 ML abatacept 125 MG/ML Prefilled Syringe"/></concept><concept><code value="1925255"/><display value="0.4 ML abatacept 125 MG/ML Prefilled Syringe [Orencia]"/></concept><concept><code value="1925256"/><display value="0.7 ML abatacept 125 MG/ML Prefilled Syringe"/></concept><concept><code value="1925257"/><display value="0.7 ML abatacept 125 MG/ML Prefilled Syringe [Orencia]"/></concept><concept><code value="1946772"/><display value="methotrexate 25 MG/ML Injectable Solution"/></concept><concept><code value="196463"/><display value="Prograf"/></concept><concept><code value="197549"/><display value="cyclophosphamide 25 MG Oral Tablet"/></concept><concept><code value="197550"/><display value="cyclophosphamide 50 MG Oral Tablet"/></concept><concept><code value="197552"/><display value="cyclosporine 100 MG Oral Capsule [Sandimmune]"/></concept><concept><code value="197553"/><display value="cyclosporine 25 MG Oral Capsule"/></concept><concept><code value="198377"/><display value="tacrolimus 1 MG Oral Capsule"/></concept><concept><code value="198378"/><display value="tacrolimus 5 MG Oral Capsule"/></concept><concept><code value="198379"/><display value="1 ML tacrolimus 5 MG/ML Injection"/></concept><concept><code value="199058"/><display value="mycophenolate mofetil 250 MG Oral Capsule"/></concept><concept><code value="200060"/><display value="mycophenolate mofetil 500 MG Oral Tablet"/></concept><concept><code value="202816"/><display value="Sandimmune"/></concept><concept><code value="202817"/><display value="Neoral"/></concept><concept><code value="205168"/><display value="cyclosporine 50 MG Oral Capsule"/></concept><concept><code value="205175"/><display value="5 ML cyclosporine 50 MG/ML Injection"/></concept><concept><code value="2052503"/><display value="tacrolimus 0.2 MG"/></concept><concept><code value="2052603"/><display value="tacrolimus Granule Product"/></concept><concept><code value="2052604"/><display value="tacrolimus Granules for Oral Suspension"/></concept><concept><code value="2052605"/><display value="tacrolimus 0.2 MG Granules for Oral Suspension"/></concept><concept><code value="2052606"/><display value="tacrolimus 0.2 MG [Prograf]"/></concept><concept><code value="2052607"/><display value="tacrolimus Granules for Oral Suspension [Prograf]"/></concept><concept><code value="2052608"/><display value="Prograf Granule Product"/></concept><concept><code value="2052609"/><display value="tacrolimus 0.2 MG Granules for Oral Suspension [Prograf]"/></concept><concept><code value="2052703"/><display value="tacrolimus 1 MG Granules for Oral Suspension"/></concept><concept><code value="2052704"/><display value="tacrolimus 1 MG Granules for Oral Suspension [Prograf]"/></concept><concept><code value="2055019"/><display value="cyclosporine 0.9 MG/ML"/></concept><concept><code value="2055020"/><display value="cyclosporine Ophthalmic Solution"/></concept><concept><code value="2055021"/><display value="cyclosporine 0.9 MG/ML Ophthalmic Solution"/></concept><concept><code value="2055022"/><display value="Cequa"/></concept><concept><code value="2055023"/><display value="cyclosporine 0.9 MG/ML [Cequa]"/></concept><concept><code value="2055024"/><display value="cyclosporine Ophthalmic Solution [Cequa]"/></concept><concept><code value="2055025"/><display value="Cequa Ophthalmic Product"/></concept><concept><code value="2055026"/><display value="cyclosporine 0.9 MG/ML Ophthalmic Solution [Cequa]"/></concept><concept><code value="2106072"/><display value="tocilizumab Auto-Injector"/></concept><concept><code value="2106073"/><display value="0.9 ML tocilizumab 180 MG/ML Auto-Injector"/></concept><concept><code value="2106074"/><display value="tocilizumab Auto-Injector [Actemra]"/></concept><concept><code value="2106075"/><display value="0.9 ML tocilizumab 180 MG/ML Auto-Injector [Actemra]"/></concept><concept><code value="212810"/><display value="cyclosporine 25 MG Oral Capsule [Sandimmune]"/></concept><concept><code value="212844"/><display value="5 ML cyclosporine 50 MG/ML Injection [Sandimmune]"/></concept><concept><code value="212957"/><display value="cyclosporine 100 MG/ML Oral Solution [Sandimmune]"/></concept><concept><code value="213394"/><display value="mycophenolate mofetil 500 MG Injection [Cellcept]"/></concept><concept><code value="221085"/><display value="cyclophosphamide lyophilized"/></concept><concept><code value="235991"/><display value="anhydrous tacrolimus"/></concept><concept><code value="236077"/><display value="cyclosporine, modified"/></concept><concept><code value="237112"/><display value="mycophenolate mofetil hydrochloride"/></concept><concept><code value="2377332"/><display value="methotrexate Prefilled Syringe"/></concept><concept><code value="2377333"/><display value="0.4 ML methotrexate 25 MG/ML Prefilled Syringe"/></concept><concept><code value="2377334"/><display value="Reditrex"/></concept><concept><code value="2377335"/><display value="methotrexate 25 MG/ML [Reditrex]"/></concept><concept><code value="2377336"/><display value="methotrexate Prefilled Syringe [Reditrex]"/></concept><concept><code value="2377337"/><display value="Reditrex Injectable Product"/></concept><concept><code value="2377338"/><display value="0.4 ML methotrexate 25 MG/ML Prefilled Syringe [Reditrex]"/></concept><concept><code value="2377341"/><display value="0.5 ML methotrexate 25 MG/ML Prefilled Syringe"/></concept><concept><code value="2377342"/><display value="0.5 ML methotrexate 25 MG/ML Prefilled Syringe [Reditrex]"/></concept><concept><code value="2377343"/><display value="0.6 ML methotrexate 25 MG/ML Prefilled Syringe"/></concept><concept><code value="2377344"/><display value="0.6 ML methotrexate 25 MG/ML Prefilled Syringe [Reditrex]"/></concept><concept><code value="2377345"/><display value="0.7 ML methotrexate 25 MG/ML Prefilled Syringe"/></concept><concept><code value="2377346"/><display value="0.7 ML methotrexate 25 MG/ML Prefilled Syringe [Reditrex]"/></concept><concept><code value="2377347"/><display value="0.8 ML methotrexate 25 MG/ML Prefilled Syringe"/></concept><concept><code value="2377348"/><display value="0.8 ML methotrexate 25 MG/ML Prefilled Syringe [Reditrex]"/></concept><concept><code value="2377349"/><display value="0.9 ML methotrexate 25 MG/ML Prefilled Syringe"/></concept><concept><code value="2377350"/><display value="0.9 ML methotrexate 25 MG/ML Prefilled Syringe [Reditrex]"/></concept><concept><code value="2377351"/><display value="1 ML methotrexate 25 MG/ML Prefilled Syringe"/></concept><concept><code value="2377352"/><display value="1 ML methotrexate 25 MG/ML Prefilled Syringe [Reditrex]"/></concept><concept><code value="2377353"/><display value="0.3 ML methotrexate 25 MG/ML Prefilled Syringe"/></concept><concept><code value="2377354"/><display value="0.3 ML methotrexate 25 MG/ML Prefilled Syringe [Reditrex]"/></concept><concept><code value="2386858"/><display value="cyclophosphamide 200 MG/ML"/></concept><concept><code value="2386859"/><display value="cyclophosphamide 200 MG/ML Injectable Solution"/></concept><concept><code value="241834"/><display value="cyclosporine, modified 100 MG Oral Capsule"/></concept><concept><code value="2470532"/><display value="Cyclavance"/></concept><concept><code value="2470533"/><display value="cyclosporine, modified 100 MG/ML [Cyclavance]"/></concept><concept><code value="2470534"/><display value="cyclosporine Oral Solution [Cyclavance]"/></concept><concept><code value="2470535"/><display value="Cyclavance Oral Liquid Product"/></concept><concept><code value="2470536"/><display value="Cyclavance Oral Product"/></concept><concept><code value="2470537"/><display value="cyclosporine, modified 100 MG/ML Oral Solution [Cyclavance]"/></concept><concept><code value="2568661"/><display value="5 ML cyclophosphamide 200 MG/ML Injection"/></concept><concept><code value="2568663"/><display value="2.5 ML cyclophosphamide 200 MG/ML Injection"/></concept><concept><code value="2570749"/><display value="ruxolitinib 15 MG/ML"/></concept><concept><code value="2570750"/><display value="ruxolitinib Topical Product"/></concept><concept><code value="2570751"/><display value="ruxolitinib Topical Cream"/></concept><concept><code value="2570752"/><display value="ruxolitinib 15 MG/ML Topical Cream"/></concept><concept><code value="2570753"/><display value="Opzelura"/></concept><concept><code value="2570754"/><display value="ruxolitinib 15 MG/ML [Opzelura]"/></concept><concept><code value="2570755"/><display value="Opzelura Topical Product"/></concept><concept><code value="2570756"/><display value="ruxolitinib Topical Cream [Opzelura]"/></concept><concept><code value="2570757"/><display value="ruxolitinib 15 MG/ML Topical Cream [Opzelura]"/></concept><concept><code value="2572292"/><display value="0.4 ML cyclosporine 0.5 MG/ML Ophthalmic Suspension"/></concept><concept><code value="2572293"/><display value="0.4 ML cyclosporine 0.5 MG/ML Ophthalmic Suspension [Restasis]"/></concept><concept><code value="258355"/><display value="Rapamune"/></concept><concept><code value="2586860"/><display value="sirolimus 100 MG"/></concept><concept><code value="2586861"/><display value="sirolimus Injectable Product"/></concept><concept><code value="2586862"/><display value="sirolimus Injection"/></concept><concept><code value="2586863"/><display value="sirolimus 100 MG Injection"/></concept><concept><code value="2586864"/><display value="Fyarro"/></concept><concept><code value="2586865"/><display value="sirolimus 100 MG [Fyarro]"/></concept><concept><code value="2586866"/><display value="Fyarro Injectable Product"/></concept><concept><code value="2586867"/><display value="sirolimus Injection [Fyarro]"/></concept><concept><code value="2586868"/><display value="sirolimus 100 MG Injection [Fyarro]"/></concept><concept><code value="2590607"/><display value="cyclosporine 1 MG/ML"/></concept><concept><code value="2590608"/><display value="cyclosporine 1 MG/ML Ophthalmic Suspension"/></concept><concept><code value="2590609"/><display value="Verkazia"/></concept><concept><code value="2590610"/><display value="cyclosporine 1 MG/ML [Verkazia]"/></concept><concept><code value="2590611"/><display value="Verkazia Ophthalmic Product"/></concept><concept><code value="2590612"/><display value="cyclosporine Ophthalmic Suspension [Verkazia]"/></concept><concept><code value="2590613"/><display value="cyclosporine 1 MG/ML Ophthalmic Suspension [Verkazia]"/></concept><concept><code value="2596861"/><display value="sirolimus 0.002 MG/MG"/></concept><concept><code value="2596862"/><display value="sirolimus Topical Product"/></concept><concept><code value="2596863"/><display value="sirolimus Topical Gel"/></concept><concept><code value="2596864"/><display value="sirolimus 0.002 MG/MG Topical Gel"/></concept><concept><code value="2596865"/><display value="Hyftor"/></concept><concept><code value="2596866"/><display value="sirolimus 0.002 MG/MG [Hyftor]"/></concept><concept><code value="2596867"/><display value="Hyftor Topical Product"/></concept><concept><code value="2596868"/><display value="sirolimus Topical Gel [Hyftor]"/></concept><concept><code value="2596869"/><display value="sirolimus 0.002 MG/MG Topical Gel [Hyftor]"/></concept><concept><code value="2601541"/><display value="bortezomib 1 MG"/></concept><concept><code value="2601542"/><display value="bortezomib 1 MG Injection"/></concept><concept><code value="2601543"/><display value="bortezomib 2.5 MG"/></concept><concept><code value="2601544"/><display value="bortezomib 2.5 MG Injection"/></concept><concept><code value="261134"/><display value="tacrolimus 0.5 MG Oral Capsule [Prograf]"/></concept><concept><code value="261530"/><display value="Gengraf"/></concept><concept><code value="283510"/><display value="methotrexate 15 MG Oral Tablet"/></concept><concept><code value="283511"/><display value="methotrexate 5 MG Oral Tablet"/></concept><concept><code value="283671"/><display value="methotrexate 7.5 MG Oral Tablet"/></concept><concept><code value="284520"/><display value="tacrolimus 0.001 MG/MG Topical Ointment [Protopic]"/></concept><concept><code value="284521"/><display value="tacrolimus 0.0003 MG/MG Topical Ointment [Protopic]"/></concept><concept><code value="284592"/><display value="methotrexate 5 MG Oral Tablet [Trexall]"/></concept><concept><code value="284593"/><display value="methotrexate 10 MG Oral Tablet [Trexall]"/></concept><concept><code value="284594"/><display value="methotrexate 7.5 MG Oral Tablet [Trexall]"/></concept><concept><code value="284595"/><display value="methotrexate 15 MG Oral Tablet [Trexall]"/></concept><concept><code value="284848"/><display value="Protopic"/></concept><concept><code value="284900"/><display value="Trexall"/></concept><concept><code value="287734"/><display value="methotrexate sodium"/></concept><concept><code value="3002"/><display value="cyclophosphamide"/></concept><concept><code value="3008"/><display value="cyclosporine"/></concept><concept><code value="309632"/><display value="cyclosporine 100 MG/ML Oral Solution"/></concept><concept><code value="311625"/><display value="methotrexate 1000 MG Injection"/></concept><concept><code value="311880"/><display value="mycophenolate mofetil 200 MG/ML Oral Suspension"/></concept><concept><code value="311881"/><display value="mycophenolate mofetil 500 MG Injection"/></concept><concept><code value="313189"/><display value="tacrolimus 0.0003 MG/MG Topical Ointment"/></concept><concept><code value="313190"/><display value="tacrolimus 0.5 MG Oral Capsule"/></concept><concept><code value="314230"/><display value="sirolimus 1 MG/ML Oral Solution"/></concept><concept><code value="314266"/><display value="tacrolimus 0.001 MG/MG Topical Ointment"/></concept><concept><code value="315148"/><display value="methotrexate 2.5 MG/ML Injectable Solution"/></concept><concept><code value="315746"/><display value="cyclophosphamide 25 MG"/></concept><concept><code value="315747"/><display value="cyclophosphamide 50 MG"/></concept><concept><code value="315749"/><display value="cyclosporine 100 MG"/></concept><concept><code value="315750"/><display value="cyclosporine 100 MG/ML"/></concept><concept><code value="315751"/><display value="cyclosporine 25 MG"/></concept><concept><code value="315752"/><display value="cyclosporine 50 MG"/></concept><concept><code value="315753"/><display value="cyclosporine 50 MG/ML"/></concept><concept><code value="316316"/><display value="mycophenolate mofetil 250 MG"/></concept><concept><code value="316317"/><display value="mycophenolate mofetil 500 MG"/></concept><concept><code value="316758"/><display value="tacrolimus 1 MG"/></concept><concept><code value="316759"/><display value="tacrolimus 5 MG"/></concept><concept><code value="317510"/><display value="tacrolimus 5 MG/ML"/></concept><concept><code value="328160"/><display value="cyclosporine 100 MG Oral Capsule"/></concept><concept><code value="328404"/><display value="methotrexate 50 MG/ML"/></concept><concept><code value="328406"/><display value="methotrexate 25 MG/ML"/></concept><concept><code value="328407"/><display value="methotrexate 2.5 MG"/></concept><concept><code value="330028"/><display value="methotrexate 2.5 MG/ML"/></concept><concept><code value="330404"/><display value="tacrolimus 0.5 MG"/></concept><concept><code value="331549"/><display value="tacrolimus 0.001 MG/MG"/></concept><concept><code value="331550"/><display value="tacrolimus 0.0003 MG/MG"/></concept><concept><code value="331568"/><display value="methotrexate 10 MG"/></concept><concept><code value="331569"/><display value="methotrexate 15 MG"/></concept><concept><code value="331587"/><display value="mycophenolate mofetil 200 MG/ML"/></concept><concept><code value="332454"/><display value="methotrexate 5 MG"/></concept><concept><code value="332455"/><display value="methotrexate 7.5 MG"/></concept><concept><code value="333296"/><display value="sirolimus 1 MG/ML"/></concept><concept><code value="334294"/><display value="cyclosporine, modified 100 MG"/></concept><concept><code value="349208"/><display value="sirolimus 1 MG Oral Tablet"/></concept><concept><code value="350512"/><display value="sirolimus 1 MG"/></concept><concept><code value="351291"/><display value="cyclosporine 0.5 MG/ML Ophthalmic Suspension"/></concept><concept><code value="351901"/><display value="sirolimus 1 MG/ML Oral Solution [Rapamune]"/></concept><concept><code value="351989"/><display value="sirolimus 1 MG Oral Tablet [Rapamune]"/></concept><concept><code value="352951"/><display value="Restasis"/></concept><concept><code value="35302"/><display value="sirolimus"/></concept><concept><code value="353400"/><display value="cyclosporine 0.5 MG/ML"/></concept><concept><code value="356733"/><display value="Velcade"/></concept><concept><code value="358258"/><display value="bortezomib"/></concept><concept><code value="360110"/><display value="sirolimus 2 MG Oral Tablet"/></concept><concept><code value="360318"/><display value="sirolimus 2 MG"/></concept><concept><code value="360547"/><display value="methotrexate 100 MG/ML"/></concept><concept><code value="363914"/><display value="cyclosporine Oral Solution [Gengraf]"/></concept><concept><code value="363942"/><display value="cyclosporine Oral Solution [Neoral]"/></concept><concept><code value="364904"/><display value="sirolimus Oral Solution [Rapamune]"/></concept><concept><code value="366173"/><display value="cyclosporine Oral Capsule [Gengraf]"/></concept><concept><code value="366273"/><display value="tacrolimus Oral Capsule [Prograf]"/></concept><concept><code value="366479"/><display value="cyclosporine Oral Capsule [Neoral]"/></concept><concept><code value="366488"/><display value="cyclosporine Oral Capsule [Sandimmune]"/></concept><concept><code value="367339"/><display value="tacrolimus Topical Ointment [Protopic]"/></concept><concept><code value="368138"/><display value="methotrexate Oral Tablet [Trexall]"/></concept><concept><code value="368672"/><display value="sirolimus Oral Tablet [Rapamune]"/></concept><concept><code value="371664"/><display value="cyclophosphamide Oral Tablet"/></concept><concept><code value="371666"/><display value="cyclosporine Oral Capsule"/></concept><concept><code value="371667"/><display value="cyclosporine Oral Solution"/></concept><concept><code value="372835"/><display value="methotrexate Injectable Solution"/></concept><concept><code value="372836"/><display value="methotrexate Oral Tablet"/></concept><concept><code value="374015"/><display value="tacrolimus Oral Capsule"/></concept><concept><code value="374667"/><display value="mycophenolate mofetil Oral Tablet"/></concept><concept><code value="374670"/><display value="mycophenolate mofetil Oral Suspension"/></concept><concept><code value="375278"/><display value="sirolimus Oral Solution"/></concept><concept><code value="376666"/><display value="cyclophosphamide Injectable Solution"/></concept><concept><code value="378277"/><display value="sirolimus Oral Tablet"/></concept><concept><code value="378766"/><display value="cyclosporine Ophthalmic Suspension"/></concept><concept><code value="379060"/><display value="mycophenolate mofetil Oral Capsule"/></concept><concept><code value="379082"/><display value="tacrolimus Topical Ointment"/></concept><concept><code value="402092"/><display value="cyclosporine 0.5 MG/ML Ophthalmic Suspension [Restasis]"/></concept><concept><code value="402243"/><display value="bortezomib 3.5 MG Injection"/></concept><concept><code value="402244"/><display value="bortezomib 3.5 MG Injection [Velcade]"/></concept><concept><code value="402330"/><display value="cyclosporine Ophthalmic Suspension [Restasis]"/></concept><concept><code value="404432"/><display value="sirolimus 2 MG Oral Tablet [Rapamune]"/></concept><concept><code value="42316"/><display value="tacrolimus"/></concept><concept><code value="484288"/><display value="tacrolimus monohydrate"/></concept><concept><code value="484788"/><display value="cyclosporine microemulsion"/></concept><concept><code value="486331"/><display value="cyclosporine 100 MG/ML [Sandimmune]"/></concept><concept><code value="539497"/><display value="Atopica"/></concept><concept><code value="539499"/><display value="cyclosporine Oral Capsule [Atopica]"/></concept><concept><code value="564557"/><display value="tacrolimus 1 MG [Prograf]"/></concept><concept><code value="564558"/><display value="tacrolimus 5 MG [Prograf]"/></concept><concept><code value="564559"/><display value="tacrolimus 5 MG/ML [Prograf]"/></concept><concept><code value="565430"/><display value="cyclosporine 100 MG [Sandimmune]"/></concept><concept><code value="572889"/><display value="cyclosporine 25 MG [Sandimmune]"/></concept><concept><code value="572915"/><display value="cyclosporine 50 MG/ML [Sandimmune]"/></concept><concept><code value="574378"/><display value="tacrolimus 0.5 MG [Prograf]"/></concept><concept><code value="574948"/><display value="tacrolimus 0.001 MG/MG [Protopic]"/></concept><concept><code value="574949"/><display value="tacrolimus 0.0003 MG/MG [Protopic]"/></concept><concept><code value="575019"/><display value="methotrexate 5 MG [Trexall]"/></concept><concept><code value="575020"/><display value="methotrexate 10 MG [Trexall]"/></concept><concept><code value="575021"/><display value="methotrexate 7.5 MG [Trexall]"/></concept><concept><code value="575022"/><display value="methotrexate 15 MG [Trexall]"/></concept><concept><code value="575659"/><display value="sirolimus 1 MG/ML [Rapamune]"/></concept><concept><code value="575733"/><display value="sirolimus 1 MG [Rapamune]"/></concept><concept><code value="576100"/><display value="cyclosporine 0.5 MG/ML [Restasis]"/></concept><concept><code value="576390"/><display value="sirolimus 2 MG [Rapamune]"/></concept><concept><code value="612865"/><display value="tocilizumab"/></concept><concept><code value="614391"/><display value="abatacept"/></concept><concept><code value="616011"/><display value="Orencia"/></concept><concept><code value="616015"/><display value="abatacept 250 MG Injection"/></concept><concept><code value="616018"/><display value="abatacept 250 MG Injection [Orencia]"/></concept><concept><code value="616433"/><display value="mycophenolate mofetil 500 MG [Cellcept]"/></concept><concept><code value="616434"/><display value="mycophenolate mofetil Oral Tablet [Cellcept]"/></concept><concept><code value="616435"/><display value="mycophenolate mofetil 500 MG Oral Tablet [Cellcept]"/></concept><concept><code value="616442"/><display value="mycophenolate mofetil 200 MG/ML [Cellcept]"/></concept><concept><code value="616443"/><display value="mycophenolate mofetil Oral Suspension [Cellcept]"/></concept><concept><code value="616444"/><display value="mycophenolate mofetil 200 MG/ML Oral Suspension [Cellcept]"/></concept><concept><code value="616445"/><display value="mycophenolate mofetil 250 MG [Cellcept]"/></concept><concept><code value="616446"/><display value="mycophenolate mofetil Oral Capsule [Cellcept]"/></concept><concept><code value="616447"/><display value="mycophenolate mofetil 250 MG Oral Capsule [Cellcept]"/></concept><concept><code value="620216"/><display value="maraviroc"/></concept><concept><code value="657797"/><display value="temsirolimus"/></concept><concept><code value="68149"/><display value="mycophenolate mofetil"/></concept><concept><code value="6851"/><display value="methotrexate"/></concept><concept><code value="690313"/><display value="cyclophosphamide / mannitol"/></concept><concept><code value="722287"/><display value="temsirolimus 25 MG/ML"/></concept><concept><code value="722289"/><display value="1.2 ML temsirolimus 25 MG/ML Injection"/></concept><concept><code value="725106"/><display value="temsirolimus 25 MG/ML [Torisel]"/></concept><concept><code value="725108"/><display value="1.2 ML temsirolimus 25 MG/ML Injection [Torisel]"/></concept><concept><code value="728221"/><display value="maraviroc 150 MG"/></concept><concept><code value="728222"/><display value="maraviroc Oral Tablet"/></concept><concept><code value="728223"/><display value="maraviroc 150 MG Oral Tablet"/></concept><concept><code value="728224"/><display value="maraviroc 300 MG"/></concept><concept><code value="728225"/><display value="maraviroc 300 MG Oral Tablet"/></concept><concept><code value="728648"/><display value="Selzentry"/></concept><concept><code value="729199"/><display value="maraviroc 150 MG [Selzentry]"/></concept><concept><code value="729200"/><display value="maraviroc Oral Tablet [Selzentry]"/></concept><concept><code value="729201"/><display value="maraviroc 150 MG Oral Tablet [Selzentry]"/></concept><concept><code value="729202"/><display value="maraviroc 300 MG [Selzentry]"/></concept><concept><code value="729203"/><display value="maraviroc 300 MG Oral Tablet [Selzentry]"/></concept><concept><code value="835787"/><display value="cyclosporine, modified 100 MG [Gengraf]"/></concept><concept><code value="835835"/><display value="cyclosporine, modified 100 MG Oral Capsule [Gengraf]"/></concept><concept><code value="835885"/><display value="cyclosporine, modified 100 MG/ML"/></concept><concept><code value="835886"/><display value="cyclosporine, modified 100 MG/ML Oral Solution"/></concept><concept><code value="835887"/><display value="cyclosporine, modified 100 MG/ML [Gengraf]"/></concept><concept><code value="835892"/><display value="cyclosporine, modified 100 MG/ML Oral Solution [Gengraf]"/></concept><concept><code value="835893"/><display value="cyclosporine, modified 25 MG"/></concept><concept><code value="835894"/><display value="cyclosporine, modified 25 MG Oral Capsule"/></concept><concept><code value="835895"/><display value="cyclosporine, modified 25 MG [Gengraf]"/></concept><concept><code value="835896"/><display value="cyclosporine, modified 25 MG Oral Capsule [Gengraf]"/></concept><concept><code value="835897"/><display value="cyclosporine, modified 100 MG/ML [Neoral]"/></concept><concept><code value="835899"/><display value="cyclosporine, modified 100 MG/ML Oral Solution [Neoral]"/></concept><concept><code value="835900"/><display value="cyclosporine, modified 100 MG [Neoral]"/></concept><concept><code value="835901"/><display value="cyclosporine, modified 25 MG [Neoral]"/></concept><concept><code value="835909"/><display value="cyclosporine, modified 25 MG Oral Capsule [Neoral]"/></concept><concept><code value="835911"/><display value="cyclosporine, modified 100 MG Oral Capsule [Neoral]"/></concept><concept><code value="835916"/><display value="cyclosporine, modified 100 MG [Atopica]"/></concept><concept><code value="835917"/><display value="cyclosporine, modified 100 MG Oral Capsule [Atopica]"/></concept><concept><code value="835918"/><display value="cyclosporine, modified 10 MG"/></concept><concept><code value="835919"/><display value="cyclosporine, modified 10 MG Oral Capsule"/></concept><concept><code value="835920"/><display value="cyclosporine, modified 10 MG [Atopica]"/></concept><concept><code value="835921"/><display value="cyclosporine, modified 10 MG Oral Capsule [Atopica]"/></concept><concept><code value="835922"/><display value="cyclosporine, modified 25 MG [Atopica]"/></concept><concept><code value="835923"/><display value="cyclosporine, modified 25 MG Oral Capsule [Atopica]"/></concept><concept><code value="835924"/><display value="cyclosporine, modified 50 MG"/></concept><concept><code value="835925"/><display value="cyclosporine, modified 50 MG Oral Capsule"/></concept><concept><code value="835926"/><display value="cyclosporine, modified 50 MG [Atopica]"/></concept><concept><code value="835927"/><display value="cyclosporine, modified 50 MG Oral Capsule [Atopica]"/></concept><concept><code value="895758"/><display value="tocilizumab 20 MG/ML"/></concept><concept><code value="895761"/><display value="Actemra"/></concept><concept><code value="895762"/><display value="tocilizumab 20 MG/ML [Actemra]"/></concept><concept><code value="905157"/><display value="sirolimus 0.5 MG"/></concept><concept><code value="905158"/><display value="sirolimus 0.5 MG Oral Tablet"/></concept><concept><code value="905159"/><display value="sirolimus 0.5 MG [Rapamune]"/></concept><concept><code value="905160"/><display value="sirolimus 0.5 MG Oral Tablet [Rapamune]"/></concept><concept><code value="94035"/><display value="cyclosporine Oral Solution [Sandimmune]"/></concept></include></compose></ValueSet>