<?xml version="1.0" encoding="UTF-8"?><ValueSet xmlns="http://hl7.org/fhir"><id value="manual-differential-blood-vs"/><text><status value="generated"/><div xmlns="http://www.w3.org/1999/xhtml"><p>This value set includes codes based on the following rules:</p><ul><li>Import all the codes that are contained in <a href="ValueSet-smear-morphology-blood-vs.html">Smear morphology panel - Blood (34994-4)</a></li><li>Include these codes as defined in <a href="http://loinc.org"><code>http://loinc.org</code></a><table class="none"><tr><td style="white-space:nowrap"><b>Code</b></td><td><b>Display</b></td></tr><tr><td><a href="https://loinc.org/26464-8/">26464-8</a></td><td>Leukocytes [#/volume] in Blood</td></tr><tr><td><a href="https://loinc.org/30180-4/">30180-4</a></td><td>Basophils/100 leukocytes in Blood</td></tr><tr><td><a href="https://loinc.org/26444-0/">26444-0</a></td><td>Basophils [#/volume] in Blood</td></tr><tr><td><a href="https://loinc.org/34911-8/">34911-8</a></td><td>Immature basophils/100 leukocytes in Blood</td></tr><tr><td><a href="https://loinc.org/34910-0/">34910-0</a></td><td>Immature basophils [#/volume] in Blood</td></tr><tr><td><a href="https://loinc.org/26446-5/">26446-5</a></td><td>Blasts/100 leukocytes in Blood</td></tr><tr><td><a href="https://loinc.org/30376-8/">30376-8</a></td><td>Blasts [#/volume] in Blood</td></tr><tr><td><a href="https://loinc.org/26450-7/">26450-7</a></td><td>Eosinophils/100 leukocytes in Blood</td></tr><tr><td><a href="https://loinc.org/26449-9/">26449-9</a></td><td>Eosinophils [#/volume] in Blood</td></tr><tr><td><a href="https://loinc.org/34913-4/">34913-4</a></td><td>Immature eosinophils/100 leukocytes in Blood</td></tr><tr><td><a href="https://loinc.org/34912-6/">34912-6</a></td><td>Immature eosinophils [#/volume] in Blood</td></tr><tr><td><a href="https://loinc.org/30395-8/">30395-8</a></td><td>Granulocytes/100 leukocytes in Blood</td></tr><tr><td><a href="https://loinc.org/30394-1/">30394-1</a></td><td>Granulocytes [#/volume] in Blood</td></tr><tr><td><a href="https://loinc.org/35058-7/">35058-7</a></td><td>Hairy cells/100 leukocytes in Blood</td></tr><tr><td><a href="https://loinc.org/30397-4/">30397-4</a></td><td>Hairy cells [#/volume] in Blood</td></tr><tr><td><a href="https://loinc.org/26463-0/">26463-0</a></td><td>Large unstained cells/100 leukocytes in Blood</td></tr><tr><td><a href="https://loinc.org/26462-2/">26462-2</a></td><td>Large unstained cells [#/volume] in Blood</td></tr><tr><td><a href="https://loinc.org/26471-3/">26471-3</a></td><td>Leukocytes other/100 leukocytes in Blood</td></tr><tr><td><a href="https://loinc.org/30406-3/">30406-3</a></td><td>Leukocytes other [#/volume] in Blood</td></tr><tr><td><a href="https://loinc.org/34922-5/">34922-5</a></td><td>Lymphoblasts/100 leukocytes in Blood</td></tr><tr><td><a href="https://loinc.org/35050-4/">35050-4</a></td><td>Lymphoblasts [#/volume] in Blood</td></tr><tr><td><a href="https://loinc.org/26478-8/">26478-8</a></td><td>Lymphocytes/100 leukocytes in Blood</td></tr><tr><td><a href="https://loinc.org/26474-7/">26474-7</a></td><td>Lymphocytes [#/volume] in Blood</td></tr><tr><td><a href="https://loinc.org/30413-9/">30413-9</a></td><td>Abnormal lymphocytes/100 leukocytes in Blood</td></tr><tr><td><a href="https://loinc.org/30412-1/">30412-1</a></td><td>Abnormal lymphocytes [#/volume] in Blood</td></tr><tr><td><a href="https://loinc.org/13046-8/">13046-8</a></td><td>Variant lymphocytes/100 leukocytes in Blood</td></tr><tr><td><a href="https://loinc.org/26477-0/">26477-0</a></td><td>Variant lymphocytes [#/volume] in Blood</td></tr><tr><td><a href="https://loinc.org/30420-4/">30420-4</a></td><td>Large granular lymphocytes/100 leukocytes in Blood</td></tr><tr><td><a href="https://loinc.org/35082-7/">35082-7</a></td><td>Large granular lymphocytes [#/volume] in Blood</td></tr><tr><td><a href="https://loinc.org/34921-7/">34921-7</a></td><td>Lymphocytes Plasmacytoid/100 leukocytes in Blood</td></tr><tr><td><a href="https://loinc.org/35039-7/">35039-7</a></td><td>Lymphocytes Plasmacytoid [#/volume] in Blood</td></tr><tr><td><a href="https://loinc.org/30423-8/">30423-8</a></td><td>Lymphoma cells/100 leukocytes in Blood</td></tr><tr><td><a href="https://loinc.org/30422-0/">30422-0</a></td><td>Lymphoma cells [#/volume] in Blood</td></tr><tr><td><a href="https://loinc.org/34915-9/">34915-9</a></td><td>Malignant cells/100 leukocytes in Blood</td></tr><tr><td><a href="https://loinc.org/34914-2/">34914-2</a></td><td>Malignant cells [#/volume] in Blood</td></tr><tr><td><a href="https://loinc.org/28541-1/">28541-1</a></td><td>Metamyelocytes/100 leukocytes in Blood</td></tr><tr><td><a href="https://loinc.org/30433-7/">30433-7</a></td><td>Metamyelocytes [#/volume] in Blood</td></tr><tr><td><a href="https://loinc.org/34923-3/">34923-3</a></td><td>Monoblasts/100 leukocytes in Blood</td></tr><tr><td><a href="https://loinc.org/35029-8/">35029-8</a></td><td>Monoblasts [#/volume] in Blood</td></tr><tr><td><a href="https://loinc.org/26485-3/">26485-3</a></td><td>Monocytes/100 leukocytes in Blood</td></tr><tr><td><a href="https://loinc.org/26484-6/">26484-6</a></td><td>Monocytes [#/volume] in Blood</td></tr><tr><td><a href="https://loinc.org/30441-0/">30441-0</a></td><td>Monocytes Abnormal/100 leukocytes in Blood</td></tr><tr><td><a href="https://loinc.org/30440-2/">30440-2</a></td><td>Monocytes Abnormal [#/volume] in Blood</td></tr><tr><td><a href="https://loinc.org/34925-8/">34925-8</a></td><td>Immature monocytes/100 leukocytes in Blood</td></tr><tr><td><a href="https://loinc.org/34924-1/">34924-1</a></td><td>Immature monocytes [#/volume] in Blood</td></tr><tr><td><a href="https://loinc.org/30445-1/">30445-1</a></td><td>Myeloblasts/100 leukocytes in Blood</td></tr><tr><td><a href="https://loinc.org/30444-4/">30444-4</a></td><td>Myeloblasts [#/volume] in Blood</td></tr><tr><td><a href="https://loinc.org/26498-6/">26498-6</a></td><td>Myelocytes/100 leukocytes in Blood</td></tr><tr><td><a href="https://loinc.org/30446-9/">30446-9</a></td><td>Myelocytes [#/volume] in Blood</td></tr><tr><td><a href="https://loinc.org/26511-6/">26511-6</a></td><td>Neutrophils/100 leukocytes in Blood</td></tr><tr><td><a href="https://loinc.org/26499-4/">26499-4</a></td><td>Neutrophils [#/volume] in Blood</td></tr><tr><td><a href="https://loinc.org/26508-2/">26508-2</a></td><td>Band form neutrophils/100 leukocytes in Blood</td></tr><tr><td><a href="https://loinc.org/26507-4/">26507-4</a></td><td>Band form neutrophils [#/volume] in Blood</td></tr><tr><td><a href="https://loinc.org/30450-1/">30450-1</a></td><td>Neutrophils.hypersegmented/100 leukocytes in Blood</td></tr><tr><td><a href="https://loinc.org/30449-3/">30449-3</a></td><td>Neutrophils.hypersegmented [#/volume] in Blood</td></tr><tr><td><a href="https://loinc.org/30451-9/">30451-9</a></td><td>Segmented neutrophils [#/volume] in Blood</td></tr><tr><td><a href="https://loinc.org/26505-8/">26505-8</a></td><td>Segmented neutrophils/100 leukocytes in Blood</td></tr><tr><td><a href="https://loinc.org/34917-5/">34917-5</a></td><td>Plasma cell precursor/100 leukocytes in Blood</td></tr><tr><td><a href="https://loinc.org/34916-7/">34916-7</a></td><td>Plasma cell precursor [#/volume] in Blood</td></tr><tr><td><a href="https://loinc.org/13047-6/">13047-6</a></td><td>Plasma cells/100 leukocytes in Blood</td></tr><tr><td><a href="https://loinc.org/30458-4/">30458-4</a></td><td>Plasma cells [#/volume] in Blood</td></tr><tr><td><a href="https://loinc.org/34999-3/">34999-3</a></td><td>Polymorphonuclear cells/100 leukocytes in Blood</td></tr><tr><td><a href="https://loinc.org/35003-3/">35003-3</a></td><td>Polymorphonuclear cells [#/volume] in Blood</td></tr><tr><td><a href="https://loinc.org/30465-9/">30465-9</a></td><td>Prolymphocytes/100 leukocytes in Blood</td></tr><tr><td><a href="https://loinc.org/30464-2/">30464-2</a></td><td>Prolymphocytes [#/volume] in Blood</td></tr><tr><td><a href="https://loinc.org/30466-7/">30466-7</a></td><td>Promonocytes/100 leukocytes in Blood</td></tr><tr><td><a href="https://loinc.org/34926-6/">34926-6</a></td><td>Promonocytes [#/volume] in Blood</td></tr><tr><td><a href="https://loinc.org/26524-9/">26524-9</a></td><td>Promyelocytes/100 leukocytes in Blood</td></tr><tr><td><a href="https://loinc.org/26523-1/">26523-1</a></td><td>Promyelocytes [#/volume] in Blood</td></tr><tr><td><a href="https://loinc.org/34919-1/">34919-1</a></td><td>Sezary cells/100 leukocytes in Blood</td></tr><tr><td><a href="https://loinc.org/34918-3/">34918-3</a></td><td>Sezary cells [#/volume] in Blood</td></tr><tr><td><a href="https://loinc.org/34992-8/">34992-8</a></td><td>Smudge cells/100 leukocytes in Blood</td></tr><tr><td><a href="https://loinc.org/34993-6/">34993-6</a></td><td>Smudge cells [#/volume] in Blood</td></tr><tr><td><a href="https://loinc.org/33255-1/">33255-1</a></td><td>Cell Fractions/Differential [Interpretation] in Blood</td></tr><tr><td><a href="https://loinc.org/58445-8/">58445-8</a></td><td>Manual differential comment [Interpretation] in Blood Narrative</td></tr></table></li></ul></div></text><url value="http://fhir.nmdp.org/ig/cibmtr-reporting/ValueSet/manual-differential-blood-vs"/><version value="0.1.6"/><name value="ManualDifferentialBloodVS"/><title value="Manual Differential panel - Blood (24318-8)"/><status value="active"/><experimental value="true"/><date value="2023-05-04T11:04:44-05:00"/><publisher value="The Medical College of Wisconsin, Inc. and the National Marrow Donor Program"/><contact><name value="The Medical College of Wisconsin, Inc. and the National Marrow Donor Program"/><telecom><system value="url"/><value value="http://www.cibmtr.org"/></telecom></contact><contact><name value="Bob Milius"/><telecom><system value="email"/><value value="bmilius@nmdp.org"/></telecom></contact><description value="Manual Differential panel - Blood (24318-8)"/><compose><include><valueSet value="http://fhir.nmdp.org/ig/cibmtr-reporting/ValueSet/smear-morphology-blood-vs"/></include><include><system value="http://loinc.org"/><concept><code value="26464-8"/><display value="Leukocytes [#/volume] in Blood"/></concept><concept><code value="30180-4"/><display value="Basophils/100 leukocytes in Blood"/></concept><concept><code value="26444-0"/><display value="Basophils [#/volume] in Blood"/></concept><concept><code value="34911-8"/><display value="Immature basophils/100 leukocytes in Blood"/></concept><concept><code value="34910-0"/><display value="Immature basophils [#/volume] in Blood"/></concept><concept><code value="26446-5"/><display value="Blasts/100 leukocytes in Blood"/></concept><concept><code value="30376-8"/><display value="Blasts [#/volume] in Blood"/></concept><concept><code value="26450-7"/><display value="Eosinophils/100 leukocytes in Blood"/></concept><concept><code value="26449-9"/><display value="Eosinophils [#/volume] in Blood"/></concept><concept><code value="34913-4"/><display value="Immature eosinophils/100 leukocytes in Blood"/></concept><concept><code value="34912-6"/><display value="Immature eosinophils [#/volume] in Blood"/></concept><concept><code value="30395-8"/><display value="Granulocytes/100 leukocytes in Blood"/></concept><concept><code value="30394-1"/><display value="Granulocytes [#/volume] in Blood"/></concept><concept><code value="35058-7"/><display value="Hairy cells/100 leukocytes in Blood"/></concept><concept><code value="30397-4"/><display value="Hairy cells [#/volume] in Blood"/></concept><concept><code value="26463-0"/><display value="Large unstained cells/100 leukocytes in Blood"/></concept><concept><code value="26462-2"/><display value="Large unstained cells [#/volume] in Blood"/></concept><concept><code value="26471-3"/><display value="Leukocytes other/100 leukocytes in Blood"/></concept><concept><code value="30406-3"/><display value="Leukocytes other [#/volume] in Blood"/></concept><concept><code value="34922-5"/><display value="Lymphoblasts/100 leukocytes in Blood"/></concept><concept><code value="35050-4"/><display value="Lymphoblasts [#/volume] in Blood"/></concept><concept><code value="26478-8"/><display value="Lymphocytes/100 leukocytes in Blood"/></concept><concept><code value="26474-7"/><display value="Lymphocytes [#/volume] in Blood"/></concept><concept><code value="30413-9"/><display value="Abnormal lymphocytes/100 leukocytes in Blood"/></concept><concept><code value="30412-1"/><display value="Abnormal lymphocytes [#/volume] in Blood"/></concept><concept><code value="13046-8"/><display value="Variant lymphocytes/100 leukocytes in Blood"/></concept><concept><code value="26477-0"/><display value="Variant lymphocytes [#/volume] in Blood"/></concept><concept><code value="30420-4"/><display value="Large granular lymphocytes/100 leukocytes in Blood"/></concept><concept><code value="35082-7"/><display value="Large granular lymphocytes [#/volume] in Blood"/></concept><concept><code value="34921-7"/><display value="Lymphocytes Plasmacytoid/100 leukocytes in Blood"/></concept><concept><code value="35039-7"/><display value="Lymphocytes Plasmacytoid [#/volume] in Blood"/></concept><concept><code value="30423-8"/><display value="Lymphoma cells/100 leukocytes in Blood"/></concept><concept><code value="30422-0"/><display value="Lymphoma cells [#/volume] in Blood"/></concept><concept><code value="34915-9"/><display value="Malignant cells/100 leukocytes in Blood"/></concept><concept><code value="34914-2"/><display value="Malignant cells [#/volume] in Blood"/></concept><concept><code value="28541-1"/><display value="Metamyelocytes/100 leukocytes in Blood"/></concept><concept><code value="30433-7"/><display value="Metamyelocytes [#/volume] in Blood"/></concept><concept><code value="34923-3"/><display value="Monoblasts/100 leukocytes in Blood"/></concept><concept><code value="35029-8"/><display value="Monoblasts [#/volume] in Blood"/></concept><concept><code value="26485-3"/><display value="Monocytes/100 leukocytes in Blood"/></concept><concept><code value="26484-6"/><display value="Monocytes [#/volume] in Blood"/></concept><concept><code value="30441-0"/><display value="Monocytes Abnormal/100 leukocytes in Blood"/></concept><concept><code value="30440-2"/><display value="Monocytes Abnormal [#/volume] in Blood"/></concept><concept><code value="34925-8"/><display value="Immature monocytes/100 leukocytes in Blood"/></concept><concept><code value="34924-1"/><display value="Immature monocytes [#/volume] in Blood"/></concept><concept><code value="30445-1"/><display value="Myeloblasts/100 leukocytes in Blood"/></concept><concept><code value="30444-4"/><display value="Myeloblasts [#/volume] in Blood"/></concept><concept><code value="26498-6"/><display value="Myelocytes/100 leukocytes in Blood"/></concept><concept><code value="30446-9"/><display value="Myelocytes [#/volume] in Blood"/></concept><concept><code value="26511-6"/><display value="Neutrophils/100 leukocytes in Blood"/></concept><concept><code value="26499-4"/><display value="Neutrophils [#/volume] in Blood"/></concept><concept><code value="26508-2"/><display value="Band form neutrophils/100 leukocytes in Blood"/></concept><concept><code value="26507-4"/><display value="Band form neutrophils [#/volume] in Blood"/></concept><concept><code value="30450-1"/><display value="Neutrophils.hypersegmented/100 leukocytes in Blood"/></concept><concept><code value="30449-3"/><display value="Neutrophils.hypersegmented [#/volume] in Blood"/></concept><concept><code value="30451-9"/><display value="Segmented neutrophils [#/volume] in Blood"/></concept><concept><code value="26505-8"/><display value="Segmented neutrophils/100 leukocytes in Blood"/></concept><concept><code value="34917-5"/><display value="Plasma cell precursor/100 leukocytes in Blood"/></concept><concept><code value="34916-7"/><display value="Plasma cell precursor [#/volume] in Blood"/></concept><concept><code value="13047-6"/><display value="Plasma cells/100 leukocytes in Blood"/></concept><concept><code value="30458-4"/><display value="Plasma cells [#/volume] in Blood"/></concept><concept><code value="34999-3"/><display value="Polymorphonuclear cells/100 leukocytes in Blood"/></concept><concept><code value="35003-3"/><display value="Polymorphonuclear cells [#/volume] in Blood"/></concept><concept><code value="30465-9"/><display value="Prolymphocytes/100 leukocytes in Blood"/></concept><concept><code value="30464-2"/><display value="Prolymphocytes [#/volume] in Blood"/></concept><concept><code value="30466-7"/><display value="Promonocytes/100 leukocytes in Blood"/></concept><concept><code value="34926-6"/><display value="Promonocytes [#/volume] in Blood"/></concept><concept><code value="26524-9"/><display value="Promyelocytes/100 leukocytes in Blood"/></concept><concept><code value="26523-1"/><display value="Promyelocytes [#/volume] in Blood"/></concept><concept><code value="34919-1"/><display value="Sezary cells/100 leukocytes in Blood"/></concept><concept><code value="34918-3"/><display value="Sezary cells [#/volume] in Blood"/></concept><concept><code value="34992-8"/><display value="Smudge cells/100 leukocytes in Blood"/></concept><concept><code value="34993-6"/><display value="Smudge cells [#/volume] in Blood"/></concept><concept><code value="33255-1"/><display value="Cell Fractions/Differential [Interpretation] in Blood"/></concept><concept><code value="58445-8"/><display value="Manual differential comment [Interpretation] in Blood Narrative"/></concept></include></compose></ValueSet>