<?xml version="1.0" encoding="UTF-8"?>

<ImplementationGuide xmlns="http://hl7.org/fhir">
  <id value="nmdp.fhir.cibmtr-reporting"/>
  <text>
    <status value="extensions"/><div xmlns="http://www.w3.org/1999/xhtml"><h2>CIBMTRReporting</h2><p>The official URL for this implementation guide is: </p><pre>http://fhir.nmdp.org/ig/cibmtr-reporting/ImplementationGuide/nmdp.fhir.cibmtr-reporting</pre><div><p>How to report HCT data to CIBMTR</p>
</div></div>
  </text>
  <url value="http://fhir.nmdp.org/ig/cibmtr-reporting/ImplementationGuide/nmdp.fhir.cibmtr-reporting"/>
  <version value="0.1.6"/>
  <name value="CIBMTRReporting"/>
  <title value="CIBMTR Reporting Implementation Guide"/>
  <status value="draft"/>
  <date value="2023-05-05T10:07:01-05:00"/>
  <publisher value="The Medical College of Wisconsin, Inc. and the National Marrow Donor Program"/>
  <contact>
    <name value="The Medical College of Wisconsin, Inc. and the National Marrow Donor Program"/>
    <telecom>
      <system value="url"/>
      <value value="http://www.cibmtr.org"/>
    </telecom>
  </contact>
  <contact>
    <name value="Bob Milius"/>
    <telecom>
      <system value="email"/>
      <value value="bmilius@nmdp.org"/>
    </telecom>
  </contact>
  <description value="How to report HCT data to CIBMTR"/>
  <packageId value="nmdp.fhir.cibmtr-reporting"/>
  <license value="Apache-2.0"/>
  <fhirVersion value="4.0.1"/>
  <dependsOn id="hl7tx">
    <extension url="http://hl7.org/fhir/tools/StructureDefinition/implementationguide-dependency-comment">
      <valueMarkdown value="Automatically added as a dependency - all IGs depend on HL7 Terminology"/>
    </extension>
    <uri value="http://terminology.hl7.org/ImplementationGuide/hl7.terminology"/>
    <packageId value="hl7.terminology.r4"/>
    <version value="5.0.0"/>
  </dependsOn>
  <dependsOn id="hl7_fhir_us_core">
    <uri value="http://hl7.org/fhir/us/core/ImplementationGuide/hl7.fhir.us.core"/>
    <packageId value="hl7.fhir.us.core"/>
    <version value="4.0.0"/>
  </dependsOn>
  <dependsOn id="mcode">
    <uri value="http://hl7.org/fhir/us/mcode/ImplementationGuide/hl7.fhir.us.mcode"/>
    <packageId value="hl7.fhir.us.mcode"/>
    <version value="2.0.0"/>
  </dependsOn>
  <dependsOn id="hl7_fhir_uv_genomics_reporting">
    <uri value="http://hl7.org/fhir/uv/genomics-reporting/ImplementationGuide/hl7.fhir.uv.genomics-reporting"/>
    <packageId value="hl7.fhir.uv.genomics-reporting"/>
    <version value="2.0.0"/>
  </dependsOn>
  <definition>
    <extension url="http://hl7.org/fhir/tools/StructureDefinition/ig-parameter">
      <extension url="code">
        <valueString value="copyrightyear"/>
      </extension>
      <extension url="value">
        <valueString value="2020+"/>
      </extension>
    </extension>
    <extension url="http://hl7.org/fhir/tools/StructureDefinition/ig-parameter">
      <extension url="code">
        <valueString value="releaselabel"/>
      </extension>
      <extension url="value">
        <valueString value="Trial Use 1"/>
      </extension>
    </extension>
    <extension url="http://hl7.org/fhir/tools/StructureDefinition/ig-parameter">
      <extension url="code">
        <valueString value="show-inherited-invariants"/>
      </extension>
      <extension url="value">
        <valueString value="false"/>
      </extension>
    </extension>
    <extension url="http://hl7.org/fhir/tools/StructureDefinition/ig-parameter">
      <extension url="code">
        <valueString value="special-url"/>
      </extension>
      <extension url="value">
        <valueString value="http://cdebrowser.nci.nih.gov"/>
      </extension>
    </extension>
    <extension url="http://hl7.org/fhir/tools/StructureDefinition/ig-parameter">
      <extension url="code">
        <valueString value="special-url"/>
      </extension>
      <extension url="value">
        <valueString value="https://iscn.karger.com"/>
      </extension>
    </extension>
    <extension url="http://hl7.org/fhir/tools/StructureDefinition/ig-parameter">
      <extension url="code">
        <valueString value="autoload-resources"/>
      </extension>
      <extension url="value">
        <valueString value="true"/>
      </extension>
    </extension>
    <extension url="http://hl7.org/fhir/tools/StructureDefinition/ig-parameter">
      <extension url="code">
        <valueString value="path-liquid"/>
      </extension>
      <extension url="value">
        <valueString value="template/liquid"/>
      </extension>
    </extension>
    <extension url="http://hl7.org/fhir/tools/StructureDefinition/ig-parameter">
      <extension url="code">
        <valueString value="path-liquid"/>
      </extension>
      <extension url="value">
        <valueString value="input/liquid"/>
      </extension>
    </extension>
    <extension url="http://hl7.org/fhir/tools/StructureDefinition/ig-parameter">
      <extension url="code">
        <valueString value="path-qa"/>
      </extension>
      <extension url="value">
        <valueString value="temp/qa"/>
      </extension>
    </extension>
    <extension url="http://hl7.org/fhir/tools/StructureDefinition/ig-parameter">
      <extension url="code">
        <valueString value="path-temp"/>
      </extension>
      <extension url="value">
        <valueString value="temp/pages"/>
      </extension>
    </extension>
    <extension url="http://hl7.org/fhir/tools/StructureDefinition/ig-parameter">
      <extension url="code">
        <valueString value="path-output"/>
      </extension>
      <extension url="value">
        <valueString value="output"/>
      </extension>
    </extension>
    <extension url="http://hl7.org/fhir/tools/StructureDefinition/ig-parameter">
      <extension url="code">
        <valueString value="path-suppressed-warnings"/>
      </extension>
      <extension url="value">
        <valueString value="input/ignoreWarnings.txt"/>
      </extension>
    </extension>
    <extension url="http://hl7.org/fhir/tools/StructureDefinition/ig-parameter">
      <extension url="code">
        <valueString value="path-history"/>
      </extension>
      <extension url="value">
        <valueString value="http://fhir.nmdp.org/ig/cibmtr-reporting/history.html"/>
      </extension>
    </extension>
    <extension url="http://hl7.org/fhir/tools/StructureDefinition/ig-parameter">
      <extension url="code">
        <valueString value="template-html"/>
      </extension>
      <extension url="value">
        <valueString value="template-page.html"/>
      </extension>
    </extension>
    <extension url="http://hl7.org/fhir/tools/StructureDefinition/ig-parameter">
      <extension url="code">
        <valueString value="template-md"/>
      </extension>
      <extension url="value">
        <valueString value="template-page-md.html"/>
      </extension>
    </extension>
    <extension url="http://hl7.org/fhir/tools/StructureDefinition/ig-parameter">
      <extension url="code">
        <valueString value="apply-contact"/>
      </extension>
      <extension url="value">
        <valueString value="true"/>
      </extension>
    </extension>
    <extension url="http://hl7.org/fhir/tools/StructureDefinition/ig-parameter">
      <extension url="code">
        <valueString value="apply-context"/>
      </extension>
      <extension url="value">
        <valueString value="true"/>
      </extension>
    </extension>
    <extension url="http://hl7.org/fhir/tools/StructureDefinition/ig-parameter">
      <extension url="code">
        <valueString value="apply-copyright"/>
      </extension>
      <extension url="value">
        <valueString value="true"/>
      </extension>
    </extension>
    <extension url="http://hl7.org/fhir/tools/StructureDefinition/ig-parameter">
      <extension url="code">
        <valueString value="apply-jurisdiction"/>
      </extension>
      <extension url="value">
        <valueString value="true"/>
      </extension>
    </extension>
    <extension url="http://hl7.org/fhir/tools/StructureDefinition/ig-parameter">
      <extension url="code">
        <valueString value="apply-license"/>
      </extension>
      <extension url="value">
        <valueString value="true"/>
      </extension>
    </extension>
    <extension url="http://hl7.org/fhir/tools/StructureDefinition/ig-parameter">
      <extension url="code">
        <valueString value="apply-publisher"/>
      </extension>
      <extension url="value">
        <valueString value="true"/>
      </extension>
    </extension>
    <extension url="http://hl7.org/fhir/tools/StructureDefinition/ig-parameter">
      <extension url="code">
        <valueString value="apply-version"/>
      </extension>
      <extension url="value">
        <valueString value="true"/>
      </extension>
    </extension>
    <extension url="http://hl7.org/fhir/tools/StructureDefinition/ig-parameter">
      <extension url="code">
        <valueString value="active-tables"/>
      </extension>
      <extension url="value">
        <valueString value="true"/>
      </extension>
    </extension>
    <extension url="http://hl7.org/fhir/tools/StructureDefinition/ig-parameter">
      <extension url="code">
        <valueString value="fmm-definition"/>
      </extension>
      <extension url="value">
        <valueString value="http://hl7.org/fhir/versions.html#maturity"/>
      </extension>
    </extension>
    <extension url="http://hl7.org/fhir/tools/StructureDefinition/ig-parameter">
      <extension url="code">
        <valueString value="propagate-status"/>
      </extension>
      <extension url="value">
        <valueString value="true"/>
      </extension>
    </extension>
    <extension url="http://hl7.org/fhir/tools/StructureDefinition/ig-parameter">
      <extension url="code">
        <valueString value="excludelogbinaryformat"/>
      </extension>
      <extension url="value">
        <valueString value="true"/>
      </extension>
    </extension>
    <extension url="http://hl7.org/fhir/tools/StructureDefinition/ig-parameter">
      <extension url="code">
        <valueString value="tabbed-snapshots"/>
      </extension>
      <extension url="value">
        <valueString value="true"/>
      </extension>
    </extension>
    <extension url="http://hl7.org/fhir/tools/StructureDefinition/ig-internal-dependency">
      <valueCode value="hl7.fhir.uv.tools#current"/>
    </extension>
    <extension url="http://hl7.org/fhir/tools/StructureDefinition/ig-parameter">
      <extension url="code">
        <valueCode value="copyrightyear"/>
      </extension>
      <extension url="value">
        <valueString value="2020+"/>
      </extension>
    </extension>
    <extension url="http://hl7.org/fhir/tools/StructureDefinition/ig-parameter">
      <extension url="code">
        <valueCode value="releaselabel"/>
      </extension>
      <extension url="value">
        <valueString value="Trial Use 1"/>
      </extension>
    </extension>
    <extension url="http://hl7.org/fhir/tools/StructureDefinition/ig-parameter">
      <extension url="code">
        <valueCode value="show-inherited-invariants"/>
      </extension>
      <extension url="value">
        <valueString value="false"/>
      </extension>
    </extension>
    <extension url="http://hl7.org/fhir/tools/StructureDefinition/ig-parameter">
      <extension url="code">
        <valueCode value="special-url"/>
      </extension>
      <extension url="value">
        <valueString value="http://cdebrowser.nci.nih.gov"/>
      </extension>
    </extension>
    <extension url="http://hl7.org/fhir/tools/StructureDefinition/ig-parameter">
      <extension url="code">
        <valueCode value="special-url"/>
      </extension>
      <extension url="value">
        <valueString value="https://iscn.karger.com"/>
      </extension>
    </extension>
    <extension url="http://hl7.org/fhir/tools/StructureDefinition/ig-parameter">
      <extension url="code">
        <valueCode value="autoload-resources"/>
      </extension>
      <extension url="value">
        <valueString value="true"/>
      </extension>
    </extension>
    <extension url="http://hl7.org/fhir/tools/StructureDefinition/ig-parameter">
      <extension url="code">
        <valueCode value="path-liquid"/>
      </extension>
      <extension url="value">
        <valueString value="template/liquid"/>
      </extension>
    </extension>
    <extension url="http://hl7.org/fhir/tools/StructureDefinition/ig-parameter">
      <extension url="code">
        <valueCode value="path-liquid"/>
      </extension>
      <extension url="value">
        <valueString value="input/liquid"/>
      </extension>
    </extension>
    <extension url="http://hl7.org/fhir/tools/StructureDefinition/ig-parameter">
      <extension url="code">
        <valueCode value="path-qa"/>
      </extension>
      <extension url="value">
        <valueString value="temp/qa"/>
      </extension>
    </extension>
    <extension url="http://hl7.org/fhir/tools/StructureDefinition/ig-parameter">
      <extension url="code">
        <valueCode value="path-temp"/>
      </extension>
      <extension url="value">
        <valueString value="temp/pages"/>
      </extension>
    </extension>
    <extension url="http://hl7.org/fhir/tools/StructureDefinition/ig-parameter">
      <extension url="code">
        <valueCode value="path-output"/>
      </extension>
      <extension url="value">
        <valueString value="output"/>
      </extension>
    </extension>
    <extension url="http://hl7.org/fhir/tools/StructureDefinition/ig-parameter">
      <extension url="code">
        <valueCode value="path-suppressed-warnings"/>
      </extension>
      <extension url="value">
        <valueString value="input/ignoreWarnings.txt"/>
      </extension>
    </extension>
    <extension url="http://hl7.org/fhir/tools/StructureDefinition/ig-parameter">
      <extension url="code">
        <valueCode value="path-history"/>
      </extension>
      <extension url="value">
        <valueString value="http://fhir.nmdp.org/ig/cibmtr-reporting/history.html"/>
      </extension>
    </extension>
    <extension url="http://hl7.org/fhir/tools/StructureDefinition/ig-parameter">
      <extension url="code">
        <valueCode value="template-html"/>
      </extension>
      <extension url="value">
        <valueString value="template-page.html"/>
      </extension>
    </extension>
    <extension url="http://hl7.org/fhir/tools/StructureDefinition/ig-parameter">
      <extension url="code">
        <valueCode value="template-md"/>
      </extension>
      <extension url="value">
        <valueString value="template-page-md.html"/>
      </extension>
    </extension>
    <extension url="http://hl7.org/fhir/tools/StructureDefinition/ig-parameter">
      <extension url="code">
        <valueCode value="apply-contact"/>
      </extension>
      <extension url="value">
        <valueString value="true"/>
      </extension>
    </extension>
    <extension url="http://hl7.org/fhir/tools/StructureDefinition/ig-parameter">
      <extension url="code">
        <valueCode value="apply-context"/>
      </extension>
      <extension url="value">
        <valueString value="true"/>
      </extension>
    </extension>
    <extension url="http://hl7.org/fhir/tools/StructureDefinition/ig-parameter">
      <extension url="code">
        <valueCode value="apply-copyright"/>
      </extension>
      <extension url="value">
        <valueString value="true"/>
      </extension>
    </extension>
    <extension url="http://hl7.org/fhir/tools/StructureDefinition/ig-parameter">
      <extension url="code">
        <valueCode value="apply-jurisdiction"/>
      </extension>
      <extension url="value">
        <valueString value="true"/>
      </extension>
    </extension>
    <extension url="http://hl7.org/fhir/tools/StructureDefinition/ig-parameter">
      <extension url="code">
        <valueCode value="apply-license"/>
      </extension>
      <extension url="value">
        <valueString value="true"/>
      </extension>
    </extension>
    <extension url="http://hl7.org/fhir/tools/StructureDefinition/ig-parameter">
      <extension url="code">
        <valueCode value="apply-publisher"/>
      </extension>
      <extension url="value">
        <valueString value="true"/>
      </extension>
    </extension>
    <extension url="http://hl7.org/fhir/tools/StructureDefinition/ig-parameter">
      <extension url="code">
        <valueCode value="apply-version"/>
      </extension>
      <extension url="value">
        <valueString value="true"/>
      </extension>
    </extension>
    <extension url="http://hl7.org/fhir/tools/StructureDefinition/ig-parameter">
      <extension url="code">
        <valueCode value="active-tables"/>
      </extension>
      <extension url="value">
        <valueString value="true"/>
      </extension>
    </extension>
    <extension url="http://hl7.org/fhir/tools/StructureDefinition/ig-parameter">
      <extension url="code">
        <valueCode value="fmm-definition"/>
      </extension>
      <extension url="value">
        <valueString value="http://hl7.org/fhir/versions.html#maturity"/>
      </extension>
    </extension>
    <extension url="http://hl7.org/fhir/tools/StructureDefinition/ig-parameter">
      <extension url="code">
        <valueCode value="propagate-status"/>
      </extension>
      <extension url="value">
        <valueString value="true"/>
      </extension>
    </extension>
    <extension url="http://hl7.org/fhir/tools/StructureDefinition/ig-parameter">
      <extension url="code">
        <valueCode value="excludelogbinaryformat"/>
      </extension>
      <extension url="value">
        <valueString value="true"/>
      </extension>
    </extension>
    <extension url="http://hl7.org/fhir/tools/StructureDefinition/ig-parameter">
      <extension url="code">
        <valueCode value="tabbed-snapshots"/>
      </extension>
      <extension url="value">
        <valueString value="true"/>
      </extension>
    </extension>
    <resource>
      <extension url="http://hl7.org/fhir/tools/StructureDefinition/resource-information">
        <valueString value="StructureDefinition:resource"/>
      </extension>
      <reference>
        <reference value="StructureDefinition/cibmtr-cytogenetics"/>
      </reference>
      <name value="CIBMTR Cytogenetics Profile"/>
      <description value="CIBMTR Cytogenetics Profile to capture ISCN"/>
      <exampleBoolean value="false"/>
    </resource>
    <resource>
      <extension url="http://hl7.org/fhir/tools/StructureDefinition/resource-information">
        <valueString value="StructureDefinition:resource"/>
      </extension>
      <reference>
        <reference value="StructureDefinition/cibmtr-obs-priority-variables"/>
      </reference>
      <name value="CIBMTR Observation Laboratory Results: Priority Variables"/>
      <description value="CIBMTR Observation Laboratory Results: Priority Variables"/>
      <exampleBoolean value="false"/>
    </resource>
    <resource>
      <extension url="http://hl7.org/fhir/tools/StructureDefinition/resource-information">
        <valueString value="StructureDefinition:resource"/>
      </extension>
      <reference>
        <reference value="StructureDefinition/cibmtr-observation-lab"/>
      </reference>
      <name value="CIBMTR Observation Laboratory Results Profile (us-core)"/>
      <description value="CIBMTR Observation Laboratory Results Profile (us-core)"/>
      <exampleBoolean value="false"/>
    </resource>
    <resource>
      <extension url="http://hl7.org/fhir/tools/StructureDefinition/resource-information">
        <valueString value="StructureDefinition:resource"/>
      </extension>
      <reference>
        <reference value="StructureDefinition/cibmtr-patient"/>
      </reference>
      <name value="CIBMTR Patient Profile (us-core)"/>
      <description value="CIBMTR Patient Profile for CRID assignment (us-core)"/>
      <exampleBoolean value="false"/>
    </resource>
    <resource>
      <extension url="http://hl7.org/fhir/tools/StructureDefinition/resource-information">
        <valueString value="StructureDefinition:resource"/>
      </extension>
      <reference>
        <reference value="StructureDefinition/cibmtr-additional-peri-transplant-medication"/>
      </reference>
      <name value="CIBMTR Additional Drugs in Peri-Transplant Period"/>
      <description value="CIBMTR Additional Drugs Given in the Peri-Transplant Period. Drugs may be given during the peri-transplant period to prevent transplant-related complications, such as liver injuries or to facilitate engraftment."/>
      <exampleBoolean value="false"/>
    </resource>
    <resource>
      <extension url="http://hl7.org/fhir/tools/StructureDefinition/resource-information">
        <valueString value="StructureDefinition:resource"/>
      </extension>
      <reference>
        <reference value="StructureDefinition/cibmtr-gvhd-prophylaxis-medication"/>
      </reference>
      <name value="CIBMTR GVHD Prophylaxis Medication"/>
      <description value="CIBMTR GVHD Prophylaxis Medication"/>
      <exampleBoolean value="false"/>
    </resource>
    <resource>
      <extension url="http://hl7.org/fhir/tools/StructureDefinition/resource-information">
        <valueString value="StructureDefinition:resource"/>
      </extension>
      <reference>
        <reference value="StructureDefinition/cibmtr-medication"/>
      </reference>
      <name value="CIBMTR Medication (us-core)"/>
      <description value="CIBMTR Medication (us-core)"/>
      <exampleBoolean value="false"/>
    </resource>
    <resource>
      <extension url="http://hl7.org/fhir/tools/StructureDefinition/resource-information">
        <valueString value="StructureDefinition:resource"/>
      </extension>
      <reference>
        <reference value="StructureDefinition/cibmtr-medication-administration"/>
      </reference>
      <name value="CIBMTR Medication Administration (mcode)"/>
      <description value="CIBMTR Medication Administration (mcode)"/>
      <exampleBoolean value="false"/>
    </resource>
    <resource>
      <extension url="http://hl7.org/fhir/tools/StructureDefinition/resource-information">
        <valueString value="StructureDefinition:resource"/>
      </extension>
      <reference>
        <reference value="StructureDefinition/cibmtr-medication-request"/>
      </reference>
      <name value="CIBMTR Medication Request (mcode)"/>
      <description value="CIBMTR Medication Request (mcode)"/>
      <exampleBoolean value="false"/>
    </resource>
    <resource>
      <extension url="http://hl7.org/fhir/tools/StructureDefinition/resource-information">
        <valueString value="StructureDefinition:resource"/>
      </extension>
      <reference>
        <reference value="StructureDefinition/cibmtr-mobilizing-agent-medication"/>
      </reference>
      <name value="CIBMTR Mobilizing Agents Medication"/>
      <description value="CIBMTR Mobilizing Agents (auto only) Medication"/>
      <exampleBoolean value="false"/>
    </resource>
    <resource>
      <extension url="http://hl7.org/fhir/tools/StructureDefinition/resource-information">
        <valueString value="StructureDefinition:resource"/>
      </extension>
      <reference>
        <reference value="StructureDefinition/cibmtr-post-hct-disease-therapy-planned-medication"/>
      </reference>
      <name value="CIBMTR Planned Post-HCT Disease Therapy Medication"/>
      <description value="CIBMTR Planned Post-HCT Disease Therapy Medication"/>
      <exampleBoolean value="false"/>
    </resource>
    <resource>
      <extension url="http://hl7.org/fhir/tools/StructureDefinition/resource-information">
        <valueString value="StructureDefinition:resource"/>
      </extension>
      <reference>
        <reference value="StructureDefinition/cibmtr-prep-regimen-medication"/>
      </reference>
      <name value="CIBMTR Prep Regimen Medication"/>
      <description value="CIBMTR Pre-HCT Preparative Regimen (Conditioning) Medication"/>
      <exampleBoolean value="false"/>
    </resource>
    <resource>
      <extension url="http://hl7.org/fhir/tools/StructureDefinition/resource-information">
        <valueString value="StructureDefinition:resource"/>
      </extension>
      <reference>
        <reference value="StructureDefinition/cibmtr-prior-exposure-medication"/>
      </reference>
      <name value="CIBMTR Prior Exposure Medication"/>
      <description value="CIBMTR Prior Exposure: Potential Study Eligibility Medication"/>
      <exampleBoolean value="false"/>
    </resource>
    <resource>
      <extension url="http://hl7.org/fhir/tools/StructureDefinition/resource-information">
        <valueString value="ValueSet"/>
      </extension>
      <reference>
        <reference value="ValueSet/auto-differential-blood-vs"/>
      </reference>
      <name value="Auto Differential panel - Blood (57023-4)"/>
      <description value="Auto Differential panel - Blood (57023-4)"/>
      <exampleBoolean value="false"/>
    </resource>
    <resource>
      <extension url="http://hl7.org/fhir/tools/StructureDefinition/resource-information">
        <valueString value="ValueSet"/>
      </extension>
      <reference>
        <reference value="ValueSet/cbc-blood-automated-vs"/>
      </reference>
      <name value="CBC panel - Blood by Automated count (58410-2)"/>
      <description value="CBC panel - Blood by Automated count (58410-2)"/>
      <exampleBoolean value="false"/>
    </resource>
    <resource>
      <extension url="http://hl7.org/fhir/tools/StructureDefinition/resource-information">
        <valueString value="ValueSet"/>
      </extension>
      <reference>
        <reference value="ValueSet/cbc-w-auto-differential-blood-vs"/>
      </reference>
      <name value="CBC W Auto Differential panel - Blood (57021-8)"/>
      <description value="CBC W Auto Differential panel - Blood (57021-8)"/>
      <exampleBoolean value="false"/>
    </resource>
    <resource>
      <extension url="http://hl7.org/fhir/tools/StructureDefinition/resource-information">
        <valueString value="ValueSet"/>
      </extension>
      <reference>
        <reference value="ValueSet/cbc-w-differential-unspecified-blood-vs"/>
      </reference>
      <name value="CBC W Differential panel, method unspecified - Blood (69742-5)"/>
      <description value="CBC W Differential panel, method unspecified - Blood (69742-5)"/>
      <exampleBoolean value="false"/>
    </resource>
    <resource>
      <extension url="http://hl7.org/fhir/tools/StructureDefinition/resource-information">
        <valueString value="ValueSet"/>
      </extension>
      <reference>
        <reference value="ValueSet/cbc-w-ordered-manual-differential-blood-vs"/>
      </reference>
      <name value="CBC W Ordered Manual Differential panel - Blood (57782-5)"/>
      <description value="CBC W Ordered Manual Differential panel - Blood (57782-5)"/>
      <exampleBoolean value="false"/>
    </resource>
    <resource>
      <extension url="http://hl7.org/fhir/tools/StructureDefinition/resource-information">
        <valueString value="ValueSet"/>
      </extension>
      <reference>
        <reference value="ValueSet/differential-unspecified-blood-vs"/>
      </reference>
      <name value="Differential panel, method unspecified - Blood (69738-3)"/>
      <description value="Differential panel, method unspecified - Blood (69738-3)"/>
      <exampleBoolean value="false"/>
    </resource>
    <resource>
      <extension url="http://hl7.org/fhir/tools/StructureDefinition/resource-information">
        <valueString value="ValueSet"/>
      </extension>
      <reference>
        <reference value="ValueSet/erythrocyte-morphology-blood-vs"/>
      </reference>
      <name value="Erythrocyte morphology panel - Blood (58408-6)"/>
      <description value="Erythrocyte morphology panel - Blood (58408-6)"/>
      <exampleBoolean value="false"/>
    </resource>
    <resource>
      <extension url="http://hl7.org/fhir/tools/StructureDefinition/resource-information">
        <valueString value="ValueSet"/>
      </extension>
      <reference>
        <reference value="ValueSet/gvhd-icd10-codes"/>
      </reference>
      <name value="GVHD ICD-10 Codes"/>
      <description value="GVHD ICD-10 Codes"/>
      <exampleBoolean value="false"/>
    </resource>
    <resource>
      <extension url="http://hl7.org/fhir/tools/StructureDefinition/resource-information">
        <valueString value="ValueSet"/>
      </extension>
      <reference>
        <reference value="ValueSet/gvhd-sct-codes"/>
      </reference>
      <name value="GVHD SNOMED CT Codes"/>
      <description value="GVHD SNOMED CT Codes"/>
      <exampleBoolean value="false"/>
    </resource>
    <resource>
      <extension url="http://hl7.org/fhir/tools/StructureDefinition/resource-information">
        <valueString value="ValueSet"/>
      </extension>
      <reference>
        <reference value="ValueSet/gvhd-all-valueset"/>
      </reference>
      <name value="GVHD Type Value Set"/>
      <description value="Permissible values for types of Graft vs Host Disease, from SNOMED CT and ICD-10"/>
      <exampleBoolean value="false"/>
    </resource>
    <resource>
      <extension url="http://hl7.org/fhir/tools/StructureDefinition/resource-information">
        <valueString value="ValueSet"/>
      </extension>
      <reference>
        <reference value="ValueSet/hematopoietic-disorder-vs"/>
      </reference>
      <name value="Disorders of hematopoietic structure"/>
      <description value="SNOMED: Disorders of hematopoietic structure"/>
      <exampleBoolean value="false"/>
    </resource>
    <resource>
      <extension url="http://hl7.org/fhir/tools/StructureDefinition/resource-information">
        <valueString value="ValueSet"/>
      </extension>
      <reference>
        <reference value="ValueSet/leukocyte-morphology-blood-vs"/>
      </reference>
      <name value="Leukocyte morphology panel - Blood (58407-8)"/>
      <description value="Leukocyte morphology panel - Blood (58407-8)"/>
      <exampleBoolean value="false"/>
    </resource>
    <resource>
      <extension url="http://hl7.org/fhir/tools/StructureDefinition/resource-information">
        <valueString value="ValueSet"/>
      </extension>
      <reference>
        <reference value="ValueSet/manual-differential-blood-vs"/>
      </reference>
      <name value="Manual Differential panel - Blood (24318-8)"/>
      <description value="Manual Differential panel - Blood (24318-8)"/>
      <exampleBoolean value="false"/>
    </resource>
    <resource>
      <extension url="http://hl7.org/fhir/tools/StructureDefinition/resource-information">
        <valueString value="ValueSet"/>
      </extension>
      <reference>
        <reference value="ValueSet/platelet-morphology-blood-vs"/>
      </reference>
      <name value="Platelet morphology panel - Blood (58406-0)"/>
      <description value="Platelet morphology panel - Blood (58406-0)"/>
      <exampleBoolean value="false"/>
    </resource>
    <resource>
      <extension url="http://hl7.org/fhir/tools/StructureDefinition/resource-information">
        <valueString value="ValueSet"/>
      </extension>
      <reference>
        <reference value="ValueSet/presence-valueset"/>
      </reference>
      <name value="Presence Answer List"/>
      <description value="Permissible values for presence"/>
      <exampleBoolean value="false"/>
    </resource>
    <resource>
      <extension url="http://hl7.org/fhir/tools/StructureDefinition/resource-information">
        <valueString value="ValueSet"/>
      </extension>
      <reference>
        <reference value="ValueSet/cibmtr-priority-variables-2021"/>
      </reference>
      <name value="CIBMTR Priority Variables Value Set (FY21)"/>
      <description value="Priority Variables for CIBMTR (FY21)"/>
      <exampleBoolean value="false"/>
    </resource>
    <resource>
      <extension url="http://hl7.org/fhir/tools/StructureDefinition/resource-information">
        <valueString value="ValueSet"/>
      </extension>
      <reference>
        <reference value="ValueSet/cibmtr-priority-variables-2022"/>
      </reference>
      <name value="CIBMTR Priority Variables Value Set (FY22)"/>
      <description value="Priority Variables for CIBMTR (FY22)"/>
      <exampleBoolean value="false"/>
    </resource>
    <resource>
      <extension url="http://hl7.org/fhir/tools/StructureDefinition/resource-information">
        <valueString value="ValueSet"/>
      </extension>
      <reference>
        <reference value="ValueSet/cibmtr-priority-variables-epic-2021"/>
      </reference>
      <name value="CIBMTR Priority Variables Value Set for Epic App (FY21)"/>
      <description value="Priority Variables for Epic CIBMTR Reporting App (FY21)"/>
      <exampleBoolean value="false"/>
    </resource>
    <resource>
      <extension url="http://hl7.org/fhir/tools/StructureDefinition/resource-information">
        <valueString value="ValueSet"/>
      </extension>
      <reference>
        <reference value="ValueSet/med-addition-peri-transplant-vs"/>
      </reference>
      <name value="RxNorm - Additional Drugs in Peri-Transplant Period"/>
      <description value="RxNorm codes for Additional Drugs in Peri-Transplant Period"/>
      <exampleBoolean value="false"/>
    </resource>
    <resource>
      <extension url="http://hl7.org/fhir/tools/StructureDefinition/resource-information">
        <valueString value="ValueSet"/>
      </extension>
      <reference>
        <reference value="ValueSet/med-alemtuzumab-vs"/>
      </reference>
      <name value="RxNorm - Alemtuzumab"/>
      <description value="RxNorm codes for Alemtuzumab"/>
      <exampleBoolean value="false"/>
    </resource>
    <resource>
      <extension url="http://hl7.org/fhir/tools/StructureDefinition/resource-information">
        <valueString value="ValueSet"/>
      </extension>
      <reference>
        <reference value="ValueSet/med-all-form2400-vs"/>
      </reference>
      <name value="RxNorm - All of Form 2400"/>
      <description value="RxNorm codes for all of Form 2400"/>
      <exampleBoolean value="false"/>
    </resource>
    <resource>
      <extension url="http://hl7.org/fhir/tools/StructureDefinition/resource-information">
        <valueString value="ValueSet"/>
      </extension>
      <reference>
        <reference value="ValueSet/med-anti-thymocyte-globulin-vs"/>
      </reference>
      <name value="RxNorm - Anti-Thymocyte Globulin"/>
      <description value="RxNorm codes for Anti-Thymocyte Globulin"/>
      <exampleBoolean value="false"/>
    </resource>
    <resource>
      <extension url="http://hl7.org/fhir/tools/StructureDefinition/resource-information">
        <valueString value="ValueSet"/>
      </extension>
      <reference>
        <reference value="ValueSet/med-bortezomib-vs"/>
      </reference>
      <name value="RxNorm - Bortezomib"/>
      <description value="RxNorm codes for Bortezomib"/>
      <exampleBoolean value="false"/>
    </resource>
    <resource>
      <extension url="http://hl7.org/fhir/tools/StructureDefinition/resource-information">
        <valueString value="ValueSet"/>
      </extension>
      <reference>
        <reference value="ValueSet/med-busulfan-vs"/>
      </reference>
      <name value="RxNorm - Busulfan"/>
      <description value="RxNorm codes for Busulfan"/>
      <exampleBoolean value="false"/>
    </resource>
    <resource>
      <extension url="http://hl7.org/fhir/tools/StructureDefinition/resource-information">
        <valueString value="ValueSet"/>
      </extension>
      <reference>
        <reference value="ValueSet/med-carmustine-vs"/>
      </reference>
      <name value="RxNorm - Carmustine"/>
      <description value="RxNorm codes for Carmustine"/>
      <exampleBoolean value="false"/>
    </resource>
    <resource>
      <extension url="http://hl7.org/fhir/tools/StructureDefinition/resource-information">
        <valueString value="ValueSet"/>
      </extension>
      <reference>
        <reference value="ValueSet/med-cyclophosphamide-vs"/>
      </reference>
      <name value="RxNorm - Cyclophosphamide"/>
      <description value="RxNorm codes for Cyclophosphamide"/>
      <exampleBoolean value="false"/>
    </resource>
    <resource>
      <extension url="http://hl7.org/fhir/tools/StructureDefinition/resource-information">
        <valueString value="ValueSet"/>
      </extension>
      <reference>
        <reference value="ValueSet/med-cytarabine-vs"/>
      </reference>
      <name value="RxNorm - Cytarabine"/>
      <description value="RxNorm codes for Cytarabine"/>
      <exampleBoolean value="false"/>
    </resource>
    <resource>
      <extension url="http://hl7.org/fhir/tools/StructureDefinition/resource-information">
        <valueString value="ValueSet"/>
      </extension>
      <reference>
        <reference value="ValueSet/med-defibrotide-vs"/>
      </reference>
      <name value="RxNorm - Defibrotide"/>
      <description value="RxNorm codes for Defibrotide"/>
      <exampleBoolean value="false"/>
    </resource>
    <resource>
      <extension url="http://hl7.org/fhir/tools/StructureDefinition/resource-information">
        <valueString value="ValueSet"/>
      </extension>
      <reference>
        <reference value="ValueSet/med-etoposide-vs"/>
      </reference>
      <name value="RxNorm - Etoposide"/>
      <description value="RxNorm codes for Etoposide"/>
      <exampleBoolean value="false"/>
    </resource>
    <resource>
      <extension url="http://hl7.org/fhir/tools/StructureDefinition/resource-information">
        <valueString value="ValueSet"/>
      </extension>
      <reference>
        <reference value="ValueSet/med-fludarabine-vs"/>
      </reference>
      <name value="RxNorm - Fludarabine"/>
      <description value="RxNorm codes for Fludarabine"/>
      <exampleBoolean value="false"/>
    </resource>
    <resource>
      <extension url="http://hl7.org/fhir/tools/StructureDefinition/resource-information">
        <valueString value="ValueSet"/>
      </extension>
      <reference>
        <reference value="ValueSet/med-gvhd-prophylaxis-vs"/>
      </reference>
      <name value="RxNorm - GVHD Prophylaxis"/>
      <description value="RxNorm codes for GVHD Prophylaxis"/>
      <exampleBoolean value="false"/>
    </resource>
    <resource>
      <extension url="http://hl7.org/fhir/tools/StructureDefinition/resource-information">
        <valueString value="ValueSet"/>
      </extension>
      <reference>
        <reference value="ValueSet/med-melphalan-vs"/>
      </reference>
      <name value="RxNorm - Melphalan"/>
      <description value="RxNorm codes for Melphalan"/>
      <exampleBoolean value="false"/>
    </resource>
    <resource>
      <extension url="http://hl7.org/fhir/tools/StructureDefinition/resource-information">
        <valueString value="ValueSet"/>
      </extension>
      <reference>
        <reference value="ValueSet/med-mobilizing-agents-vs"/>
      </reference>
      <name value="RxNorm - Mobilizing Agents (auto only)"/>
      <description value="RxNorm codes for Mobilizing Agents (auto only)"/>
      <exampleBoolean value="false"/>
    </resource>
    <resource>
      <extension url="http://hl7.org/fhir/tools/StructureDefinition/resource-information">
        <valueString value="ValueSet"/>
      </extension>
      <reference>
        <reference value="ValueSet/med-post-hct-disease-therapy-planned-vs"/>
      </reference>
      <name value="RxNorm - Post-HCT Disease Therapy Planned"/>
      <description value="RxNorm codes for Post-HCT Disease Therapy Planned"/>
      <exampleBoolean value="false"/>
    </resource>
    <resource>
      <extension url="http://hl7.org/fhir/tools/StructureDefinition/resource-information">
        <valueString value="ValueSet"/>
      </extension>
      <reference>
        <reference value="ValueSet/med-prep-regimen-vs"/>
      </reference>
      <name value="RxNorm - Prep Regimen"/>
      <description value="RxNorm codes for Prep Regimen"/>
      <exampleBoolean value="false"/>
    </resource>
    <resource>
      <extension url="http://hl7.org/fhir/tools/StructureDefinition/resource-information">
        <valueString value="ValueSet"/>
      </extension>
      <reference>
        <reference value="ValueSet/med-prior-exposure-vs"/>
      </reference>
      <name value="RxNorm - Prior Exposure: Potential Study Eligibility"/>
      <description value="Prior Exposure: Potential Study Eligibility"/>
      <exampleBoolean value="false"/>
    </resource>
    <resource>
      <extension url="http://hl7.org/fhir/tools/StructureDefinition/resource-information">
        <valueString value="ValueSet"/>
      </extension>
      <reference>
        <reference value="ValueSet/med-rituximab-vs"/>
      </reference>
      <name value="RxNorm - Rituximab"/>
      <description value="RxNorm codes for Rituximab"/>
      <exampleBoolean value="false"/>
    </resource>
    <resource>
      <extension url="http://hl7.org/fhir/tools/StructureDefinition/resource-information">
        <valueString value="ValueSet"/>
      </extension>
      <reference>
        <reference value="ValueSet/med-thiotepa-vs"/>
      </reference>
      <name value="RxNorm - Thiotepa"/>
      <description value="RxNorm codes for Thiotepa"/>
      <exampleBoolean value="false"/>
    </resource>
    <resource>
      <extension url="http://hl7.org/fhir/tools/StructureDefinition/resource-information">
        <valueString value="ValueSet"/>
      </extension>
      <reference>
        <reference value="ValueSet/med-treosulfan-vs"/>
      </reference>
      <name value="RxNorm - Treosulfan"/>
      <description value="RxNorm codes for Treosulfan"/>
      <exampleBoolean value="false"/>
    </resource>
    <resource>
      <extension url="http://hl7.org/fhir/tools/StructureDefinition/resource-information">
        <valueString value="ValueSet"/>
      </extension>
      <reference>
        <reference value="ValueSet/med-ursodiol-vs"/>
      </reference>
      <name value="RxNorm - Ursodiol"/>
      <description value="RxNorm codes for Ursodiol"/>
      <exampleBoolean value="false"/>
    </resource>
    <resource>
      <extension url="http://hl7.org/fhir/tools/StructureDefinition/resource-information">
        <valueString value="ValueSet"/>
      </extension>
      <reference>
        <reference value="ValueSet/snomed-myelodysplastic-diseases-vs"/>
      </reference>
      <name value="SNOMED Myelodysplastic Diseases"/>
      <description value="The myelodysplastic syndromes (MDS) are a group of clonal hematopoietic stem cell diseases characterized by cytopenia(s), dysplasia (abnormal growth or development leading to an alteration in size, shape, and organization of the cell) in one or more of the major myeloid cell lines (WBC, RBC, and/or platelets), ineffective hematopoiesis, and an increased risk of developing acute myelogenous leukemia (AML). MDS occurs primarily in older adults, with a median age of 70 years. The majority of recipients present with symptoms related to cytopenias. Most recipients present with anemia requiring RBC transfusions."/>
      <exampleBoolean value="false"/>
    </resource>
    <resource>
      <extension url="http://hl7.org/fhir/tools/StructureDefinition/resource-information">
        <valueString value="ValueSet"/>
      </extension>
      <reference>
        <reference value="ValueSet/smear-morphology-blood-vs"/>
      </reference>
      <name value="Smear morphology panel - Blood (34994-4)"/>
      <description value="Smear morphology panel - Blood (34994-4)"/>
      <exampleBoolean value="false"/>
    </resource>
    <resource>
      <extension url="http://hl7.org/fhir/tools/StructureDefinition/resource-information">
        <valueString value="Observation"/>
      </extension>
      <reference>
        <reference value="Observation/ABOBloodGroupObservationLOINC"/>
      </reference>
      <name value="ABOBloodGroupObservationLOINC"/>
      <description value="ABO group [Type] in Blood (883-9) with LOINC answer"/>
      <exampleCanonical value="http://fhir.nmdp.org/ig/cibmtr-reporting/StructureDefinition/cibmtr-obs-priority-variables"/>
    </resource>
    <resource>
      <extension url="http://hl7.org/fhir/tools/StructureDefinition/resource-information">
        <valueString value="Observation"/>
      </extension>
      <reference>
        <reference value="Observation/ABOBloodGroupObservationSNOMED"/>
      </reference>
      <name value="ABOBloodGroupObservationSNOMED"/>
      <description value="ABO group [Type] in Blood (883-9) with SNOMED answer"/>
      <exampleCanonical value="http://fhir.nmdp.org/ig/cibmtr-reporting/StructureDefinition/cibmtr-obs-priority-variables"/>
    </resource>
    <resource>
      <extension url="http://hl7.org/fhir/tools/StructureDefinition/resource-information">
        <valueString value="Observation"/>
      </extension>
      <reference>
        <reference value="Observation/ABORhObservationLOINC"/>
      </reference>
      <name value="ABORhObservationLOINC"/>
      <description value="ABO and Rh group [Type] in Blood (882-1) with LOINC answer"/>
      <exampleCanonical value="http://fhir.nmdp.org/ig/cibmtr-reporting/StructureDefinition/cibmtr-obs-priority-variables"/>
    </resource>
    <resource>
      <extension url="http://hl7.org/fhir/tools/StructureDefinition/resource-information">
        <valueString value="Observation"/>
      </extension>
      <reference>
        <reference value="Observation/ABORhObservationSNOMED"/>
      </reference>
      <name value="ABORhObservationSNOMED"/>
      <description value="ABO and Rh group [Type] in Blood (882-1) with SNOMED CT answer"/>
      <exampleCanonical value="http://fhir.nmdp.org/ig/cibmtr-reporting/StructureDefinition/cibmtr-obs-priority-variables"/>
    </resource>
    <resource>
      <extension url="http://hl7.org/fhir/tools/StructureDefinition/resource-information">
        <valueString value="Observation"/>
      </extension>
      <reference>
        <reference value="Observation/AlbuminObservation"/>
      </reference>
      <name value="AlbuminObservation"/>
      <description value="Albumin [Mass/volume] in Serum or Plasma"/>
      <exampleCanonical value="http://fhir.nmdp.org/ig/cibmtr-reporting/StructureDefinition/cibmtr-obs-priority-variables"/>
    </resource>
    <resource>
      <extension url="http://hl7.org/fhir/tools/StructureDefinition/resource-information">
        <valueString value="Observation"/>
      </extension>
      <reference>
        <reference value="Observation/BasophilsObservation"/>
      </reference>
      <name value="BasophilsObservation"/>
      <description value="Basophils/100 leukocytes in Blood"/>
      <exampleCanonical value="http://fhir.nmdp.org/ig/cibmtr-reporting/StructureDefinition/cibmtr-obs-priority-variables"/>
    </resource>
    <resource>
      <extension url="http://hl7.org/fhir/tools/StructureDefinition/resource-information">
        <valueString value="Observation"/>
      </extension>
      <reference>
        <reference value="Observation/CMVDNAViralLoadCopiesmL"/>
      </reference>
      <name value="CMVDNAViralLoadCopiesmL"/>
      <description value="Cytomegalovirus DNA [#/volume] (viral load) in Bronchoalveolar lavage by NAA with probe detection (49349-4)"/>
      <exampleCanonical value="http://fhir.nmdp.org/ig/cibmtr-reporting/StructureDefinition/cibmtr-obs-priority-variables"/>
    </resource>
    <resource>
      <extension url="http://hl7.org/fhir/tools/StructureDefinition/resource-information">
        <valueString value="Observation"/>
      </extension>
      <reference>
        <reference value="Observation/CMVDNAViralLoadIUmL"/>
      </reference>
      <name value="CMVDNAViralLoadIUmL"/>
      <description value="Cytomegalovirus DNA [Units/volume] (viral load) in Serum or Plasma by NAA with probe detection (72493-0)"/>
      <exampleCanonical value="http://fhir.nmdp.org/ig/cibmtr-reporting/StructureDefinition/cibmtr-obs-priority-variables"/>
    </resource>
    <resource>
      <extension url="http://hl7.org/fhir/tools/StructureDefinition/resource-information">
        <valueString value="Observation"/>
      </extension>
      <reference>
        <reference value="Observation/CMVIgAbPresenceSNOMED"/>
      </reference>
      <name value="CMVIgAbPresenceSNOMED"/>
      <description value="Cytomegalovirus IgG Ab [Presence] in Serum or Plasma by Immunoassay (13949-3) with SNOMED CT answer"/>
      <exampleCanonical value="http://fhir.nmdp.org/ig/cibmtr-reporting/StructureDefinition/cibmtr-obs-priority-variables"/>
    </resource>
    <resource>
      <extension url="http://hl7.org/fhir/tools/StructureDefinition/resource-information">
        <valueString value="Observation"/>
      </extension>
      <reference>
        <reference value="Observation/CMVIgGAbPresenceLOINC"/>
      </reference>
      <name value="CMVIgGAbPresenceLOINC"/>
      <description value="Cytomegalovirus IgG Ab [Presence] in Serum or Plasma by Immunoassay (13949-3) with LOINC answer"/>
      <exampleCanonical value="http://fhir.nmdp.org/ig/cibmtr-reporting/StructureDefinition/cibmtr-obs-priority-variables"/>
    </resource>
    <resource>
      <extension url="http://hl7.org/fhir/tools/StructureDefinition/resource-information">
        <valueString value="Observation"/>
      </extension>
      <reference>
        <reference value="Observation/CMVIgMAbPresenceLOINC"/>
      </reference>
      <name value="CMVIgMAbPresenceLOINC"/>
      <description value="Cytomegalovirus IgM Ab [Presence] in Serum or Plasma by Immunoassay (24119-0) with LOINC answer"/>
      <exampleCanonical value="http://fhir.nmdp.org/ig/cibmtr-reporting/StructureDefinition/cibmtr-obs-priority-variables"/>
    </resource>
    <resource>
      <extension url="http://hl7.org/fhir/tools/StructureDefinition/resource-information">
        <valueString value="Observation"/>
      </extension>
      <reference>
        <reference value="Observation/CMVIgMAbPresenceSNOMED"/>
      </reference>
      <name value="CMVIgMAbPresenceSNOMED"/>
      <description value="Cytomegalovirus IgM Ab [Presence] in Serum or Plasma by Immunoassay (24119-0) with SNOMED answer"/>
      <exampleCanonical value="http://fhir.nmdp.org/ig/cibmtr-reporting/StructureDefinition/cibmtr-obs-priority-variables"/>
    </resource>
    <resource>
      <extension url="http://hl7.org/fhir/tools/StructureDefinition/resource-information">
        <valueString value="Observation"/>
      </extension>
      <reference>
        <reference value="Observation/Cytogenetics-Example-1"/>
      </reference>
      <name value="Cytogenetics-Example-1"/>
      <description value="Example of ISCN report"/>
      <exampleCanonical value="http://fhir.nmdp.org/ig/cibmtr-reporting/StructureDefinition/cibmtr-cytogenetics"/>
    </resource>
    <resource>
      <extension url="http://hl7.org/fhir/tools/StructureDefinition/resource-information">
        <valueString value="Observation"/>
      </extension>
      <reference>
        <reference value="Observation/EosinophilsObservation"/>
      </reference>
      <name value="EosinophilsObservation"/>
      <description value="Eosinophils observation, #/volume in Blood"/>
      <exampleCanonical value="http://fhir.nmdp.org/ig/cibmtr-reporting/StructureDefinition/cibmtr-obs-priority-variables"/>
    </resource>
    <resource>
      <extension url="http://hl7.org/fhir/tools/StructureDefinition/resource-information">
        <valueString value="Observation"/>
      </extension>
      <reference>
        <reference value="Observation/HemoglobinObservation"/>
      </reference>
      <name value="HemoglobinObservation"/>
      <description value="Hemoglobin [Mass/volume] in Blood"/>
      <exampleCanonical value="http://fhir.nmdp.org/ig/cibmtr-reporting/StructureDefinition/cibmtr-obs-priority-variables"/>
    </resource>
    <resource>
      <extension url="http://hl7.org/fhir/tools/StructureDefinition/resource-information">
        <valueString value="Observation"/>
      </extension>
      <reference>
        <reference value="Observation/LeukocytesObservation"/>
      </reference>
      <name value="LeukocytesObservation"/>
      <description value="Leukocytes observation"/>
      <exampleCanonical value="http://fhir.nmdp.org/ig/cibmtr-reporting/StructureDefinition/cibmtr-observation-lab"/>
    </resource>
    <resource>
      <extension url="http://hl7.org/fhir/tools/StructureDefinition/resource-information">
        <valueString value="Medication"/>
      </extension>
      <reference>
        <reference value="Medication/Medication-Cyclophosphamide-Example"/>
      </reference>
      <name value="Medication-Cyclophosphamide-Example"/>
      <description value="Medication - Cyclophosphamide, 1 G injection"/>
      <exampleCanonical value="http://fhir.nmdp.org/ig/cibmtr-reporting/StructureDefinition/cibmtr-medication"/>
    </resource>
    <resource>
      <extension url="http://hl7.org/fhir/tools/StructureDefinition/resource-information">
        <valueString value="Medication"/>
      </extension>
      <reference>
        <reference value="Medication/Medication-Etoposide-Example"/>
      </reference>
      <name value="Medication-Etoposide-Example"/>
      <description value="Medication - Etoposide (Vepesid) chemo IBPB, 20MG/ML"/>
      <exampleCanonical value="http://fhir.nmdp.org/ig/cibmtr-reporting/StructureDefinition/cibmtr-medication"/>
    </resource>
    <resource>
      <extension url="http://hl7.org/fhir/tools/StructureDefinition/resource-information">
        <valueString value="Medication"/>
      </extension>
      <reference>
        <reference value="Medication/Medication-GVHD-Prophylaxis-Example"/>
      </reference>
      <name value="Medication-GVHD-Prophylaxis-Example"/>
      <description value="Medication - GVHD Prophylaxis Example - Cyclosporine"/>
      <exampleCanonical value="http://fhir.nmdp.org/ig/cibmtr-reporting/StructureDefinition/cibmtr-gvhd-prophylaxis-medication"/>
    </resource>
    <resource>
      <extension url="http://hl7.org/fhir/tools/StructureDefinition/resource-information">
        <valueString value="Medication"/>
      </extension>
      <reference>
        <reference value="Medication/Medication-Mobilizing-Agent-Example"/>
      </reference>
      <name value="Medication-Mobilizing-Agent-Example"/>
      <description value="Medication - Mobilizing Agents Example - Pegfilgrastim"/>
      <exampleCanonical value="http://fhir.nmdp.org/ig/cibmtr-reporting/StructureDefinition/cibmtr-mobilizing-agent-medication"/>
    </resource>
    <resource>
      <extension url="http://hl7.org/fhir/tools/StructureDefinition/resource-information">
        <valueString value="Medication"/>
      </extension>
      <reference>
        <reference value="Medication/Medication-Peri-Transplant-Example"/>
      </reference>
      <name value="Medication-Peri-Transplant-Example"/>
      <description value="Medication - Additional Peri-Transplant Example - Anti-Thymocyte gGobulin"/>
      <exampleCanonical value="http://fhir.nmdp.org/ig/cibmtr-reporting/StructureDefinition/cibmtr-additional-peri-transplant-medication"/>
    </resource>
    <resource>
      <extension url="http://hl7.org/fhir/tools/StructureDefinition/resource-information">
        <valueString value="Medication"/>
      </extension>
      <reference>
        <reference value="Medication/Medication-Post-HCT-Disease-Therapy-Example"/>
      </reference>
      <name value="Medication-Post-HCT-Disease-Therapy-Example"/>
      <description value="Medication - Post-HCT Disease Therapy Planned Example - Blinatumomab"/>
      <exampleCanonical value="http://fhir.nmdp.org/ig/cibmtr-reporting/StructureDefinition/cibmtr-post-hct-disease-therapy-planned-medication"/>
    </resource>
    <resource>
      <extension url="http://hl7.org/fhir/tools/StructureDefinition/resource-information">
        <valueString value="Medication"/>
      </extension>
      <reference>
        <reference value="Medication/Medication-Prep-Regimen-Example"/>
      </reference>
      <name value="Medication-Prep-Regimen-Example"/>
      <description value="Medication - Pre-HCT Preparatoive Regimen (Conditioning) Example - Pegfilgrastim"/>
      <exampleCanonical value="http://fhir.nmdp.org/ig/cibmtr-reporting/StructureDefinition/cibmtr-prep-regimen-medication"/>
    </resource>
    <resource>
      <extension url="http://hl7.org/fhir/tools/StructureDefinition/resource-information">
        <valueString value="Medication"/>
      </extension>
      <reference>
        <reference value="Medication/Medication-PriorExposure-Example"/>
      </reference>
      <name value="Medication-PriorExposure-Example"/>
      <description value="Medication - Prior Exposure: Potential Study Eligibility Example - Mogamulizumab"/>
      <exampleCanonical value="http://fhir.nmdp.org/ig/cibmtr-reporting/StructureDefinition/cibmtr-prior-exposure-medication"/>
    </resource>
    <resource>
      <extension url="http://hl7.org/fhir/tools/StructureDefinition/resource-information">
        <valueString value="MedicationAdministration"/>
      </extension>
      <reference>
        <reference value="MedicationAdministration/MedicationAdministration-Example1"/>
      </reference>
      <name value="MedicationAdministration-Example1"/>
      <description value="Medication - Medication Administration example using medicationReference - Etoposide"/>
      <exampleCanonical value="http://fhir.nmdp.org/ig/cibmtr-reporting/StructureDefinition/cibmtr-medication-administration"/>
    </resource>
    <resource>
      <extension url="http://hl7.org/fhir/tools/StructureDefinition/resource-information">
        <valueString value="MedicationAdministration"/>
      </extension>
      <reference>
        <reference value="MedicationAdministration/MedicationAdministration-Example2"/>
      </reference>
      <name value="MedicationAdministration-Example2"/>
      <description value="Medication - Medication Administration example using medicationCodeableConcept - Etoposide"/>
      <exampleCanonical value="http://fhir.nmdp.org/ig/cibmtr-reporting/StructureDefinition/cibmtr-medication-administration"/>
    </resource>
    <resource>
      <extension url="http://hl7.org/fhir/tools/StructureDefinition/resource-information">
        <valueString value="MedicationRequest"/>
      </extension>
      <reference>
        <reference value="MedicationRequest/MedicationRequest-Etoposide-Example"/>
      </reference>
      <name value="MedicationRequest-Etoposide-Example"/>
      <description value="Medication Request for Etoposide (Vepesid) chemo IBPB, 20MG/ML"/>
      <exampleCanonical value="http://fhir.nmdp.org/ig/cibmtr-reporting/StructureDefinition/cibmtr-medication-request"/>
    </resource>
    <resource>
      <extension url="http://hl7.org/fhir/tools/StructureDefinition/resource-information">
        <valueString value="Observation"/>
      </extension>
      <reference>
        <reference value="Observation/MetamyelocytesObservation"/>
      </reference>
      <name value="MetamyelocytesObservation"/>
      <description value="Metamyelocytes [Presence] in Blood"/>
      <exampleCanonical value="http://fhir.nmdp.org/ig/cibmtr-reporting/StructureDefinition/cibmtr-obs-priority-variables"/>
    </resource>
    <resource>
      <extension url="http://hl7.org/fhir/tools/StructureDefinition/resource-information">
        <valueString value="Observation"/>
      </extension>
      <reference>
        <reference value="Observation/NeutrophilsObservation"/>
      </reference>
      <name value="NeutrophilsObservation"/>
      <description value="Neutrophils [#/volume] in Cord blood"/>
      <exampleCanonical value="http://fhir.nmdp.org/ig/cibmtr-reporting/StructureDefinition/cibmtr-obs-priority-variables"/>
    </resource>
    <resource>
      <extension url="http://hl7.org/fhir/tools/StructureDefinition/resource-information">
        <valueString value="Patient"/>
      </extension>
      <reference>
        <reference value="Patient/PatientExample1"/>
      </reference>
      <name value="PatientExample1"/>
      <description value="Patient with CIBMTR CRID"/>
      <exampleCanonical value="http://fhir.nmdp.org/ig/cibmtr-reporting/StructureDefinition/cibmtr-patient"/>
    </resource>
    <resource>
      <extension url="http://hl7.org/fhir/tools/StructureDefinition/resource-information">
        <valueString value="Patient"/>
      </extension>
      <reference>
        <reference value="Patient/PatientExample2"/>
      </reference>
      <name value="PatientExample2"/>
      <description value="example using CIBMTR center number"/>
      <exampleCanonical value="http://fhir.nmdp.org/ig/cibmtr-reporting/StructureDefinition/cibmtr-patient"/>
    </resource>
    <resource>
      <extension url="http://hl7.org/fhir/tools/StructureDefinition/resource-information">
        <valueString value="Patient"/>
      </extension>
      <reference>
        <reference value="Patient/PatientExample3"/>
      </reference>
      <name value="PatientExample3"/>
      <description value="Patient with MRN and CRID, Race=White, Ethnicity=Unknown"/>
      <exampleCanonical value="http://fhir.nmdp.org/ig/cibmtr-reporting/StructureDefinition/cibmtr-patient"/>
    </resource>
    <resource>
      <extension url="http://hl7.org/fhir/tools/StructureDefinition/resource-information">
        <valueString value="Patient"/>
      </extension>
      <reference>
        <reference value="Patient/PatientExample4"/>
      </reference>
      <name value="PatientExample4"/>
      <description value="Patient with CRID and MRN, Race=Black or African American, Ethnicity=Unknown"/>
      <exampleCanonical value="http://fhir.nmdp.org/ig/cibmtr-reporting/StructureDefinition/cibmtr-patient"/>
    </resource>
    <resource>
      <extension url="http://hl7.org/fhir/tools/StructureDefinition/resource-information">
        <valueString value="Patient"/>
      </extension>
      <reference>
        <reference value="Patient/PatientExample5"/>
      </reference>
      <name value="PatientExample5"/>
      <description value="Patient with CRID &amp; MRN, Race=Mixed, Ethnicity=Not Hispanic or Latino"/>
      <exampleCanonical value="http://fhir.nmdp.org/ig/cibmtr-reporting/StructureDefinition/cibmtr-patient"/>
    </resource>
    <resource>
      <extension url="http://hl7.org/fhir/tools/StructureDefinition/resource-information">
        <valueString value="Patient"/>
      </extension>
      <reference>
        <reference value="Patient/PatientExample6"/>
      </reference>
      <name value="PatientExample6"/>
      <description value="Patient with CIBMTR CRID"/>
      <exampleCanonical value="http://fhir.nmdp.org/ig/cibmtr-reporting/StructureDefinition/cibmtr-patient"/>
    </resource>
    <page>
      <extension url="http://hl7.org/fhir/tools/StructureDefinition/ig-page-name">
        <valueUrl value="toc.html"/>
      </extension>
      <nameUrl value="toc.html"/>
      <title value="Table of Contents"/>
      <generation value="html"/>
      <page>
        <extension url="http://hl7.org/fhir/tools/StructureDefinition/ig-page-name">
          <valueUrl value="index.html"/>
        </extension>
        <nameUrl value="index.html"/>
        <title value="Home"/>
        <generation value="markdown"/>
      </page>
      <page>
        <extension url="http://hl7.org/fhir/tools/StructureDefinition/ig-page-name">
          <valueUrl value="Access-Credentials.html"/>
        </extension>
        <nameUrl value="Access-Credentials.html"/>
        <title value="Access Credentials"/>
        <generation value="markdown"/>
      </page>
      <page>
        <extension url="http://hl7.org/fhir/tools/StructureDefinition/ig-page-name">
          <valueUrl value="Appendices.html"/>
        </extension>
        <nameUrl value="Appendices.html"/>
        <title value="Appendices"/>
        <generation value="markdown"/>
      </page>
      <page>
        <extension url="http://hl7.org/fhir/tools/StructureDefinition/ig-page-name">
          <valueUrl value="Bundles.html"/>
        </extension>
        <nameUrl value="Bundles.html"/>
        <title value="Bundles"/>
        <generation value="markdown"/>
      </page>
      <page>
        <extension url="http://hl7.org/fhir/tools/StructureDefinition/ig-page-name">
          <valueUrl value="Connection-Guide-R4.html"/>
        </extension>
        <nameUrl value="Connection-Guide-R4.html"/>
        <title value="Connection Guide R 4"/>
        <generation value="markdown"/>
      </page>
      <page>
        <extension url="http://hl7.org/fhir/tools/StructureDefinition/ig-page-name">
          <valueUrl value="CRID-Assignment.html"/>
        </extension>
        <nameUrl value="CRID-Assignment.html"/>
        <title value="CRID Assignment"/>
        <generation value="markdown"/>
      </page>
      <page>
        <extension url="http://hl7.org/fhir/tools/StructureDefinition/ig-page-name">
          <valueUrl value="Cytogenetics.html"/>
        </extension>
        <nameUrl value="Cytogenetics.html"/>
        <title value="Cytogenetics"/>
        <generation value="markdown"/>
      </page>
      <page>
        <extension url="http://hl7.org/fhir/tools/StructureDefinition/ig-page-name">
          <valueUrl value="Direct-FHIR-STU3.html"/>
        </extension>
        <nameUrl value="Direct-FHIR-STU3.html"/>
        <title value="Direct FHIR STU 3"/>
        <generation value="html"/>
      </page>
      <page>
        <extension url="http://hl7.org/fhir/tools/StructureDefinition/ig-page-name">
          <valueUrl value="Endpoints.html"/>
        </extension>
        <nameUrl value="Endpoints.html"/>
        <title value="Endpoints"/>
        <generation value="markdown"/>
      </page>
      <page>
        <extension url="http://hl7.org/fhir/tools/StructureDefinition/ig-page-name">
          <valueUrl value="Example-Code.html"/>
        </extension>
        <nameUrl value="Example-Code.html"/>
        <title value="Example Code"/>
        <generation value="markdown"/>
      </page>
      <page>
        <extension url="http://hl7.org/fhir/tools/StructureDefinition/ig-page-name">
          <valueUrl value="Form-2450.html"/>
        </extension>
        <nameUrl value="Form-2450.html"/>
        <title value="Form 2450"/>
        <generation value="markdown"/>
      </page>
      <page>
        <extension url="http://hl7.org/fhir/tools/StructureDefinition/ig-page-name">
          <valueUrl value="Laboratory-Observations.html"/>
        </extension>
        <nameUrl value="Laboratory-Observations.html"/>
        <title value="Laboratory Observations"/>
        <generation value="markdown"/>
      </page>
      <page>
        <extension url="http://hl7.org/fhir/tools/StructureDefinition/ig-page-name">
          <valueUrl value="Medications.html"/>
        </extension>
        <nameUrl value="Medications.html"/>
        <title value="Medications"/>
        <generation value="markdown"/>
      </page>
      <page>
        <extension url="http://hl7.org/fhir/tools/StructureDefinition/ig-page-name">
          <valueUrl value="Patient.html"/>
        </extension>
        <nameUrl value="Patient.html"/>
        <title value="Patient"/>
        <generation value="markdown"/>
      </page>
    </page>
    <parameter>
      <code value="path-resource"/>
      <value value="input/capabilities"/>
    </parameter>
    <parameter>
      <code value="path-resource"/>
      <value value="input/examples"/>
    </parameter>
    <parameter>
      <code value="path-resource"/>
      <value value="input/extensions"/>
    </parameter>
    <parameter>
      <code value="path-resource"/>
      <value value="input/models"/>
    </parameter>
    <parameter>
      <code value="path-resource"/>
      <value value="input/operations"/>
    </parameter>
    <parameter>
      <code value="path-resource"/>
      <value value="input/profiles"/>
    </parameter>
    <parameter>
      <code value="path-resource"/>
      <value value="input/resources"/>
    </parameter>
    <parameter>
      <code value="path-resource"/>
      <value value="input/vocabulary"/>
    </parameter>
    <parameter>
      <code value="path-resource"/>
      <value value="input/maps"/>
    </parameter>
    <parameter>
      <code value="path-resource"/>
      <value value="input/testing"/>
    </parameter>
    <parameter>
      <code value="path-resource"/>
      <value value="input/history"/>
    </parameter>
    <parameter>
      <code value="path-resource"/>
      <value value="fsh-generated/resources"/>
    </parameter>
    <parameter>
      <code value="path-pages"/>
      <value value="template/config"/>
    </parameter>
    <parameter>
      <code value="path-pages"/>
      <value value="input/images"/>
    </parameter>
    <parameter>
      <code value="path-tx-cache"/>
      <value value="input-cache/txcache"/>
    </parameter>
  </definition>
</ImplementationGuide>