<?xml version="1.0" encoding="UTF-8"?>

<MedicationAdministration xmlns="http://hl7.org/fhir">
  <id value="MedicationAdministration-Example1"/>
  <meta>
    <profile value="http://fhir.nmdp.org/ig/cibmtr-reporting/StructureDefinition/cibmtr-medication-administration"/>
    <security>
      <system value="http://terminology.nmdp.org/codesystem/transplant-center"/>
      <code value="rc_99999"/>
      <display value="99999 My Transplant Center"/>
    </security>
  </meta>
  <text>
    <status value="generated"/><div xmlns="http://www.w3.org/1999/xhtml"><p><b>Generated Narrative: MedicationAdministration</b><a name="MedicationAdministration-Example1"> </a></p><div style="display: inline-block; background-color: #d9e0e7; padding: 6px; margin: 4px; border: 1px solid #8da1b4; border-radius: 5px; line-height: 60%"><p style="margin-bottom: 0px">Resource MedicationAdministration "MedicationAdministration-Example1" </p><p style="margin-bottom: 0px">Profile: <a href="StructureDefinition-cibmtr-medication-administration.html">CIBMTR Medication Administration (mcode)</a></p><p style="margin-bottom: 0px">Security Labels: <span title="{http://terminology.nmdp.org/codesystem/transplant-center http://terminology.nmdp.org/codesystem/transplant-center}">http://terminology.nmdp.org/codesystem/transplant-center</span></p></div><p><b>status</b>: completed</p><p><b>medication</b>: <a href="Medication-Medication-Etoposide-Example.html">Medication/Medication-Etoposide-Example</a></p><p><b>subject</b>: <a href="Patient-PatientExample6.html">Patient/PatientExample6</a> ""</p><p><b>effective</b>: 2020-07-22 04:58:05+0000</p><p><b>reasonCode</b>: Cancer (CMS/HCC) <span style="background: LightGoldenRodYellow; margin: 4px; border: 1px solid khaki"> (<a href="https://browser.ihtsdotools.org/">SNOMED CT</a>#363346000 "Malignant neoplastic disease (disorder)"; <a href="http://terminology.hl7.org/4.0.0/CodeSystem-icd10CM.html">International Classification of Diseases, 10th Revision, Clinical Modification (ICD-10-CM)</a>#C80.1 "Malignant (primary) neoplasm, unspecified")</span></p><p><b>request</b>: <a href="MedicationRequest-MedicationRequest-Etoposide-Example.html">MedicationRequest/MedicationRequest-Etoposide-Example</a></p><h3>Dosages</h3><table class="grid"><tr><td>-</td><td><b>Route</b></td><td><b>Method</b></td><td><b>Dose</b></td></tr><tr><td>*</td><td>Intravenous route <span style="background: LightGoldenRodYellow; margin: 4px; border: 1px solid khaki"> (<a href="https://browser.ihtsdotools.org/">SNOMED CT</a>#47625008)</span></td><td>Inject - dosing instruction imperative (qualifier value) <span style="background: LightGoldenRodYellow; margin: 4px; border: 1px solid khaki"> (<a href="https://browser.ihtsdotools.org/">SNOMED CT</a>#422145002)</span></td><td>73 milligram<span style="background: LightGoldenRodYellow"> (Details: UCUM code mg = 'mg')</span></td></tr></table></div>
  </text>
  <status value="completed"/>
  <medicationReference>
    <reference value="Medication/Medication-Etoposide-Example"/>
  </medicationReference>
  <subject>
    <reference value="Patient/PatientExample6"/>
  </subject>
  <effectiveDateTime value="2020-07-22T16:58:05Z"/>
  <reasonCode>
    <coding>
      <system value="http://snomed.info/sct"/>
      <code value="363346000"/>
      <display value="Malignant neoplastic disease (disorder)"/>
    </coding>
    <coding>
      <system value="http://hl7.org/fhir/sid/icd-10-cm"/>
      <code value="C80.1"/>
      <display value="Malignant (primary) neoplasm, unspecified"/>
    </coding>
    <text value="Cancer (CMS/HCC)"/>
  </reasonCode>
  <request>
    <reference value="MedicationRequest/MedicationRequest-Etoposide-Example"/>
  </request>
  <dosage>
    <route>
      <coding>
        <system value="http://snomed.info/sct"/>
        <code value="47625008"/>
        <display value="Intravenous route"/>
      </coding>
    </route>
    <method>
      <coding>
        <system value="http://snomed.info/sct"/>
        <code value="422145002"/>
        <display value="Inject - dosing instruction imperative (qualifier value)"/>
      </coding>
    </method>
    <dose>
      <value value="73"/>
      <unit value="milligram"/>
      <system value="http://unitsofmeasure.org"/>
      <code value="mg"/>
    </dose>
  </dosage>
</MedicationAdministration>