<?xml version="1.0" encoding="UTF-8"?>

<Observation xmlns="http://hl7.org/fhir">
  <id value="LeukocytesObservation"/>
  <meta>
    <profile value="http://fhir.nmdp.org/ig/cibmtr-reporting/StructureDefinition/cibmtr-observation-lab"/>
    <security>
      <system value="http://terminology.cibmtr.org/codesystem/transplant-center"/>
      <code value="rc_99999"/>
      <display value="99999 My Transplant Center"/>
    </security>
  </meta>
  <text>
    <status value="generated"/><div xmlns="http://www.w3.org/1999/xhtml"><p><b>Generated Narrative: Observation</b><a name="LeukocytesObservation"> </a></p><div style="display: inline-block; background-color: #d9e0e7; padding: 6px; margin: 4px; border: 1px solid #8da1b4; border-radius: 5px; line-height: 60%"><p style="margin-bottom: 0px">Resource Observation &quot;LeukocytesObservation&quot; </p><p style="margin-bottom: 0px">Profile: <a href="StructureDefinition-cibmtr-observation-lab.html">CIBMTR Observation Laboratory Results Profile (us-core)</a></p><p style="margin-bottom: 0px">Security Labels: <span title="{http://terminology.cibmtr.org/codesystem/transplant-center http://terminology.cibmtr.org/codesystem/transplant-center}">http://terminology.cibmtr.org/codesystem/transplant-center</span></p></div><p><b>status</b>: final</p><p><b>category</b>: Laboratory <span style="background: LightGoldenRodYellow; margin: 4px; border: 1px solid khaki"> (<a href="http://terminology.hl7.org/5.0.0/CodeSystem-observation-category.html">Observation Category Codes</a>#laboratory)</span></p><p><b>code</b>: Leukocytes [#/volume] in Blood <span style="background: LightGoldenRodYellow; margin: 4px; border: 1px solid khaki"> (<a href="https://loinc.org/">LOINC</a>#26464-8)</span></p><p><b>subject</b>: <span/></p><p><b>effective</b>: 2020-07-21 14:17:00+0000</p><p><b>value</b>: 5.2 billion per liter<span style="background: LightGoldenRodYellow"> (Details: UCUM code 10*9/L = '10*9/L')</span></p></div>
  </text>
  <status value="final"/>
  <category>
    <coding>
      <system value="http://terminology.hl7.org/CodeSystem/observation-category"/>
      <code value="laboratory"/>
    </coding>
  </category>
  <code>
    <coding>
      <system value="http://loinc.org"/>
      <code value="26464-8"/>
      <display value="Leukocytes [#/volume] in Blood"/>
    </coding>
  </code>
  <subject>
    <identifier>
      <system value="http://terminology.cibmtr.org/identifier/CRID"/>
      <value value="1234567"/>
    </identifier>
  </subject>
  <effectiveDateTime value="2020-07-21T14:17:00Z"/>
  <valueQuantity>
    <value value="5.2"/>
    <unit value="billion per liter"/>
    <system value="http://unitsofmeasure.org"/>
    <code value="10*9/L"/>
  </valueQuantity>
</Observation>