<?xml version="1.0" encoding="UTF-8"?>

<Patient xmlns="http://hl7.org/fhir">
  <id value="PatientExample5"/>
  <meta>
    <profile value="http://fhir.nmdp.org/ig/cibmtr-reporting/StructureDefinition/cibmtr-patient"/>
    <security>
      <system value="http://terminology.cibmtr.org/codesystem/transplant-center"/>
      <code value="rc_00000"/>
      <display value="00000 Good Health Medical Center"/>
    </security>
  </meta>
  <text>
    <status value="generated"/><div xmlns="http://www.w3.org/1999/xhtml"><p><b>Peter Doe </b> male, DoB: 1952-05-07 ( id: 1234567 (OFFICIAL))</p></div>
  </text>
  <extension url="http://hl7.org/fhir/us/core/StructureDefinition/us-core-race">
    <extension url="text">
      <valueString value="Mixed"/>
    </extension>
    <extension url="ombCategory">
      <valueCoding>
        <system value="urn:oid:2.16.840.1.113883.6.238"/>
        <code value="2054-5"/>
        <display value="Black or African American"/>
      </valueCoding>
    </extension>
    <extension url="ombCategory">
      <valueCoding>
        <system value="urn:oid:2.16.840.1.113883.6.238"/>
        <code value="2028-9"/>
        <display value="Asian"/>
      </valueCoding>
    </extension>
  </extension>
  <extension url="http://hl7.org/fhir/us/core/StructureDefinition/us-core-ethnicity">
    <extension url="text">
      <valueString value="Not Hispanic or Latino"/>
    </extension>
    <extension url="ombCategory">
      <valueCoding>
        <system value="urn:oid:2.16.840.1.113883.6.238"/>
        <code value="2186-5"/>
        <display value="Not Hispanic or Latino"/>
      </valueCoding>
    </extension>
  </extension>
  <identifier>
    <system value="http://example.org/mrn"/>
    <value value="abc"/>
  </identifier>
  <identifier>
    <use value="official"/>
    <system value="http://terminology.cibmtr.org/identifier/CRID"/>
    <value value="1234567"/>
  </identifier>
  <name>
    <family value="Doe"/>
    <given value="Peter"/>
  </name>
  <gender value="male"/>
  <birthDate value="1952-05-07"/>
  <address>
    <use value="home"/>
    <city value="Grand Prarie"/>
    <state value="Texas"/>
  </address>
  <managingOrganization>
    <identifier>
      <system value="http://terminology.cibmtr.org/identifier/transplant-center"/>
      <value value="00000"/>
    </identifier>
    <display value="Good Health Medical Center"/>
  </managingOrganization>
</Patient>