<?xml version="1.0" encoding="UTF-8"?>

<ValueSet xmlns="http://hl7.org/fhir">
  <id value="med-post-hct-disease-therapy-planned-vs"/>
  <text>
    <status value="generated"/><div xmlns="http://www.w3.org/1999/xhtml"><ul><li>Include these codes as defined in <a href="http://www.nlm.nih.gov/research/umls/rxnorm"><code>http://www.nlm.nih.gov/research/umls/rxnorm</code></a><table class="none"><tr><td style="white-space:nowrap"><b>Code</b></td><td><b>Display</b></td></tr><tr><td>10432</td><td>thalidomide</td></tr><tr><td>1045401</td><td>dasatinib 140 MG</td></tr><tr><td>1045402</td><td>dasatinib 140 MG Oral Tablet</td></tr><tr><td>1045403</td><td>dasatinib 140 MG [Sprycel]</td></tr><tr><td>1045404</td><td>dasatinib 140 MG Oral Tablet [Sprycel]</td></tr><tr><td>1045405</td><td>dasatinib 80 MG</td></tr><tr><td>1045406</td><td>dasatinib 80 MG Oral Tablet</td></tr><tr><td>1045407</td><td>dasatinib 80 MG [Sprycel]</td></tr><tr><td>1045408</td><td>dasatinib 80 MG Oral Tablet [Sprycel]</td></tr><tr><td>1147320</td><td>brentuximab vedotin</td></tr><tr><td>1147323</td><td>brentuximab vedotin 50 MG Injection</td></tr><tr><td>1147324</td><td>Adcetris</td></tr><tr><td>1147327</td><td>brentuximab vedotin 50 MG Injection [Adcetris]</td></tr><tr><td>1154999</td><td>azacitidine Injectable Product</td></tr><tr><td>1157186</td><td>dasatinib Oral Product</td></tr><tr><td>1157187</td><td>dasatinib Pill</td></tr><tr><td>1157195</td><td>decitabine Injectable Product</td></tr><tr><td>1157967</td><td>rituximab Injectable Product</td></tr><tr><td>1159691</td><td>sorafenib Oral Product</td></tr><tr><td>1159692</td><td>sorafenib Pill</td></tr><tr><td>1160679</td><td>imatinib Oral Product</td></tr><tr><td>1160680</td><td>imatinib Pill</td></tr><tr><td>1160852</td><td>sunitinib Oral Product</td></tr><tr><td>1160853</td><td>sunitinib Pill</td></tr><tr><td>1162569</td><td>lenalidomide Oral Product</td></tr><tr><td>1162570</td><td>lenalidomide Pill</td></tr><tr><td>1163075</td><td>bortezomib Injectable Product</td></tr><tr><td>1163087</td><td>brentuximab vedotin Injectable Product</td></tr><tr><td>1164873</td><td>thalidomide Oral Product</td></tr><tr><td>1164874</td><td>thalidomide Pill</td></tr><tr><td>1166941</td><td>Dacogen Injectable Product</td></tr><tr><td>1170611</td><td>Adcetris Injectable Product</td></tr><tr><td>1171230</td><td>Gleevec Oral Product</td></tr><tr><td>1171231</td><td>Gleevec Pill</td></tr><tr><td>1177781</td><td>Sprycel Oral Product</td></tr><tr><td>1177782</td><td>Sprycel Pill</td></tr><tr><td>1182522</td><td>Revlimid Oral Product</td></tr><tr><td>1182529</td><td>Revlimid Pill</td></tr><tr><td>1182862</td><td>Nexavar Oral Product</td></tr><tr><td>1182863</td><td>Nexavar Pill</td></tr><tr><td>1184929</td><td>Thalomid Oral Product</td></tr><tr><td>1184930</td><td>Thalomid Pill</td></tr><tr><td>1185345</td><td>Rituxan Injectable Product</td></tr><tr><td>1185474</td><td>Sutent Oral Product</td></tr><tr><td>1185475</td><td>Sutent Pill</td></tr><tr><td>1186581</td><td>Vidaza Injectable Product</td></tr><tr><td>1187756</td><td>Velcade Injectable Product</td></tr><tr><td>121191</td><td>rituximab</td></tr><tr><td>1242230</td><td>lenalidomide 2.5 MG</td></tr><tr><td>1242231</td><td>lenalidomide 2.5 MG Oral Capsule</td></tr><tr><td>1242232</td><td>lenalidomide 2.5 MG [Revlimid]</td></tr><tr><td>1242233</td><td>lenalidomide 2.5 MG Oral Capsule [Revlimid]</td></tr><tr><td>1251</td><td>azacitidine</td></tr><tr><td>1302966</td><td>carfilzomib</td></tr><tr><td>1302968</td><td>carfilzomib Injectable Product</td></tr><tr><td>1302971</td><td>Kyprolis</td></tr><tr><td>1302974</td><td>Kyprolis Injectable Product</td></tr><tr><td>1307619</td><td>bosutinib</td></tr><tr><td>1307620</td><td>bosutinib 100 MG</td></tr><tr><td>1307621</td><td>bosutinib Oral Product</td></tr><tr><td>1307622</td><td>bosutinib Pill</td></tr><tr><td>1307623</td><td>bosutinib Oral Tablet</td></tr><tr><td>1307624</td><td>bosutinib 100 MG Oral Tablet</td></tr><tr><td>1307625</td><td>Bosulif</td></tr><tr><td>1307626</td><td>bosutinib 100 MG [Bosulif]</td></tr><tr><td>1307627</td><td>bosutinib Oral Tablet [Bosulif]</td></tr><tr><td>1307628</td><td>Bosulif Oral Product</td></tr><tr><td>1307629</td><td>Bosulif Pill</td></tr><tr><td>1307630</td><td>bosutinib 100 MG Oral Tablet [Bosulif]</td></tr><tr><td>1307632</td><td>bosutinib 500 MG</td></tr><tr><td>1307633</td><td>bosutinib 500 MG Oral Tablet</td></tr><tr><td>1307634</td><td>bosutinib 500 MG [Bosulif]</td></tr><tr><td>1307635</td><td>bosutinib 500 MG Oral Tablet [Bosulif]</td></tr><tr><td>1314319</td><td>bosutinib monohydrate</td></tr><tr><td>1428946</td><td>lenalidomide 20 MG</td></tr><tr><td>1428947</td><td>lenalidomide 20 MG Oral Capsule</td></tr><tr><td>1429366</td><td>lenalidomide 20 MG [Revlimid]</td></tr><tr><td>1429367</td><td>lenalidomide 20 MG Oral Capsule [Revlimid]</td></tr><tr><td>1442690</td><td>obinutuzumab 25 MG/ML</td></tr><tr><td>1442691</td><td>obinutuzumab Injectable Product</td></tr><tr><td>1442693</td><td>40 ML obinutuzumab 25 MG/ML Injection</td></tr><tr><td>1442694</td><td>Gazyva</td></tr><tr><td>1442695</td><td>obinutuzumab 25 MG/ML [Gazyva]</td></tr><tr><td>1442697</td><td>Gazyva Injectable Product</td></tr><tr><td>1442698</td><td>40 ML obinutuzumab 25 MG/ML Injection [Gazyva]</td></tr><tr><td>1442981</td><td>ibrutinib</td></tr><tr><td>1442982</td><td>ibrutinib 140 MG</td></tr><tr><td>1442983</td><td>ibrutinib Oral Product</td></tr><tr><td>1442984</td><td>ibrutinib Pill</td></tr><tr><td>1442985</td><td>ibrutinib Oral Capsule</td></tr><tr><td>1442986</td><td>ibrutinib 140 MG Oral Capsule</td></tr><tr><td>1442987</td><td>Imbruvica</td></tr><tr><td>1442988</td><td>ibrutinib 140 MG [Imbruvica]</td></tr><tr><td>1442989</td><td>ibrutinib Oral Capsule [Imbruvica]</td></tr><tr><td>1442990</td><td>Imbruvica Oral Product</td></tr><tr><td>1442991</td><td>Imbruvica Pill</td></tr><tr><td>1442992</td><td>ibrutinib 140 MG Oral Capsule [Imbruvica]</td></tr><tr><td>1541889</td><td>sunitinib 37.5 MG</td></tr><tr><td>1541890</td><td>sunitinib 37.5 MG Oral Capsule</td></tr><tr><td>1541927</td><td>sunitinib 37.5 MG [Sutent]</td></tr><tr><td>1541928</td><td>sunitinib 37.5 MG Oral Capsule [Sutent]</td></tr><tr><td>1546019</td><td>dasatinib anhydrous</td></tr><tr><td>15657</td><td>decitabine</td></tr><tr><td>1597258</td><td>blinatumomab</td></tr><tr><td>1597260</td><td>blinatumomab Injectable Product</td></tr><tr><td>1597262</td><td>blinatumomab 0.035 MG Injection</td></tr><tr><td>1597263</td><td>Blincyto</td></tr><tr><td>1597266</td><td>Blincyto Injectable Product</td></tr><tr><td>1597267</td><td>blinatumomab 0.035 MG Injection [Blincyto]</td></tr><tr><td>1651249</td><td>blinatumomab 0.035 MG</td></tr><tr><td>1651250</td><td>blinatumomab Injection</td></tr><tr><td>1651252</td><td>blinatumomab 0.035 MG [Blincyto]</td></tr><tr><td>1651253</td><td>blinatumomab Injection [Blincyto]</td></tr><tr><td>1655961</td><td>brentuximab vedotin 50 MG</td></tr><tr><td>1655962</td><td>brentuximab vedotin Injection</td></tr><tr><td>1655964</td><td>brentuximab vedotin 50 MG [Adcetris]</td></tr><tr><td>1655965</td><td>brentuximab vedotin Injection [Adcetris]</td></tr><tr><td>1656294</td><td>obinutuzumab Injection</td></tr><tr><td>1656296</td><td>obinutuzumab Injection [Gazyva]</td></tr><tr><td>1657861</td><td>rituximab Injection</td></tr><tr><td>1657862</td><td>10 ML rituximab 10 MG/ML Injection</td></tr><tr><td>1657863</td><td>rituximab Injection [Rituxan]</td></tr><tr><td>1657864</td><td>10 ML rituximab 10 MG/ML Injection [Rituxan]</td></tr><tr><td>1657867</td><td>50 ML rituximab 10 MG/ML Injection</td></tr><tr><td>1657868</td><td>50 ML rituximab 10 MG/ML Injection [Rituxan]</td></tr><tr><td>1721947</td><td>daratumumab</td></tr><tr><td>1721948</td><td>daratumumab 20 MG/ML</td></tr><tr><td>1721949</td><td>daratumumab Injectable Product</td></tr><tr><td>1721950</td><td>daratumumab Injection</td></tr><tr><td>1721951</td><td>5 ML daratumumab 20 MG/ML Injection</td></tr><tr><td>1721952</td><td>Darzalex</td></tr><tr><td>1721953</td><td>daratumumab 20 MG/ML [Darzalex]</td></tr><tr><td>1721954</td><td>daratumumab Injection [Darzalex]</td></tr><tr><td>1721955</td><td>Darzalex Injectable Product</td></tr><tr><td>1721956</td><td>5 ML daratumumab 20 MG/ML Injection [Darzalex]</td></tr><tr><td>1723734</td><td>ixazomib citrate</td></tr><tr><td>1723735</td><td>ixazomib</td></tr><tr><td>1723753</td><td>ixazomib 2.3 MG</td></tr><tr><td>1723754</td><td>ixazomib Oral Product</td></tr><tr><td>1723755</td><td>ixazomib Pill</td></tr><tr><td>1723756</td><td>ixazomib Oral Capsule</td></tr><tr><td>1723757</td><td>ixazomib 2.3 MG Oral Capsule</td></tr><tr><td>1723758</td><td>Ninlaro</td></tr><tr><td>1723759</td><td>ixazomib 2.3 MG [Ninlaro]</td></tr><tr><td>1723760</td><td>ixazomib Oral Capsule [Ninlaro]</td></tr><tr><td>1723761</td><td>Ninlaro Oral Product</td></tr><tr><td>1723762</td><td>Ninlaro Pill</td></tr><tr><td>1723763</td><td>ixazomib 2.3 MG Oral Capsule [Ninlaro]</td></tr><tr><td>1723764</td><td>ixazomib 3 MG</td></tr><tr><td>1723765</td><td>ixazomib 3 MG Oral Capsule</td></tr><tr><td>1723766</td><td>ixazomib 3 MG [Ninlaro]</td></tr><tr><td>1723767</td><td>ixazomib 3 MG Oral Capsule [Ninlaro]</td></tr><tr><td>1723769</td><td>ixazomib 4 MG</td></tr><tr><td>1723770</td><td>ixazomib 4 MG Oral Capsule</td></tr><tr><td>1723771</td><td>ixazomib 4 MG [Ninlaro]</td></tr><tr><td>1723772</td><td>ixazomib 4 MG Oral Capsule [Ninlaro]</td></tr><tr><td>1726104</td><td>elotuzumab</td></tr><tr><td>1726107</td><td>elotuzumab 300 MG</td></tr><tr><td>1726108</td><td>elotuzumab Injectable Product</td></tr><tr><td>1726109</td><td>elotuzumab Injection</td></tr><tr><td>1726110</td><td>elotuzumab 300 MG Injection</td></tr><tr><td>1726111</td><td>Empliciti</td></tr><tr><td>1726112</td><td>elotuzumab 300 MG [Empliciti]</td></tr><tr><td>1726113</td><td>elotuzumab Injection [Empliciti]</td></tr><tr><td>1726114</td><td>Empliciti Injectable Product</td></tr><tr><td>1726115</td><td>elotuzumab 300 MG Injection [Empliciti]</td></tr><tr><td>1726116</td><td>elotuzumab 400 MG</td></tr><tr><td>1726117</td><td>elotuzumab 400 MG Injection</td></tr><tr><td>1726118</td><td>elotuzumab 400 MG [Empliciti]</td></tr><tr><td>1726119</td><td>elotuzumab 400 MG Injection [Empliciti]</td></tr><tr><td>1726439</td><td>20 ML daratumumab 20 MG/ML Injection</td></tr><tr><td>1726440</td><td>20 ML daratumumab 20 MG/ML Injection [Darzalex]</td></tr><tr><td>1726496</td><td>azacitidine 100 MG</td></tr><tr><td>1726497</td><td>azacitidine Injection</td></tr><tr><td>1726499</td><td>azacitidine 100 MG [Vidaza]</td></tr><tr><td>1726500</td><td>azacitidine Injection [Vidaza]</td></tr><tr><td>1804993</td><td>bortezomib 3.5 MG</td></tr><tr><td>1804994</td><td>bortezomib Injection</td></tr><tr><td>1804996</td><td>bortezomib 3.5 MG [Velcade]</td></tr><tr><td>1804997</td><td>bortezomib Injection [Velcade]</td></tr><tr><td>1806906</td><td>decitabine 50 MG</td></tr><tr><td>1806907</td><td>decitabine Injection</td></tr><tr><td>1806909</td><td>decitabine 50 MG [Dacogen]</td></tr><tr><td>1806910</td><td>decitabine Injection [Dacogen]</td></tr><tr><td>1806932</td><td>carfilzomib 30 MG</td></tr><tr><td>1806933</td><td>carfilzomib Injection</td></tr><tr><td>1806934</td><td>carfilzomib 30 MG Injection</td></tr><tr><td>1806935</td><td>carfilzomib 30 MG [Kyprolis]</td></tr><tr><td>1806936</td><td>carfilzomib Injection [Kyprolis]</td></tr><tr><td>1806937</td><td>carfilzomib 30 MG Injection [Kyprolis]</td></tr><tr><td>1806939</td><td>carfilzomib 60 MG</td></tr><tr><td>1806940</td><td>carfilzomib 60 MG Injection</td></tr><tr><td>1806941</td><td>carfilzomib 60 MG [Kyprolis]</td></tr><tr><td>1806942</td><td>carfilzomib 60 MG Injection [Kyprolis]</td></tr><tr><td>1919083</td><td>midostaurin</td></tr><tr><td>1919084</td><td>midostaurin 25 MG</td></tr><tr><td>1919085</td><td>midostaurin Oral Product</td></tr><tr><td>1919086</td><td>midostaurin Pill</td></tr><tr><td>1919087</td><td>midostaurin Oral Capsule</td></tr><tr><td>1919088</td><td>midostaurin 25 MG Oral Capsule</td></tr><tr><td>1919089</td><td>Rydapt</td></tr><tr><td>1919090</td><td>midostaurin 25 MG [Rydapt]</td></tr><tr><td>1919091</td><td>midostaurin Oral Capsule [Rydapt]</td></tr><tr><td>1919092</td><td>Rydapt Oral Product</td></tr><tr><td>1919093</td><td>Rydapt Pill</td></tr><tr><td>1919094</td><td>midostaurin 25 MG Oral Capsule [Rydapt]</td></tr><tr><td>1927881</td><td>rituximab 120 MG/ML</td></tr><tr><td>1927882</td><td>hyaluronidase / rituximab Injectable Product</td></tr><tr><td>1927883</td><td>hyaluronidase / rituximab Injection</td></tr><tr><td>1927884</td><td>hyaluronidase / rituximab</td></tr><tr><td>1927885</td><td>11.7 ML hyaluronidase, human recombinant 2000 UNT/ML / rituximab 120 MG/ML Injection</td></tr><tr><td>1927886</td><td>Rituxan Hycela</td></tr><tr><td>1927887</td><td>hyaluronidase, human recombinant 2000 UNT/ML / rituximab 120 MG/ML [Rituxan Hycela]</td></tr><tr><td>1927888</td><td>hyaluronidase / rituximab Injection [Rituxan Hycela]</td></tr><tr><td>1927889</td><td>Rituxan Hycela Injectable Product</td></tr><tr><td>1927890</td><td>11.7 ML hyaluronidase, human recombinant 2000 UNT/ML / rituximab 120 MG/ML Injection [Rituxan Hycela]</td></tr><tr><td>1927893</td><td>13.4 ML hyaluronidase, human recombinant 2000 UNT/ML / rituximab 120 MG/ML Injection</td></tr><tr><td>1927894</td><td>13.4 ML hyaluronidase, human recombinant 2000 UNT/ML / rituximab 120 MG/ML Injection [Rituxan Hycela]</td></tr><tr><td>1940331</td><td>enasidenib mesylate</td></tr><tr><td>1940332</td><td>enasidenib</td></tr><tr><td>1940334</td><td>enasidenib Oral Product</td></tr><tr><td>1940335</td><td>enasidenib Pill</td></tr><tr><td>1940336</td><td>enasidenib Oral Tablet</td></tr><tr><td>1940338</td><td>Idhifa</td></tr><tr><td>1940340</td><td>enasidenib Oral Tablet [Idhifa]</td></tr><tr><td>1940341</td><td>Idhifa Oral Product</td></tr><tr><td>1940342</td><td>Idhifa Pill</td></tr><tr><td>1940369</td><td>enasidenib 100 MG</td></tr><tr><td>1940370</td><td>enasidenib 100 MG Oral Tablet</td></tr><tr><td>1940371</td><td>enasidenib 100 MG [Idhifa]</td></tr><tr><td>1940372</td><td>enasidenib 100 MG Oral Tablet [Idhifa]</td></tr><tr><td>1940373</td><td>enasidenib 50 MG</td></tr><tr><td>1940374</td><td>enasidenib 50 MG Oral Tablet</td></tr><tr><td>1940375</td><td>enasidenib 50 MG [Idhifa]</td></tr><tr><td>1940376</td><td>enasidenib 50 MG Oral Tablet [Idhifa]</td></tr><tr><td>1987732</td><td>bosutinib 400 MG Oral Tablet</td></tr><tr><td>1987734</td><td>bosutinib 400 MG Oral Tablet [Bosulif]</td></tr><tr><td>1988983</td><td>bosutinib 400 MG</td></tr><tr><td>1988985</td><td>bosutinib 400 MG [Bosulif]</td></tr><tr><td>1994359</td><td>ibrutinib 70 MG</td></tr><tr><td>1994360</td><td>ibrutinib 70 MG Oral Capsule</td></tr><tr><td>1994361</td><td>ibrutinib 70 MG [Imbruvica]</td></tr><tr><td>1994362</td><td>ibrutinib 70 MG Oral Capsule [Imbruvica]</td></tr><tr><td>2000016</td><td>ibrutinib Oral Tablet</td></tr><tr><td>2000017</td><td>ibrutinib 140 MG Oral Tablet</td></tr><tr><td>2000018</td><td>ibrutinib Oral Tablet [Imbruvica]</td></tr><tr><td>2000019</td><td>ibrutinib 140 MG Oral Tablet [Imbruvica]</td></tr><tr><td>2000020</td><td>ibrutinib 280 MG</td></tr><tr><td>2000021</td><td>ibrutinib 280 MG Oral Tablet</td></tr><tr><td>2000022</td><td>ibrutinib 280 MG [Imbruvica]</td></tr><tr><td>2000023</td><td>ibrutinib 280 MG Oral Tablet [Imbruvica]</td></tr><tr><td>2000024</td><td>ibrutinib 420 MG</td></tr><tr><td>2000025</td><td>ibrutinib 420 MG Oral Tablet</td></tr><tr><td>2000026</td><td>ibrutinib 420 MG [Imbruvica]</td></tr><tr><td>2000027</td><td>ibrutinib 420 MG Oral Tablet [Imbruvica]</td></tr><tr><td>2000028</td><td>ibrutinib 560 MG</td></tr><tr><td>2000029</td><td>ibrutinib 560 MG Oral Tablet</td></tr><tr><td>2000030</td><td>ibrutinib 560 MG [Imbruvica]</td></tr><tr><td>2000031</td><td>ibrutinib 560 MG Oral Tablet [Imbruvica]</td></tr><tr><td>200390</td><td>thalidomide 50 MG Oral Capsule</td></tr><tr><td>2046641</td><td>carfilzomib 10 MG</td></tr><tr><td>2046642</td><td>carfilzomib 10 MG Injection</td></tr><tr><td>2046643</td><td>carfilzomib 10 MG [Kyprolis]</td></tr><tr><td>2046644</td><td>carfilzomib 10 MG Injection [Kyprolis]</td></tr><tr><td>2049873</td><td>ivosidenib</td></tr><tr><td>2049874</td><td>ivosidenib 250 MG</td></tr><tr><td>2049875</td><td>ivosidenib Oral Product</td></tr><tr><td>2049876</td><td>ivosidenib Pill</td></tr><tr><td>2049877</td><td>ivosidenib Oral Tablet</td></tr><tr><td>2049878</td><td>ivosidenib 250 MG Oral Tablet</td></tr><tr><td>2049879</td><td>Tibsovo</td></tr><tr><td>2049880</td><td>ivosidenib 250 MG [Tibsovo]</td></tr><tr><td>2049881</td><td>ivosidenib Oral Tablet [Tibsovo]</td></tr><tr><td>2049882</td><td>Tibsovo Oral Product</td></tr><tr><td>2049883</td><td>Tibsovo Pill</td></tr><tr><td>2049884</td><td>ivosidenib 250 MG Oral Tablet [Tibsovo]</td></tr><tr><td>2105806</td><td>gilteritinib</td></tr><tr><td>2105807</td><td>gilteritinib 40 MG</td></tr><tr><td>2105808</td><td>gilteritinib Oral Product</td></tr><tr><td>2105809</td><td>gilteritinib Pill</td></tr><tr><td>2105810</td><td>gilteritinib Oral Tablet</td></tr><tr><td>2105811</td><td>gilteritinib 40 MG Oral Tablet</td></tr><tr><td>2105812</td><td>Xospata</td></tr><tr><td>2105813</td><td>gilteritinib 40 MG [Xospata]</td></tr><tr><td>2105814</td><td>gilteritinib Oral Tablet [Xospata]</td></tr><tr><td>2105815</td><td>Xospata Oral Product</td></tr><tr><td>2105816</td><td>Xospata Pill</td></tr><tr><td>2105817</td><td>gilteritinib 40 MG Oral Tablet [Xospata]</td></tr><tr><td>2105823</td><td>gilteritinib fumarate</td></tr><tr><td>2105824</td><td>rituximab-abbs</td></tr><tr><td>2105825</td><td>rituximab-abbs 10 MG/ML</td></tr><tr><td>2105826</td><td>10 ML rituximab-abbs 10 MG/ML Injection</td></tr><tr><td>2105827</td><td>Truxima</td></tr><tr><td>2105828</td><td>rituximab-abbs 10 MG/ML [Truxima]</td></tr><tr><td>2105829</td><td>rituximab Injection [Truxima]</td></tr><tr><td>2105830</td><td>Truxima Injectable Product</td></tr><tr><td>2105831</td><td>10 ML rituximab-abbs 10 MG/ML Injection [Truxima]</td></tr><tr><td>2105834</td><td>50 ML rituximab-abbs 10 MG/ML Injection</td></tr><tr><td>2105835</td><td>50 ML rituximab-abbs 10 MG/ML Injection [Truxima]</td></tr><tr><td>213360</td><td>thalidomide 50 MG Oral Capsule [Thalomid]</td></tr><tr><td>220239</td><td>Thalomid</td></tr><tr><td>226754</td><td>Rituxan</td></tr><tr><td>2273510</td><td>rituximab-pvvr</td></tr><tr><td>2273511</td><td>rituximab-pvvr 10 MG/ML</td></tr><tr><td>2273512</td><td>10 ML rituximab-pvvr 10 MG/ML Injection</td></tr><tr><td>2273513</td><td>Ruxience</td></tr><tr><td>2273514</td><td>rituximab-pvvr 10 MG/ML [Ruxience]</td></tr><tr><td>2273515</td><td>rituximab Injection [Ruxience]</td></tr><tr><td>2273516</td><td>Ruxience Injectable Product</td></tr><tr><td>2273517</td><td>10 ML rituximab-pvvr 10 MG/ML Injection [Ruxience]</td></tr><tr><td>2273520</td><td>50 ML rituximab-pvvr 10 MG/ML Injection</td></tr><tr><td>2273521</td><td>50 ML rituximab-pvvr 10 MG/ML Injection [Ruxience]</td></tr><tr><td>2372199</td><td>daratumumab / hyaluronidase</td></tr><tr><td>2375130</td><td>daratumumab-fihj</td></tr><tr><td>2375131</td><td>daratumumab-fihj 120 MG/ML</td></tr><tr><td>2375134</td><td>daratumumab / hyaluronidase Injectable Product</td></tr><tr><td>2375135</td><td>daratumumab / hyaluronidase Injection</td></tr><tr><td>2375136</td><td>15 ML daratumumab-fihj 120 MG/ML / hyaluronidase-fihj 2000 UNT/ML Injection</td></tr><tr><td>2375137</td><td>Darzalex Faspro</td></tr><tr><td>2375138</td><td>daratumumab-fihj 120 MG/ML / hyaluronidase-fihj 2000 UNT/ML [Darzalex Faspro]</td></tr><tr><td>2375139</td><td>daratumumab / hyaluronidase Injection [Darzalex Faspro]</td></tr><tr><td>2375140</td><td>Darzalex Faspro Injectable Product</td></tr><tr><td>2375141</td><td>15 ML daratumumab-fihj 120 MG/ML / hyaluronidase-fihj 2000 UNT/ML Injection [Darzalex Faspro]</td></tr><tr><td>2384452</td><td>decitabine 35 MG</td></tr><tr><td>2384453</td><td>cedazuridine / decitabine Oral Product</td></tr><tr><td>2384454</td><td>cedazuridine / decitabine Pill</td></tr><tr><td>2384455</td><td>cedazuridine / decitabine Oral Tablet</td></tr><tr><td>2384456</td><td>cedazuridine / decitabine</td></tr><tr><td>2384457</td><td>cedazuridine 100 MG / decitabine 35 MG Oral Tablet</td></tr><tr><td>2384458</td><td>{5 (cedazuridine 100 MG / decitabine 35 MG Oral Tablet) } Pack</td></tr><tr><td>2384459</td><td>Inqovi</td></tr><tr><td>2384460</td><td>cedazuridine 100 MG / decitabine 35 MG [Inqovi]</td></tr><tr><td>2384461</td><td>cedazuridine / decitabine Oral Tablet [Inqovi]</td></tr><tr><td>2384462</td><td>Inqovi Oral Product</td></tr><tr><td>2384463</td><td>Inqovi Pill</td></tr><tr><td>2384464</td><td>cedazuridine 100 MG / decitabine 35 MG Oral Tablet [Inqovi]</td></tr><tr><td>2384465</td><td>{5 (cedazuridine 100 MG / decitabine 35 MG Oral Tablet [Inqovi]) } Pack [Inqovi 5 Tablet Pack]</td></tr><tr><td>2396760</td><td>azacitidine 200 MG</td></tr><tr><td>2396761</td><td>azacitidine Oral Product</td></tr><tr><td>2396762</td><td>azacitidine Pill</td></tr><tr><td>2396763</td><td>azacitidine Oral Tablet</td></tr><tr><td>2396764</td><td>azacitidine 200 MG Oral Tablet</td></tr><tr><td>2396765</td><td>Onureg</td></tr><tr><td>2396766</td><td>azacitidine 200 MG [Onureg]</td></tr><tr><td>2396767</td><td>azacitidine Oral Tablet [Onureg]</td></tr><tr><td>2396768</td><td>Onureg Oral Product</td></tr><tr><td>2396769</td><td>Onureg Pill</td></tr><tr><td>2396770</td><td>azacitidine 200 MG Oral Tablet [Onureg]</td></tr><tr><td>2396771</td><td>azacitidine 300 MG</td></tr><tr><td>2396772</td><td>azacitidine 300 MG Oral Tablet</td></tr><tr><td>2396773</td><td>azacitidine 300 MG [Onureg]</td></tr><tr><td>2396774</td><td>azacitidine 300 MG Oral Tablet [Onureg]</td></tr><tr><td>2472325</td><td>rituximab-arrx</td></tr><tr><td>2472326</td><td>rituximab-arrx 10 MG/ML</td></tr><tr><td>2472327</td><td>10 ML rituximab-arrx 10 MG/ML Injection</td></tr><tr><td>2472328</td><td>Riabni</td></tr><tr><td>2472329</td><td>rituximab-arrx 10 MG/ML [Riabni]</td></tr><tr><td>2472330</td><td>rituximab Injection [Riabni]</td></tr><tr><td>2472331</td><td>Riabni Injectable Product</td></tr><tr><td>2472332</td><td>10 ML rituximab-arrx 10 MG/ML Injection [Riabni]</td></tr><tr><td>2472335</td><td>50 ML rituximab-arrx 10 MG/ML Injection</td></tr><tr><td>2472336</td><td>50 ML rituximab-arrx 10 MG/ML Injection [Riabni]</td></tr><tr><td>2595242</td><td>pacritinib citrate</td></tr><tr><td>2595243</td><td>pacritinib</td></tr><tr><td>2595244</td><td>pacritinib 100 MG</td></tr><tr><td>2595245</td><td>pacritinib Oral Product</td></tr><tr><td>2595246</td><td>pacritinib Pill</td></tr><tr><td>2595247</td><td>pacritinib Oral Capsule</td></tr><tr><td>2595248</td><td>pacritinib 100 MG Oral Capsule</td></tr><tr><td>2595249</td><td>Vonjo</td></tr><tr><td>2595250</td><td>pacritinib 100 MG [Vonjo]</td></tr><tr><td>2595251</td><td>Vonjo Oral Product</td></tr><tr><td>2595252</td><td>Vonjo Pill</td></tr><tr><td>2595253</td><td>pacritinib Oral Capsule [Vonjo]</td></tr><tr><td>2595254</td><td>pacritinib 100 MG Oral Capsule [Vonjo]</td></tr><tr><td>2601541</td><td>bortezomib 1 MG</td></tr><tr><td>2601542</td><td>bortezomib 1 MG Injection</td></tr><tr><td>2601543</td><td>bortezomib 2.5 MG</td></tr><tr><td>2601544</td><td>bortezomib 2.5 MG Injection</td></tr><tr><td>282386</td><td>Gleevec</td></tr><tr><td>282388</td><td>imatinib</td></tr><tr><td>284206</td><td>imatinib 100 MG Oral Capsule</td></tr><tr><td>316648</td><td>rituximab 10 MG/ML</td></tr><tr><td>316784</td><td>thalidomide 50 MG</td></tr><tr><td>331600</td><td>imatinib 100 MG</td></tr><tr><td>337535</td><td>Revlimid</td></tr><tr><td>342369</td><td>lenalidomide</td></tr><tr><td>356733</td><td>Velcade</td></tr><tr><td>357977</td><td>sunitinib</td></tr><tr><td>358258</td><td>bortezomib</td></tr><tr><td>360176</td><td>thalidomide 100 MG Oral Capsule</td></tr><tr><td>360177</td><td>thalidomide 200 MG Oral Capsule</td></tr><tr><td>360321</td><td>thalidomide 100 MG</td></tr><tr><td>360322</td><td>thalidomide 200 MG</td></tr><tr><td>366451</td><td>thalidomide Oral Capsule [Thalomid]</td></tr><tr><td>374072</td><td>thalidomide Oral Capsule</td></tr><tr><td>376335</td><td>imatinib Oral Capsule</td></tr><tr><td>402243</td><td>bortezomib 3.5 MG Injection</td></tr><tr><td>402244</td><td>bortezomib 3.5 MG Injection [Velcade]</td></tr><tr><td>403878</td><td>imatinib 100 MG Oral Tablet</td></tr><tr><td>403879</td><td>imatinib 400 MG Oral Tablet</td></tr><tr><td>404449</td><td>thalidomide 100 MG Oral Capsule [Thalomid]</td></tr><tr><td>404450</td><td>thalidomide 200 MG Oral Capsule [Thalomid]</td></tr><tr><td>404588</td><td>imatinib 100 MG Oral Tablet [Gleevec]</td></tr><tr><td>404589</td><td>imatinib 400 MG Oral Tablet [Gleevec]</td></tr><tr><td>406050</td><td>imatinib Oral Tablet</td></tr><tr><td>406051</td><td>imatinib 400 MG</td></tr><tr><td>406060</td><td>imatinib Oral Tablet [Gleevec]</td></tr><tr><td>411240</td><td>imatinib 50 MG Oral Capsule</td></tr><tr><td>440549</td><td>imatinib 50 MG</td></tr><tr><td>475342</td><td>dasatinib</td></tr><tr><td>483431</td><td>imatinib 400 MG Oral Capsule</td></tr><tr><td>485246</td><td>azacitidine 100 MG Injection</td></tr><tr><td>495881</td><td>sorafenib</td></tr><tr><td>545203</td><td>Vidaza</td></tr><tr><td>545206</td><td>azacitidine 100 MG Injection [Vidaza]</td></tr><tr><td>573051</td><td>rituximab 10 MG/ML [Rituxan]</td></tr><tr><td>573254</td><td>thalidomide 50 MG [Thalomid]</td></tr><tr><td>575017</td><td>imatinib 100 MG [Gleevec]</td></tr><tr><td>576406</td><td>thalidomide 100 MG [Thalomid]</td></tr><tr><td>576407</td><td>thalidomide 200 MG [Thalomid]</td></tr><tr><td>576514</td><td>imatinib 400 MG [Gleevec]</td></tr><tr><td>597744</td><td>sorafenib tosylate</td></tr><tr><td>597745</td><td>sorafenib 200 MG</td></tr><tr><td>597746</td><td>sorafenib Oral Tablet</td></tr><tr><td>597747</td><td>sorafenib 200 MG Oral Tablet</td></tr><tr><td>602908</td><td>lenalidomide 10 MG</td></tr><tr><td>602909</td><td>lenalidomide Oral Capsule</td></tr><tr><td>602910</td><td>lenalidomide 10 MG Oral Capsule</td></tr><tr><td>602911</td><td>lenalidomide 5 MG</td></tr><tr><td>602912</td><td>lenalidomide 5 MG Oral Capsule</td></tr><tr><td>615977</td><td>sorafenib 200 MG [Nexavar]</td></tr><tr><td>615978</td><td>sorafenib Oral Tablet [Nexavar]</td></tr><tr><td>615979</td><td>sorafenib 200 MG Oral Tablet [Nexavar]</td></tr><tr><td>616112</td><td>lenalidomide 10 MG [Revlimid]</td></tr><tr><td>616113</td><td>lenalidomide Oral Capsule [Revlimid]</td></tr><tr><td>616114</td><td>lenalidomide 10 MG Oral Capsule [Revlimid]</td></tr><tr><td>616115</td><td>lenalidomide 5 MG [Revlimid]</td></tr><tr><td>616116</td><td>lenalidomide 5 MG Oral Capsule [Revlimid]</td></tr><tr><td>616274</td><td>Sutent</td></tr><tr><td>616275</td><td>sunitinib malate</td></tr><tr><td>616277</td><td>sunitinib 12.5 MG</td></tr><tr><td>616278</td><td>sunitinib Oral Capsule</td></tr><tr><td>616279</td><td>sunitinib 12.5 MG Oral Capsule</td></tr><tr><td>616281</td><td>sunitinib 12.5 MG [Sutent]</td></tr><tr><td>616282</td><td>sunitinib Oral Capsule [Sutent]</td></tr><tr><td>616283</td><td>sunitinib 12.5 MG Oral Capsule [Sutent]</td></tr><tr><td>616284</td><td>sunitinib 25 MG</td></tr><tr><td>616285</td><td>sunitinib 25 MG Oral Capsule</td></tr><tr><td>616286</td><td>sunitinib 25 MG [Sutent]</td></tr><tr><td>616287</td><td>sunitinib 25 MG Oral Capsule [Sutent]</td></tr><tr><td>616288</td><td>sunitinib 50 MG</td></tr><tr><td>616289</td><td>sunitinib 50 MG Oral Capsule</td></tr><tr><td>616291</td><td>sunitinib 50 MG [Sutent]</td></tr><tr><td>616292</td><td>sunitinib 50 MG Oral Capsule [Sutent]</td></tr><tr><td>619985</td><td>Nexavar</td></tr><tr><td>636242</td><td>Dacogen</td></tr><tr><td>636631</td><td>decitabine 50 MG Injection</td></tr><tr><td>643103</td><td>dasatinib 20 MG</td></tr><tr><td>643104</td><td>dasatinib Oral Tablet</td></tr><tr><td>643105</td><td>dasatinib 20 MG Oral Tablet</td></tr><tr><td>643106</td><td>dasatinib 50 MG</td></tr><tr><td>643107</td><td>dasatinib 50 MG Oral Tablet</td></tr><tr><td>643108</td><td>dasatinib 70 MG</td></tr><tr><td>643109</td><td>dasatinib 70 MG Oral Tablet</td></tr><tr><td>643170</td><td>Sprycel</td></tr><tr><td>643171</td><td>dasatinib 20 MG [Sprycel]</td></tr><tr><td>643172</td><td>dasatinib Oral Tablet [Sprycel]</td></tr><tr><td>643173</td><td>dasatinib 20 MG Oral Tablet [Sprycel]</td></tr><tr><td>643174</td><td>dasatinib 50 MG [Sprycel]</td></tr><tr><td>643175</td><td>dasatinib 50 MG Oral Tablet [Sprycel]</td></tr><tr><td>643176</td><td>dasatinib 70 MG [Sprycel]</td></tr><tr><td>643177</td><td>dasatinib 70 MG Oral Tablet [Sprycel]</td></tr><tr><td>643711</td><td>lenalidomide 15 MG</td></tr><tr><td>643712</td><td>lenalidomide 15 MG Oral Capsule</td></tr><tr><td>643713</td><td>lenalidomide 15 MG [Revlimid]</td></tr><tr><td>643714</td><td>lenalidomide 15 MG Oral Capsule [Revlimid]</td></tr><tr><td>643719</td><td>lenalidomide 25 MG</td></tr><tr><td>643720</td><td>lenalidomide 25 MG Oral Capsule</td></tr><tr><td>643721</td><td>lenalidomide 25 MG [Revlimid]</td></tr><tr><td>643722</td><td>lenalidomide 25 MG Oral Capsule [Revlimid]</td></tr><tr><td>644989</td><td>decitabine 50 MG Injection [Dacogen]</td></tr><tr><td>700415</td><td>thalidomide 150 MG</td></tr><tr><td>700416</td><td>thalidomide 150 MG Oral Capsule</td></tr><tr><td>700417</td><td>thalidomide 150 MG [Thalomid]</td></tr><tr><td>700418</td><td>thalidomide 150 MG Oral Capsule [Thalomid]</td></tr><tr><td>799046</td><td>dasatinib 100 MG</td></tr><tr><td>799047</td><td>dasatinib 100 MG Oral Tablet</td></tr><tr><td>799829</td><td>dasatinib 100 MG [Sprycel]</td></tr><tr><td>799830</td><td>dasatinib 100 MG Oral Tablet [Sprycel]</td></tr><tr><td>974779</td><td>obinutuzumab</td></tr></table></li></ul></div>
  </text>
  <url value="http://fhir.nmdp.org/ig/cibmtr-reporting/ValueSet/med-post-hct-disease-therapy-planned-vs"/>
  <version value="0.1.4a"/>
  <name value="RxNormPostHCTDiseaseTherapyPlannedVS"/>
  <title value="RxNorm - Post-HCT Disease Therapy Planned"/>
  <status value="active"/>
  <date value="2022-08-11T16:57:48-05:00"/>
  <publisher value="The Medical College of Wisconsin, Inc. and the National Marrow Donor Program"/>
  <contact>
    <name value="The Medical College of Wisconsin, Inc. and the National Marrow Donor Program"/>
    <telecom>
      <system value="url"/>
      <value value="http://www.cibmtr.org"/>
    </telecom>
  </contact>
  <contact>
    <name value="Bob Milius"/>
    <telecom>
      <system value="email"/>
      <value value="bmilius@nmdp.org"/>
    </telecom>
  </contact>
  <description value="RxNorm codes for Post-HCT Disease Therapy Planned"/>
  <compose>
    <include>
      <system value="http://www.nlm.nih.gov/research/umls/rxnorm"/>
      <concept>
        <code value="10432"/>
        <display value="thalidomide"/>
      </concept>
      <concept>
        <code value="1045401"/>
        <display value="dasatinib 140 MG"/>
      </concept>
      <concept>
        <code value="1045402"/>
        <display value="dasatinib 140 MG Oral Tablet"/>
      </concept>
      <concept>
        <code value="1045403"/>
        <display value="dasatinib 140 MG [Sprycel]"/>
      </concept>
      <concept>
        <code value="1045404"/>
        <display value="dasatinib 140 MG Oral Tablet [Sprycel]"/>
      </concept>
      <concept>
        <code value="1045405"/>
        <display value="dasatinib 80 MG"/>
      </concept>
      <concept>
        <code value="1045406"/>
        <display value="dasatinib 80 MG Oral Tablet"/>
      </concept>
      <concept>
        <code value="1045407"/>
        <display value="dasatinib 80 MG [Sprycel]"/>
      </concept>
      <concept>
        <code value="1045408"/>
        <display value="dasatinib 80 MG Oral Tablet [Sprycel]"/>
      </concept>
      <concept>
        <code value="1147320"/>
        <display value="brentuximab vedotin"/>
      </concept>
      <concept>
        <code value="1147323"/>
        <display value="brentuximab vedotin 50 MG Injection"/>
      </concept>
      <concept>
        <code value="1147324"/>
        <display value="Adcetris"/>
      </concept>
      <concept>
        <code value="1147327"/>
        <display value="brentuximab vedotin 50 MG Injection [Adcetris]"/>
      </concept>
      <concept>
        <code value="1154999"/>
        <display value="azacitidine Injectable Product"/>
      </concept>
      <concept>
        <code value="1157186"/>
        <display value="dasatinib Oral Product"/>
      </concept>
      <concept>
        <code value="1157187"/>
        <display value="dasatinib Pill"/>
      </concept>
      <concept>
        <code value="1157195"/>
        <display value="decitabine Injectable Product"/>
      </concept>
      <concept>
        <code value="1157967"/>
        <display value="rituximab Injectable Product"/>
      </concept>
      <concept>
        <code value="1159691"/>
        <display value="sorafenib Oral Product"/>
      </concept>
      <concept>
        <code value="1159692"/>
        <display value="sorafenib Pill"/>
      </concept>
      <concept>
        <code value="1160679"/>
        <display value="imatinib Oral Product"/>
      </concept>
      <concept>
        <code value="1160680"/>
        <display value="imatinib Pill"/>
      </concept>
      <concept>
        <code value="1160852"/>
        <display value="sunitinib Oral Product"/>
      </concept>
      <concept>
        <code value="1160853"/>
        <display value="sunitinib Pill"/>
      </concept>
      <concept>
        <code value="1162569"/>
        <display value="lenalidomide Oral Product"/>
      </concept>
      <concept>
        <code value="1162570"/>
        <display value="lenalidomide Pill"/>
      </concept>
      <concept>
        <code value="1163075"/>
        <display value="bortezomib Injectable Product"/>
      </concept>
      <concept>
        <code value="1163087"/>
        <display value="brentuximab vedotin Injectable Product"/>
      </concept>
      <concept>
        <code value="1164873"/>
        <display value="thalidomide Oral Product"/>
      </concept>
      <concept>
        <code value="1164874"/>
        <display value="thalidomide Pill"/>
      </concept>
      <concept>
        <code value="1166941"/>
        <display value="Dacogen Injectable Product"/>
      </concept>
      <concept>
        <code value="1170611"/>
        <display value="Adcetris Injectable Product"/>
      </concept>
      <concept>
        <code value="1171230"/>
        <display value="Gleevec Oral Product"/>
      </concept>
      <concept>
        <code value="1171231"/>
        <display value="Gleevec Pill"/>
      </concept>
      <concept>
        <code value="1177781"/>
        <display value="Sprycel Oral Product"/>
      </concept>
      <concept>
        <code value="1177782"/>
        <display value="Sprycel Pill"/>
      </concept>
      <concept>
        <code value="1182522"/>
        <display value="Revlimid Oral Product"/>
      </concept>
      <concept>
        <code value="1182529"/>
        <display value="Revlimid Pill"/>
      </concept>
      <concept>
        <code value="1182862"/>
        <display value="Nexavar Oral Product"/>
      </concept>
      <concept>
        <code value="1182863"/>
        <display value="Nexavar Pill"/>
      </concept>
      <concept>
        <code value="1184929"/>
        <display value="Thalomid Oral Product"/>
      </concept>
      <concept>
        <code value="1184930"/>
        <display value="Thalomid Pill"/>
      </concept>
      <concept>
        <code value="1185345"/>
        <display value="Rituxan Injectable Product"/>
      </concept>
      <concept>
        <code value="1185474"/>
        <display value="Sutent Oral Product"/>
      </concept>
      <concept>
        <code value="1185475"/>
        <display value="Sutent Pill"/>
      </concept>
      <concept>
        <code value="1186581"/>
        <display value="Vidaza Injectable Product"/>
      </concept>
      <concept>
        <code value="1187756"/>
        <display value="Velcade Injectable Product"/>
      </concept>
      <concept>
        <code value="121191"/>
        <display value="rituximab"/>
      </concept>
      <concept>
        <code value="1242230"/>
        <display value="lenalidomide 2.5 MG"/>
      </concept>
      <concept>
        <code value="1242231"/>
        <display value="lenalidomide 2.5 MG Oral Capsule"/>
      </concept>
      <concept>
        <code value="1242232"/>
        <display value="lenalidomide 2.5 MG [Revlimid]"/>
      </concept>
      <concept>
        <code value="1242233"/>
        <display value="lenalidomide 2.5 MG Oral Capsule [Revlimid]"/>
      </concept>
      <concept>
        <code value="1251"/>
        <display value="azacitidine"/>
      </concept>
      <concept>
        <code value="1302966"/>
        <display value="carfilzomib"/>
      </concept>
      <concept>
        <code value="1302968"/>
        <display value="carfilzomib Injectable Product"/>
      </concept>
      <concept>
        <code value="1302971"/>
        <display value="Kyprolis"/>
      </concept>
      <concept>
        <code value="1302974"/>
        <display value="Kyprolis Injectable Product"/>
      </concept>
      <concept>
        <code value="1307619"/>
        <display value="bosutinib"/>
      </concept>
      <concept>
        <code value="1307620"/>
        <display value="bosutinib 100 MG"/>
      </concept>
      <concept>
        <code value="1307621"/>
        <display value="bosutinib Oral Product"/>
      </concept>
      <concept>
        <code value="1307622"/>
        <display value="bosutinib Pill"/>
      </concept>
      <concept>
        <code value="1307623"/>
        <display value="bosutinib Oral Tablet"/>
      </concept>
      <concept>
        <code value="1307624"/>
        <display value="bosutinib 100 MG Oral Tablet"/>
      </concept>
      <concept>
        <code value="1307625"/>
        <display value="Bosulif"/>
      </concept>
      <concept>
        <code value="1307626"/>
        <display value="bosutinib 100 MG [Bosulif]"/>
      </concept>
      <concept>
        <code value="1307627"/>
        <display value="bosutinib Oral Tablet [Bosulif]"/>
      </concept>
      <concept>
        <code value="1307628"/>
        <display value="Bosulif Oral Product"/>
      </concept>
      <concept>
        <code value="1307629"/>
        <display value="Bosulif Pill"/>
      </concept>
      <concept>
        <code value="1307630"/>
        <display value="bosutinib 100 MG Oral Tablet [Bosulif]"/>
      </concept>
      <concept>
        <code value="1307632"/>
        <display value="bosutinib 500 MG"/>
      </concept>
      <concept>
        <code value="1307633"/>
        <display value="bosutinib 500 MG Oral Tablet"/>
      </concept>
      <concept>
        <code value="1307634"/>
        <display value="bosutinib 500 MG [Bosulif]"/>
      </concept>
      <concept>
        <code value="1307635"/>
        <display value="bosutinib 500 MG Oral Tablet [Bosulif]"/>
      </concept>
      <concept>
        <code value="1314319"/>
        <display value="bosutinib monohydrate"/>
      </concept>
      <concept>
        <code value="1428946"/>
        <display value="lenalidomide 20 MG"/>
      </concept>
      <concept>
        <code value="1428947"/>
        <display value="lenalidomide 20 MG Oral Capsule"/>
      </concept>
      <concept>
        <code value="1429366"/>
        <display value="lenalidomide 20 MG [Revlimid]"/>
      </concept>
      <concept>
        <code value="1429367"/>
        <display value="lenalidomide 20 MG Oral Capsule [Revlimid]"/>
      </concept>
      <concept>
        <code value="1442690"/>
        <display value="obinutuzumab 25 MG/ML"/>
      </concept>
      <concept>
        <code value="1442691"/>
        <display value="obinutuzumab Injectable Product"/>
      </concept>
      <concept>
        <code value="1442693"/>
        <display value="40 ML obinutuzumab 25 MG/ML Injection"/>
      </concept>
      <concept>
        <code value="1442694"/>
        <display value="Gazyva"/>
      </concept>
      <concept>
        <code value="1442695"/>
        <display value="obinutuzumab 25 MG/ML [Gazyva]"/>
      </concept>
      <concept>
        <code value="1442697"/>
        <display value="Gazyva Injectable Product"/>
      </concept>
      <concept>
        <code value="1442698"/>
        <display value="40 ML obinutuzumab 25 MG/ML Injection [Gazyva]"/>
      </concept>
      <concept>
        <code value="1442981"/>
        <display value="ibrutinib"/>
      </concept>
      <concept>
        <code value="1442982"/>
        <display value="ibrutinib 140 MG"/>
      </concept>
      <concept>
        <code value="1442983"/>
        <display value="ibrutinib Oral Product"/>
      </concept>
      <concept>
        <code value="1442984"/>
        <display value="ibrutinib Pill"/>
      </concept>
      <concept>
        <code value="1442985"/>
        <display value="ibrutinib Oral Capsule"/>
      </concept>
      <concept>
        <code value="1442986"/>
        <display value="ibrutinib 140 MG Oral Capsule"/>
      </concept>
      <concept>
        <code value="1442987"/>
        <display value="Imbruvica"/>
      </concept>
      <concept>
        <code value="1442988"/>
        <display value="ibrutinib 140 MG [Imbruvica]"/>
      </concept>
      <concept>
        <code value="1442989"/>
        <display value="ibrutinib Oral Capsule [Imbruvica]"/>
      </concept>
      <concept>
        <code value="1442990"/>
        <display value="Imbruvica Oral Product"/>
      </concept>
      <concept>
        <code value="1442991"/>
        <display value="Imbruvica Pill"/>
      </concept>
      <concept>
        <code value="1442992"/>
        <display value="ibrutinib 140 MG Oral Capsule [Imbruvica]"/>
      </concept>
      <concept>
        <code value="1541889"/>
        <display value="sunitinib 37.5 MG"/>
      </concept>
      <concept>
        <code value="1541890"/>
        <display value="sunitinib 37.5 MG Oral Capsule"/>
      </concept>
      <concept>
        <code value="1541927"/>
        <display value="sunitinib 37.5 MG [Sutent]"/>
      </concept>
      <concept>
        <code value="1541928"/>
        <display value="sunitinib 37.5 MG Oral Capsule [Sutent]"/>
      </concept>
      <concept>
        <code value="1546019"/>
        <display value="dasatinib anhydrous"/>
      </concept>
      <concept>
        <code value="15657"/>
        <display value="decitabine"/>
      </concept>
      <concept>
        <code value="1597258"/>
        <display value="blinatumomab"/>
      </concept>
      <concept>
        <code value="1597260"/>
        <display value="blinatumomab Injectable Product"/>
      </concept>
      <concept>
        <code value="1597262"/>
        <display value="blinatumomab 0.035 MG Injection"/>
      </concept>
      <concept>
        <code value="1597263"/>
        <display value="Blincyto"/>
      </concept>
      <concept>
        <code value="1597266"/>
        <display value="Blincyto Injectable Product"/>
      </concept>
      <concept>
        <code value="1597267"/>
        <display value="blinatumomab 0.035 MG Injection [Blincyto]"/>
      </concept>
      <concept>
        <code value="1651249"/>
        <display value="blinatumomab 0.035 MG"/>
      </concept>
      <concept>
        <code value="1651250"/>
        <display value="blinatumomab Injection"/>
      </concept>
      <concept>
        <code value="1651252"/>
        <display value="blinatumomab 0.035 MG [Blincyto]"/>
      </concept>
      <concept>
        <code value="1651253"/>
        <display value="blinatumomab Injection [Blincyto]"/>
      </concept>
      <concept>
        <code value="1655961"/>
        <display value="brentuximab vedotin 50 MG"/>
      </concept>
      <concept>
        <code value="1655962"/>
        <display value="brentuximab vedotin Injection"/>
      </concept>
      <concept>
        <code value="1655964"/>
        <display value="brentuximab vedotin 50 MG [Adcetris]"/>
      </concept>
      <concept>
        <code value="1655965"/>
        <display value="brentuximab vedotin Injection [Adcetris]"/>
      </concept>
      <concept>
        <code value="1656294"/>
        <display value="obinutuzumab Injection"/>
      </concept>
      <concept>
        <code value="1656296"/>
        <display value="obinutuzumab Injection [Gazyva]"/>
      </concept>
      <concept>
        <code value="1657861"/>
        <display value="rituximab Injection"/>
      </concept>
      <concept>
        <code value="1657862"/>
        <display value="10 ML rituximab 10 MG/ML Injection"/>
      </concept>
      <concept>
        <code value="1657863"/>
        <display value="rituximab Injection [Rituxan]"/>
      </concept>
      <concept>
        <code value="1657864"/>
        <display value="10 ML rituximab 10 MG/ML Injection [Rituxan]"/>
      </concept>
      <concept>
        <code value="1657867"/>
        <display value="50 ML rituximab 10 MG/ML Injection"/>
      </concept>
      <concept>
        <code value="1657868"/>
        <display value="50 ML rituximab 10 MG/ML Injection [Rituxan]"/>
      </concept>
      <concept>
        <code value="1721947"/>
        <display value="daratumumab"/>
      </concept>
      <concept>
        <code value="1721948"/>
        <display value="daratumumab 20 MG/ML"/>
      </concept>
      <concept>
        <code value="1721949"/>
        <display value="daratumumab Injectable Product"/>
      </concept>
      <concept>
        <code value="1721950"/>
        <display value="daratumumab Injection"/>
      </concept>
      <concept>
        <code value="1721951"/>
        <display value="5 ML daratumumab 20 MG/ML Injection"/>
      </concept>
      <concept>
        <code value="1721952"/>
        <display value="Darzalex"/>
      </concept>
      <concept>
        <code value="1721953"/>
        <display value="daratumumab 20 MG/ML [Darzalex]"/>
      </concept>
      <concept>
        <code value="1721954"/>
        <display value="daratumumab Injection [Darzalex]"/>
      </concept>
      <concept>
        <code value="1721955"/>
        <display value="Darzalex Injectable Product"/>
      </concept>
      <concept>
        <code value="1721956"/>
        <display value="5 ML daratumumab 20 MG/ML Injection [Darzalex]"/>
      </concept>
      <concept>
        <code value="1723734"/>
        <display value="ixazomib citrate"/>
      </concept>
      <concept>
        <code value="1723735"/>
        <display value="ixazomib"/>
      </concept>
      <concept>
        <code value="1723753"/>
        <display value="ixazomib 2.3 MG"/>
      </concept>
      <concept>
        <code value="1723754"/>
        <display value="ixazomib Oral Product"/>
      </concept>
      <concept>
        <code value="1723755"/>
        <display value="ixazomib Pill"/>
      </concept>
      <concept>
        <code value="1723756"/>
        <display value="ixazomib Oral Capsule"/>
      </concept>
      <concept>
        <code value="1723757"/>
        <display value="ixazomib 2.3 MG Oral Capsule"/>
      </concept>
      <concept>
        <code value="1723758"/>
        <display value="Ninlaro"/>
      </concept>
      <concept>
        <code value="1723759"/>
        <display value="ixazomib 2.3 MG [Ninlaro]"/>
      </concept>
      <concept>
        <code value="1723760"/>
        <display value="ixazomib Oral Capsule [Ninlaro]"/>
      </concept>
      <concept>
        <code value="1723761"/>
        <display value="Ninlaro Oral Product"/>
      </concept>
      <concept>
        <code value="1723762"/>
        <display value="Ninlaro Pill"/>
      </concept>
      <concept>
        <code value="1723763"/>
        <display value="ixazomib 2.3 MG Oral Capsule [Ninlaro]"/>
      </concept>
      <concept>
        <code value="1723764"/>
        <display value="ixazomib 3 MG"/>
      </concept>
      <concept>
        <code value="1723765"/>
        <display value="ixazomib 3 MG Oral Capsule"/>
      </concept>
      <concept>
        <code value="1723766"/>
        <display value="ixazomib 3 MG [Ninlaro]"/>
      </concept>
      <concept>
        <code value="1723767"/>
        <display value="ixazomib 3 MG Oral Capsule [Ninlaro]"/>
      </concept>
      <concept>
        <code value="1723769"/>
        <display value="ixazomib 4 MG"/>
      </concept>
      <concept>
        <code value="1723770"/>
        <display value="ixazomib 4 MG Oral Capsule"/>
      </concept>
      <concept>
        <code value="1723771"/>
        <display value="ixazomib 4 MG [Ninlaro]"/>
      </concept>
      <concept>
        <code value="1723772"/>
        <display value="ixazomib 4 MG Oral Capsule [Ninlaro]"/>
      </concept>
      <concept>
        <code value="1726104"/>
        <display value="elotuzumab"/>
      </concept>
      <concept>
        <code value="1726107"/>
        <display value="elotuzumab 300 MG"/>
      </concept>
      <concept>
        <code value="1726108"/>
        <display value="elotuzumab Injectable Product"/>
      </concept>
      <concept>
        <code value="1726109"/>
        <display value="elotuzumab Injection"/>
      </concept>
      <concept>
        <code value="1726110"/>
        <display value="elotuzumab 300 MG Injection"/>
      </concept>
      <concept>
        <code value="1726111"/>
        <display value="Empliciti"/>
      </concept>
      <concept>
        <code value="1726112"/>
        <display value="elotuzumab 300 MG [Empliciti]"/>
      </concept>
      <concept>
        <code value="1726113"/>
        <display value="elotuzumab Injection [Empliciti]"/>
      </concept>
      <concept>
        <code value="1726114"/>
        <display value="Empliciti Injectable Product"/>
      </concept>
      <concept>
        <code value="1726115"/>
        <display value="elotuzumab 300 MG Injection [Empliciti]"/>
      </concept>
      <concept>
        <code value="1726116"/>
        <display value="elotuzumab 400 MG"/>
      </concept>
      <concept>
        <code value="1726117"/>
        <display value="elotuzumab 400 MG Injection"/>
      </concept>
      <concept>
        <code value="1726118"/>
        <display value="elotuzumab 400 MG [Empliciti]"/>
      </concept>
      <concept>
        <code value="1726119"/>
        <display value="elotuzumab 400 MG Injection [Empliciti]"/>
      </concept>
      <concept>
        <code value="1726439"/>
        <display value="20 ML daratumumab 20 MG/ML Injection"/>
      </concept>
      <concept>
        <code value="1726440"/>
        <display value="20 ML daratumumab 20 MG/ML Injection [Darzalex]"/>
      </concept>
      <concept>
        <code value="1726496"/>
        <display value="azacitidine 100 MG"/>
      </concept>
      <concept>
        <code value="1726497"/>
        <display value="azacitidine Injection"/>
      </concept>
      <concept>
        <code value="1726499"/>
        <display value="azacitidine 100 MG [Vidaza]"/>
      </concept>
      <concept>
        <code value="1726500"/>
        <display value="azacitidine Injection [Vidaza]"/>
      </concept>
      <concept>
        <code value="1804993"/>
        <display value="bortezomib 3.5 MG"/>
      </concept>
      <concept>
        <code value="1804994"/>
        <display value="bortezomib Injection"/>
      </concept>
      <concept>
        <code value="1804996"/>
        <display value="bortezomib 3.5 MG [Velcade]"/>
      </concept>
      <concept>
        <code value="1804997"/>
        <display value="bortezomib Injection [Velcade]"/>
      </concept>
      <concept>
        <code value="1806906"/>
        <display value="decitabine 50 MG"/>
      </concept>
      <concept>
        <code value="1806907"/>
        <display value="decitabine Injection"/>
      </concept>
      <concept>
        <code value="1806909"/>
        <display value="decitabine 50 MG [Dacogen]"/>
      </concept>
      <concept>
        <code value="1806910"/>
        <display value="decitabine Injection [Dacogen]"/>
      </concept>
      <concept>
        <code value="1806932"/>
        <display value="carfilzomib 30 MG"/>
      </concept>
      <concept>
        <code value="1806933"/>
        <display value="carfilzomib Injection"/>
      </concept>
      <concept>
        <code value="1806934"/>
        <display value="carfilzomib 30 MG Injection"/>
      </concept>
      <concept>
        <code value="1806935"/>
        <display value="carfilzomib 30 MG [Kyprolis]"/>
      </concept>
      <concept>
        <code value="1806936"/>
        <display value="carfilzomib Injection [Kyprolis]"/>
      </concept>
      <concept>
        <code value="1806937"/>
        <display value="carfilzomib 30 MG Injection [Kyprolis]"/>
      </concept>
      <concept>
        <code value="1806939"/>
        <display value="carfilzomib 60 MG"/>
      </concept>
      <concept>
        <code value="1806940"/>
        <display value="carfilzomib 60 MG Injection"/>
      </concept>
      <concept>
        <code value="1806941"/>
        <display value="carfilzomib 60 MG [Kyprolis]"/>
      </concept>
      <concept>
        <code value="1806942"/>
        <display value="carfilzomib 60 MG Injection [Kyprolis]"/>
      </concept>
      <concept>
        <code value="1919083"/>
        <display value="midostaurin"/>
      </concept>
      <concept>
        <code value="1919084"/>
        <display value="midostaurin 25 MG"/>
      </concept>
      <concept>
        <code value="1919085"/>
        <display value="midostaurin Oral Product"/>
      </concept>
      <concept>
        <code value="1919086"/>
        <display value="midostaurin Pill"/>
      </concept>
      <concept>
        <code value="1919087"/>
        <display value="midostaurin Oral Capsule"/>
      </concept>
      <concept>
        <code value="1919088"/>
        <display value="midostaurin 25 MG Oral Capsule"/>
      </concept>
      <concept>
        <code value="1919089"/>
        <display value="Rydapt"/>
      </concept>
      <concept>
        <code value="1919090"/>
        <display value="midostaurin 25 MG [Rydapt]"/>
      </concept>
      <concept>
        <code value="1919091"/>
        <display value="midostaurin Oral Capsule [Rydapt]"/>
      </concept>
      <concept>
        <code value="1919092"/>
        <display value="Rydapt Oral Product"/>
      </concept>
      <concept>
        <code value="1919093"/>
        <display value="Rydapt Pill"/>
      </concept>
      <concept>
        <code value="1919094"/>
        <display value="midostaurin 25 MG Oral Capsule [Rydapt]"/>
      </concept>
      <concept>
        <code value="1927881"/>
        <display value="rituximab 120 MG/ML"/>
      </concept>
      <concept>
        <code value="1927882"/>
        <display value="hyaluronidase / rituximab Injectable Product"/>
      </concept>
      <concept>
        <code value="1927883"/>
        <display value="hyaluronidase / rituximab Injection"/>
      </concept>
      <concept>
        <code value="1927884"/>
        <display value="hyaluronidase / rituximab"/>
      </concept>
      <concept>
        <code value="1927885"/>
        <display value="11.7 ML hyaluronidase, human recombinant 2000 UNT/ML / rituximab 120 MG/ML Injection"/>
      </concept>
      <concept>
        <code value="1927886"/>
        <display value="Rituxan Hycela"/>
      </concept>
      <concept>
        <code value="1927887"/>
        <display value="hyaluronidase, human recombinant 2000 UNT/ML / rituximab 120 MG/ML [Rituxan Hycela]"/>
      </concept>
      <concept>
        <code value="1927888"/>
        <display value="hyaluronidase / rituximab Injection [Rituxan Hycela]"/>
      </concept>
      <concept>
        <code value="1927889"/>
        <display value="Rituxan Hycela Injectable Product"/>
      </concept>
      <concept>
        <code value="1927890"/>
        <display value="11.7 ML hyaluronidase, human recombinant 2000 UNT/ML / rituximab 120 MG/ML Injection [Rituxan Hycela]"/>
      </concept>
      <concept>
        <code value="1927893"/>
        <display value="13.4 ML hyaluronidase, human recombinant 2000 UNT/ML / rituximab 120 MG/ML Injection"/>
      </concept>
      <concept>
        <code value="1927894"/>
        <display value="13.4 ML hyaluronidase, human recombinant 2000 UNT/ML / rituximab 120 MG/ML Injection [Rituxan Hycela]"/>
      </concept>
      <concept>
        <code value="1940331"/>
        <display value="enasidenib mesylate"/>
      </concept>
      <concept>
        <code value="1940332"/>
        <display value="enasidenib"/>
      </concept>
      <concept>
        <code value="1940334"/>
        <display value="enasidenib Oral Product"/>
      </concept>
      <concept>
        <code value="1940335"/>
        <display value="enasidenib Pill"/>
      </concept>
      <concept>
        <code value="1940336"/>
        <display value="enasidenib Oral Tablet"/>
      </concept>
      <concept>
        <code value="1940338"/>
        <display value="Idhifa"/>
      </concept>
      <concept>
        <code value="1940340"/>
        <display value="enasidenib Oral Tablet [Idhifa]"/>
      </concept>
      <concept>
        <code value="1940341"/>
        <display value="Idhifa Oral Product"/>
      </concept>
      <concept>
        <code value="1940342"/>
        <display value="Idhifa Pill"/>
      </concept>
      <concept>
        <code value="1940369"/>
        <display value="enasidenib 100 MG"/>
      </concept>
      <concept>
        <code value="1940370"/>
        <display value="enasidenib 100 MG Oral Tablet"/>
      </concept>
      <concept>
        <code value="1940371"/>
        <display value="enasidenib 100 MG [Idhifa]"/>
      </concept>
      <concept>
        <code value="1940372"/>
        <display value="enasidenib 100 MG Oral Tablet [Idhifa]"/>
      </concept>
      <concept>
        <code value="1940373"/>
        <display value="enasidenib 50 MG"/>
      </concept>
      <concept>
        <code value="1940374"/>
        <display value="enasidenib 50 MG Oral Tablet"/>
      </concept>
      <concept>
        <code value="1940375"/>
        <display value="enasidenib 50 MG [Idhifa]"/>
      </concept>
      <concept>
        <code value="1940376"/>
        <display value="enasidenib 50 MG Oral Tablet [Idhifa]"/>
      </concept>
      <concept>
        <code value="1987732"/>
        <display value="bosutinib 400 MG Oral Tablet"/>
      </concept>
      <concept>
        <code value="1987734"/>
        <display value="bosutinib 400 MG Oral Tablet [Bosulif]"/>
      </concept>
      <concept>
        <code value="1988983"/>
        <display value="bosutinib 400 MG"/>
      </concept>
      <concept>
        <code value="1988985"/>
        <display value="bosutinib 400 MG [Bosulif]"/>
      </concept>
      <concept>
        <code value="1994359"/>
        <display value="ibrutinib 70 MG"/>
      </concept>
      <concept>
        <code value="1994360"/>
        <display value="ibrutinib 70 MG Oral Capsule"/>
      </concept>
      <concept>
        <code value="1994361"/>
        <display value="ibrutinib 70 MG [Imbruvica]"/>
      </concept>
      <concept>
        <code value="1994362"/>
        <display value="ibrutinib 70 MG Oral Capsule [Imbruvica]"/>
      </concept>
      <concept>
        <code value="2000016"/>
        <display value="ibrutinib Oral Tablet"/>
      </concept>
      <concept>
        <code value="2000017"/>
        <display value="ibrutinib 140 MG Oral Tablet"/>
      </concept>
      <concept>
        <code value="2000018"/>
        <display value="ibrutinib Oral Tablet [Imbruvica]"/>
      </concept>
      <concept>
        <code value="2000019"/>
        <display value="ibrutinib 140 MG Oral Tablet [Imbruvica]"/>
      </concept>
      <concept>
        <code value="2000020"/>
        <display value="ibrutinib 280 MG"/>
      </concept>
      <concept>
        <code value="2000021"/>
        <display value="ibrutinib 280 MG Oral Tablet"/>
      </concept>
      <concept>
        <code value="2000022"/>
        <display value="ibrutinib 280 MG [Imbruvica]"/>
      </concept>
      <concept>
        <code value="2000023"/>
        <display value="ibrutinib 280 MG Oral Tablet [Imbruvica]"/>
      </concept>
      <concept>
        <code value="2000024"/>
        <display value="ibrutinib 420 MG"/>
      </concept>
      <concept>
        <code value="2000025"/>
        <display value="ibrutinib 420 MG Oral Tablet"/>
      </concept>
      <concept>
        <code value="2000026"/>
        <display value="ibrutinib 420 MG [Imbruvica]"/>
      </concept>
      <concept>
        <code value="2000027"/>
        <display value="ibrutinib 420 MG Oral Tablet [Imbruvica]"/>
      </concept>
      <concept>
        <code value="2000028"/>
        <display value="ibrutinib 560 MG"/>
      </concept>
      <concept>
        <code value="2000029"/>
        <display value="ibrutinib 560 MG Oral Tablet"/>
      </concept>
      <concept>
        <code value="2000030"/>
        <display value="ibrutinib 560 MG [Imbruvica]"/>
      </concept>
      <concept>
        <code value="2000031"/>
        <display value="ibrutinib 560 MG Oral Tablet [Imbruvica]"/>
      </concept>
      <concept>
        <code value="200390"/>
        <display value="thalidomide 50 MG Oral Capsule"/>
      </concept>
      <concept>
        <code value="2046641"/>
        <display value="carfilzomib 10 MG"/>
      </concept>
      <concept>
        <code value="2046642"/>
        <display value="carfilzomib 10 MG Injection"/>
      </concept>
      <concept>
        <code value="2046643"/>
        <display value="carfilzomib 10 MG [Kyprolis]"/>
      </concept>
      <concept>
        <code value="2046644"/>
        <display value="carfilzomib 10 MG Injection [Kyprolis]"/>
      </concept>
      <concept>
        <code value="2049873"/>
        <display value="ivosidenib"/>
      </concept>
      <concept>
        <code value="2049874"/>
        <display value="ivosidenib 250 MG"/>
      </concept>
      <concept>
        <code value="2049875"/>
        <display value="ivosidenib Oral Product"/>
      </concept>
      <concept>
        <code value="2049876"/>
        <display value="ivosidenib Pill"/>
      </concept>
      <concept>
        <code value="2049877"/>
        <display value="ivosidenib Oral Tablet"/>
      </concept>
      <concept>
        <code value="2049878"/>
        <display value="ivosidenib 250 MG Oral Tablet"/>
      </concept>
      <concept>
        <code value="2049879"/>
        <display value="Tibsovo"/>
      </concept>
      <concept>
        <code value="2049880"/>
        <display value="ivosidenib 250 MG [Tibsovo]"/>
      </concept>
      <concept>
        <code value="2049881"/>
        <display value="ivosidenib Oral Tablet [Tibsovo]"/>
      </concept>
      <concept>
        <code value="2049882"/>
        <display value="Tibsovo Oral Product"/>
      </concept>
      <concept>
        <code value="2049883"/>
        <display value="Tibsovo Pill"/>
      </concept>
      <concept>
        <code value="2049884"/>
        <display value="ivosidenib 250 MG Oral Tablet [Tibsovo]"/>
      </concept>
      <concept>
        <code value="2105806"/>
        <display value="gilteritinib"/>
      </concept>
      <concept>
        <code value="2105807"/>
        <display value="gilteritinib 40 MG"/>
      </concept>
      <concept>
        <code value="2105808"/>
        <display value="gilteritinib Oral Product"/>
      </concept>
      <concept>
        <code value="2105809"/>
        <display value="gilteritinib Pill"/>
      </concept>
      <concept>
        <code value="2105810"/>
        <display value="gilteritinib Oral Tablet"/>
      </concept>
      <concept>
        <code value="2105811"/>
        <display value="gilteritinib 40 MG Oral Tablet"/>
      </concept>
      <concept>
        <code value="2105812"/>
        <display value="Xospata"/>
      </concept>
      <concept>
        <code value="2105813"/>
        <display value="gilteritinib 40 MG [Xospata]"/>
      </concept>
      <concept>
        <code value="2105814"/>
        <display value="gilteritinib Oral Tablet [Xospata]"/>
      </concept>
      <concept>
        <code value="2105815"/>
        <display value="Xospata Oral Product"/>
      </concept>
      <concept>
        <code value="2105816"/>
        <display value="Xospata Pill"/>
      </concept>
      <concept>
        <code value="2105817"/>
        <display value="gilteritinib 40 MG Oral Tablet [Xospata]"/>
      </concept>
      <concept>
        <code value="2105823"/>
        <display value="gilteritinib fumarate"/>
      </concept>
      <concept>
        <code value="2105824"/>
        <display value="rituximab-abbs"/>
      </concept>
      <concept>
        <code value="2105825"/>
        <display value="rituximab-abbs 10 MG/ML"/>
      </concept>
      <concept>
        <code value="2105826"/>
        <display value="10 ML rituximab-abbs 10 MG/ML Injection"/>
      </concept>
      <concept>
        <code value="2105827"/>
        <display value="Truxima"/>
      </concept>
      <concept>
        <code value="2105828"/>
        <display value="rituximab-abbs 10 MG/ML [Truxima]"/>
      </concept>
      <concept>
        <code value="2105829"/>
        <display value="rituximab Injection [Truxima]"/>
      </concept>
      <concept>
        <code value="2105830"/>
        <display value="Truxima Injectable Product"/>
      </concept>
      <concept>
        <code value="2105831"/>
        <display value="10 ML rituximab-abbs 10 MG/ML Injection [Truxima]"/>
      </concept>
      <concept>
        <code value="2105834"/>
        <display value="50 ML rituximab-abbs 10 MG/ML Injection"/>
      </concept>
      <concept>
        <code value="2105835"/>
        <display value="50 ML rituximab-abbs 10 MG/ML Injection [Truxima]"/>
      </concept>
      <concept>
        <code value="213360"/>
        <display value="thalidomide 50 MG Oral Capsule [Thalomid]"/>
      </concept>
      <concept>
        <code value="220239"/>
        <display value="Thalomid"/>
      </concept>
      <concept>
        <code value="226754"/>
        <display value="Rituxan"/>
      </concept>
      <concept>
        <code value="2273510"/>
        <display value="rituximab-pvvr"/>
      </concept>
      <concept>
        <code value="2273511"/>
        <display value="rituximab-pvvr 10 MG/ML"/>
      </concept>
      <concept>
        <code value="2273512"/>
        <display value="10 ML rituximab-pvvr 10 MG/ML Injection"/>
      </concept>
      <concept>
        <code value="2273513"/>
        <display value="Ruxience"/>
      </concept>
      <concept>
        <code value="2273514"/>
        <display value="rituximab-pvvr 10 MG/ML [Ruxience]"/>
      </concept>
      <concept>
        <code value="2273515"/>
        <display value="rituximab Injection [Ruxience]"/>
      </concept>
      <concept>
        <code value="2273516"/>
        <display value="Ruxience Injectable Product"/>
      </concept>
      <concept>
        <code value="2273517"/>
        <display value="10 ML rituximab-pvvr 10 MG/ML Injection [Ruxience]"/>
      </concept>
      <concept>
        <code value="2273520"/>
        <display value="50 ML rituximab-pvvr 10 MG/ML Injection"/>
      </concept>
      <concept>
        <code value="2273521"/>
        <display value="50 ML rituximab-pvvr 10 MG/ML Injection [Ruxience]"/>
      </concept>
      <concept>
        <code value="2372199"/>
        <display value="daratumumab / hyaluronidase"/>
      </concept>
      <concept>
        <code value="2375130"/>
        <display value="daratumumab-fihj"/>
      </concept>
      <concept>
        <code value="2375131"/>
        <display value="daratumumab-fihj 120 MG/ML"/>
      </concept>
      <concept>
        <code value="2375134"/>
        <display value="daratumumab / hyaluronidase Injectable Product"/>
      </concept>
      <concept>
        <code value="2375135"/>
        <display value="daratumumab / hyaluronidase Injection"/>
      </concept>
      <concept>
        <code value="2375136"/>
        <display value="15 ML daratumumab-fihj 120 MG/ML / hyaluronidase-fihj 2000 UNT/ML Injection"/>
      </concept>
      <concept>
        <code value="2375137"/>
        <display value="Darzalex Faspro"/>
      </concept>
      <concept>
        <code value="2375138"/>
        <display value="daratumumab-fihj 120 MG/ML / hyaluronidase-fihj 2000 UNT/ML [Darzalex Faspro]"/>
      </concept>
      <concept>
        <code value="2375139"/>
        <display value="daratumumab / hyaluronidase Injection [Darzalex Faspro]"/>
      </concept>
      <concept>
        <code value="2375140"/>
        <display value="Darzalex Faspro Injectable Product"/>
      </concept>
      <concept>
        <code value="2375141"/>
        <display value="15 ML daratumumab-fihj 120 MG/ML / hyaluronidase-fihj 2000 UNT/ML Injection [Darzalex Faspro]"/>
      </concept>
      <concept>
        <code value="2384452"/>
        <display value="decitabine 35 MG"/>
      </concept>
      <concept>
        <code value="2384453"/>
        <display value="cedazuridine / decitabine Oral Product"/>
      </concept>
      <concept>
        <code value="2384454"/>
        <display value="cedazuridine / decitabine Pill"/>
      </concept>
      <concept>
        <code value="2384455"/>
        <display value="cedazuridine / decitabine Oral Tablet"/>
      </concept>
      <concept>
        <code value="2384456"/>
        <display value="cedazuridine / decitabine"/>
      </concept>
      <concept>
        <code value="2384457"/>
        <display value="cedazuridine 100 MG / decitabine 35 MG Oral Tablet"/>
      </concept>
      <concept>
        <code value="2384458"/>
        <display value="{5 (cedazuridine 100 MG / decitabine 35 MG Oral Tablet) } Pack"/>
      </concept>
      <concept>
        <code value="2384459"/>
        <display value="Inqovi"/>
      </concept>
      <concept>
        <code value="2384460"/>
        <display value="cedazuridine 100 MG / decitabine 35 MG [Inqovi]"/>
      </concept>
      <concept>
        <code value="2384461"/>
        <display value="cedazuridine / decitabine Oral Tablet [Inqovi]"/>
      </concept>
      <concept>
        <code value="2384462"/>
        <display value="Inqovi Oral Product"/>
      </concept>
      <concept>
        <code value="2384463"/>
        <display value="Inqovi Pill"/>
      </concept>
      <concept>
        <code value="2384464"/>
        <display value="cedazuridine 100 MG / decitabine 35 MG Oral Tablet [Inqovi]"/>
      </concept>
      <concept>
        <code value="2384465"/>
        <display value="{5 (cedazuridine 100 MG / decitabine 35 MG Oral Tablet [Inqovi]) } Pack [Inqovi 5 Tablet Pack]"/>
      </concept>
      <concept>
        <code value="2396760"/>
        <display value="azacitidine 200 MG"/>
      </concept>
      <concept>
        <code value="2396761"/>
        <display value="azacitidine Oral Product"/>
      </concept>
      <concept>
        <code value="2396762"/>
        <display value="azacitidine Pill"/>
      </concept>
      <concept>
        <code value="2396763"/>
        <display value="azacitidine Oral Tablet"/>
      </concept>
      <concept>
        <code value="2396764"/>
        <display value="azacitidine 200 MG Oral Tablet"/>
      </concept>
      <concept>
        <code value="2396765"/>
        <display value="Onureg"/>
      </concept>
      <concept>
        <code value="2396766"/>
        <display value="azacitidine 200 MG [Onureg]"/>
      </concept>
      <concept>
        <code value="2396767"/>
        <display value="azacitidine Oral Tablet [Onureg]"/>
      </concept>
      <concept>
        <code value="2396768"/>
        <display value="Onureg Oral Product"/>
      </concept>
      <concept>
        <code value="2396769"/>
        <display value="Onureg Pill"/>
      </concept>
      <concept>
        <code value="2396770"/>
        <display value="azacitidine 200 MG Oral Tablet [Onureg]"/>
      </concept>
      <concept>
        <code value="2396771"/>
        <display value="azacitidine 300 MG"/>
      </concept>
      <concept>
        <code value="2396772"/>
        <display value="azacitidine 300 MG Oral Tablet"/>
      </concept>
      <concept>
        <code value="2396773"/>
        <display value="azacitidine 300 MG [Onureg]"/>
      </concept>
      <concept>
        <code value="2396774"/>
        <display value="azacitidine 300 MG Oral Tablet [Onureg]"/>
      </concept>
      <concept>
        <code value="2472325"/>
        <display value="rituximab-arrx"/>
      </concept>
      <concept>
        <code value="2472326"/>
        <display value="rituximab-arrx 10 MG/ML"/>
      </concept>
      <concept>
        <code value="2472327"/>
        <display value="10 ML rituximab-arrx 10 MG/ML Injection"/>
      </concept>
      <concept>
        <code value="2472328"/>
        <display value="Riabni"/>
      </concept>
      <concept>
        <code value="2472329"/>
        <display value="rituximab-arrx 10 MG/ML [Riabni]"/>
      </concept>
      <concept>
        <code value="2472330"/>
        <display value="rituximab Injection [Riabni]"/>
      </concept>
      <concept>
        <code value="2472331"/>
        <display value="Riabni Injectable Product"/>
      </concept>
      <concept>
        <code value="2472332"/>
        <display value="10 ML rituximab-arrx 10 MG/ML Injection [Riabni]"/>
      </concept>
      <concept>
        <code value="2472335"/>
        <display value="50 ML rituximab-arrx 10 MG/ML Injection"/>
      </concept>
      <concept>
        <code value="2472336"/>
        <display value="50 ML rituximab-arrx 10 MG/ML Injection [Riabni]"/>
      </concept>
      <concept>
        <code value="2595242"/>
        <display value="pacritinib citrate"/>
      </concept>
      <concept>
        <code value="2595243"/>
        <display value="pacritinib"/>
      </concept>
      <concept>
        <code value="2595244"/>
        <display value="pacritinib 100 MG"/>
      </concept>
      <concept>
        <code value="2595245"/>
        <display value="pacritinib Oral Product"/>
      </concept>
      <concept>
        <code value="2595246"/>
        <display value="pacritinib Pill"/>
      </concept>
      <concept>
        <code value="2595247"/>
        <display value="pacritinib Oral Capsule"/>
      </concept>
      <concept>
        <code value="2595248"/>
        <display value="pacritinib 100 MG Oral Capsule"/>
      </concept>
      <concept>
        <code value="2595249"/>
        <display value="Vonjo"/>
      </concept>
      <concept>
        <code value="2595250"/>
        <display value="pacritinib 100 MG [Vonjo]"/>
      </concept>
      <concept>
        <code value="2595251"/>
        <display value="Vonjo Oral Product"/>
      </concept>
      <concept>
        <code value="2595252"/>
        <display value="Vonjo Pill"/>
      </concept>
      <concept>
        <code value="2595253"/>
        <display value="pacritinib Oral Capsule [Vonjo]"/>
      </concept>
      <concept>
        <code value="2595254"/>
        <display value="pacritinib 100 MG Oral Capsule [Vonjo]"/>
      </concept>
      <concept>
        <code value="2601541"/>
        <display value="bortezomib 1 MG"/>
      </concept>
      <concept>
        <code value="2601542"/>
        <display value="bortezomib 1 MG Injection"/>
      </concept>
      <concept>
        <code value="2601543"/>
        <display value="bortezomib 2.5 MG"/>
      </concept>
      <concept>
        <code value="2601544"/>
        <display value="bortezomib 2.5 MG Injection"/>
      </concept>
      <concept>
        <code value="282386"/>
        <display value="Gleevec"/>
      </concept>
      <concept>
        <code value="282388"/>
        <display value="imatinib"/>
      </concept>
      <concept>
        <code value="284206"/>
        <display value="imatinib 100 MG Oral Capsule"/>
      </concept>
      <concept>
        <code value="316648"/>
        <display value="rituximab 10 MG/ML"/>
      </concept>
      <concept>
        <code value="316784"/>
        <display value="thalidomide 50 MG"/>
      </concept>
      <concept>
        <code value="331600"/>
        <display value="imatinib 100 MG"/>
      </concept>
      <concept>
        <code value="337535"/>
        <display value="Revlimid"/>
      </concept>
      <concept>
        <code value="342369"/>
        <display value="lenalidomide"/>
      </concept>
      <concept>
        <code value="356733"/>
        <display value="Velcade"/>
      </concept>
      <concept>
        <code value="357977"/>
        <display value="sunitinib"/>
      </concept>
      <concept>
        <code value="358258"/>
        <display value="bortezomib"/>
      </concept>
      <concept>
        <code value="360176"/>
        <display value="thalidomide 100 MG Oral Capsule"/>
      </concept>
      <concept>
        <code value="360177"/>
        <display value="thalidomide 200 MG Oral Capsule"/>
      </concept>
      <concept>
        <code value="360321"/>
        <display value="thalidomide 100 MG"/>
      </concept>
      <concept>
        <code value="360322"/>
        <display value="thalidomide 200 MG"/>
      </concept>
      <concept>
        <code value="366451"/>
        <display value="thalidomide Oral Capsule [Thalomid]"/>
      </concept>
      <concept>
        <code value="374072"/>
        <display value="thalidomide Oral Capsule"/>
      </concept>
      <concept>
        <code value="376335"/>
        <display value="imatinib Oral Capsule"/>
      </concept>
      <concept>
        <code value="402243"/>
        <display value="bortezomib 3.5 MG Injection"/>
      </concept>
      <concept>
        <code value="402244"/>
        <display value="bortezomib 3.5 MG Injection [Velcade]"/>
      </concept>
      <concept>
        <code value="403878"/>
        <display value="imatinib 100 MG Oral Tablet"/>
      </concept>
      <concept>
        <code value="403879"/>
        <display value="imatinib 400 MG Oral Tablet"/>
      </concept>
      <concept>
        <code value="404449"/>
        <display value="thalidomide 100 MG Oral Capsule [Thalomid]"/>
      </concept>
      <concept>
        <code value="404450"/>
        <display value="thalidomide 200 MG Oral Capsule [Thalomid]"/>
      </concept>
      <concept>
        <code value="404588"/>
        <display value="imatinib 100 MG Oral Tablet [Gleevec]"/>
      </concept>
      <concept>
        <code value="404589"/>
        <display value="imatinib 400 MG Oral Tablet [Gleevec]"/>
      </concept>
      <concept>
        <code value="406050"/>
        <display value="imatinib Oral Tablet"/>
      </concept>
      <concept>
        <code value="406051"/>
        <display value="imatinib 400 MG"/>
      </concept>
      <concept>
        <code value="406060"/>
        <display value="imatinib Oral Tablet [Gleevec]"/>
      </concept>
      <concept>
        <code value="411240"/>
        <display value="imatinib 50 MG Oral Capsule"/>
      </concept>
      <concept>
        <code value="440549"/>
        <display value="imatinib 50 MG"/>
      </concept>
      <concept>
        <code value="475342"/>
        <display value="dasatinib"/>
      </concept>
      <concept>
        <code value="483431"/>
        <display value="imatinib 400 MG Oral Capsule"/>
      </concept>
      <concept>
        <code value="485246"/>
        <display value="azacitidine 100 MG Injection"/>
      </concept>
      <concept>
        <code value="495881"/>
        <display value="sorafenib"/>
      </concept>
      <concept>
        <code value="545203"/>
        <display value="Vidaza"/>
      </concept>
      <concept>
        <code value="545206"/>
        <display value="azacitidine 100 MG Injection [Vidaza]"/>
      </concept>
      <concept>
        <code value="573051"/>
        <display value="rituximab 10 MG/ML [Rituxan]"/>
      </concept>
      <concept>
        <code value="573254"/>
        <display value="thalidomide 50 MG [Thalomid]"/>
      </concept>
      <concept>
        <code value="575017"/>
        <display value="imatinib 100 MG [Gleevec]"/>
      </concept>
      <concept>
        <code value="576406"/>
        <display value="thalidomide 100 MG [Thalomid]"/>
      </concept>
      <concept>
        <code value="576407"/>
        <display value="thalidomide 200 MG [Thalomid]"/>
      </concept>
      <concept>
        <code value="576514"/>
        <display value="imatinib 400 MG [Gleevec]"/>
      </concept>
      <concept>
        <code value="597744"/>
        <display value="sorafenib tosylate"/>
      </concept>
      <concept>
        <code value="597745"/>
        <display value="sorafenib 200 MG"/>
      </concept>
      <concept>
        <code value="597746"/>
        <display value="sorafenib Oral Tablet"/>
      </concept>
      <concept>
        <code value="597747"/>
        <display value="sorafenib 200 MG Oral Tablet"/>
      </concept>
      <concept>
        <code value="602908"/>
        <display value="lenalidomide 10 MG"/>
      </concept>
      <concept>
        <code value="602909"/>
        <display value="lenalidomide Oral Capsule"/>
      </concept>
      <concept>
        <code value="602910"/>
        <display value="lenalidomide 10 MG Oral Capsule"/>
      </concept>
      <concept>
        <code value="602911"/>
        <display value="lenalidomide 5 MG"/>
      </concept>
      <concept>
        <code value="602912"/>
        <display value="lenalidomide 5 MG Oral Capsule"/>
      </concept>
      <concept>
        <code value="615977"/>
        <display value="sorafenib 200 MG [Nexavar]"/>
      </concept>
      <concept>
        <code value="615978"/>
        <display value="sorafenib Oral Tablet [Nexavar]"/>
      </concept>
      <concept>
        <code value="615979"/>
        <display value="sorafenib 200 MG Oral Tablet [Nexavar]"/>
      </concept>
      <concept>
        <code value="616112"/>
        <display value="lenalidomide 10 MG [Revlimid]"/>
      </concept>
      <concept>
        <code value="616113"/>
        <display value="lenalidomide Oral Capsule [Revlimid]"/>
      </concept>
      <concept>
        <code value="616114"/>
        <display value="lenalidomide 10 MG Oral Capsule [Revlimid]"/>
      </concept>
      <concept>
        <code value="616115"/>
        <display value="lenalidomide 5 MG [Revlimid]"/>
      </concept>
      <concept>
        <code value="616116"/>
        <display value="lenalidomide 5 MG Oral Capsule [Revlimid]"/>
      </concept>
      <concept>
        <code value="616274"/>
        <display value="Sutent"/>
      </concept>
      <concept>
        <code value="616275"/>
        <display value="sunitinib malate"/>
      </concept>
      <concept>
        <code value="616277"/>
        <display value="sunitinib 12.5 MG"/>
      </concept>
      <concept>
        <code value="616278"/>
        <display value="sunitinib Oral Capsule"/>
      </concept>
      <concept>
        <code value="616279"/>
        <display value="sunitinib 12.5 MG Oral Capsule"/>
      </concept>
      <concept>
        <code value="616281"/>
        <display value="sunitinib 12.5 MG [Sutent]"/>
      </concept>
      <concept>
        <code value="616282"/>
        <display value="sunitinib Oral Capsule [Sutent]"/>
      </concept>
      <concept>
        <code value="616283"/>
        <display value="sunitinib 12.5 MG Oral Capsule [Sutent]"/>
      </concept>
      <concept>
        <code value="616284"/>
        <display value="sunitinib 25 MG"/>
      </concept>
      <concept>
        <code value="616285"/>
        <display value="sunitinib 25 MG Oral Capsule"/>
      </concept>
      <concept>
        <code value="616286"/>
        <display value="sunitinib 25 MG [Sutent]"/>
      </concept>
      <concept>
        <code value="616287"/>
        <display value="sunitinib 25 MG Oral Capsule [Sutent]"/>
      </concept>
      <concept>
        <code value="616288"/>
        <display value="sunitinib 50 MG"/>
      </concept>
      <concept>
        <code value="616289"/>
        <display value="sunitinib 50 MG Oral Capsule"/>
      </concept>
      <concept>
        <code value="616291"/>
        <display value="sunitinib 50 MG [Sutent]"/>
      </concept>
      <concept>
        <code value="616292"/>
        <display value="sunitinib 50 MG Oral Capsule [Sutent]"/>
      </concept>
      <concept>
        <code value="619985"/>
        <display value="Nexavar"/>
      </concept>
      <concept>
        <code value="636242"/>
        <display value="Dacogen"/>
      </concept>
      <concept>
        <code value="636631"/>
        <display value="decitabine 50 MG Injection"/>
      </concept>
      <concept>
        <code value="643103"/>
        <display value="dasatinib 20 MG"/>
      </concept>
      <concept>
        <code value="643104"/>
        <display value="dasatinib Oral Tablet"/>
      </concept>
      <concept>
        <code value="643105"/>
        <display value="dasatinib 20 MG Oral Tablet"/>
      </concept>
      <concept>
        <code value="643106"/>
        <display value="dasatinib 50 MG"/>
      </concept>
      <concept>
        <code value="643107"/>
        <display value="dasatinib 50 MG Oral Tablet"/>
      </concept>
      <concept>
        <code value="643108"/>
        <display value="dasatinib 70 MG"/>
      </concept>
      <concept>
        <code value="643109"/>
        <display value="dasatinib 70 MG Oral Tablet"/>
      </concept>
      <concept>
        <code value="643170"/>
        <display value="Sprycel"/>
      </concept>
      <concept>
        <code value="643171"/>
        <display value="dasatinib 20 MG [Sprycel]"/>
      </concept>
      <concept>
        <code value="643172"/>
        <display value="dasatinib Oral Tablet [Sprycel]"/>
      </concept>
      <concept>
        <code value="643173"/>
        <display value="dasatinib 20 MG Oral Tablet [Sprycel]"/>
      </concept>
      <concept>
        <code value="643174"/>
        <display value="dasatinib 50 MG [Sprycel]"/>
      </concept>
      <concept>
        <code value="643175"/>
        <display value="dasatinib 50 MG Oral Tablet [Sprycel]"/>
      </concept>
      <concept>
        <code value="643176"/>
        <display value="dasatinib 70 MG [Sprycel]"/>
      </concept>
      <concept>
        <code value="643177"/>
        <display value="dasatinib 70 MG Oral Tablet [Sprycel]"/>
      </concept>
      <concept>
        <code value="643711"/>
        <display value="lenalidomide 15 MG"/>
      </concept>
      <concept>
        <code value="643712"/>
        <display value="lenalidomide 15 MG Oral Capsule"/>
      </concept>
      <concept>
        <code value="643713"/>
        <display value="lenalidomide 15 MG [Revlimid]"/>
      </concept>
      <concept>
        <code value="643714"/>
        <display value="lenalidomide 15 MG Oral Capsule [Revlimid]"/>
      </concept>
      <concept>
        <code value="643719"/>
        <display value="lenalidomide 25 MG"/>
      </concept>
      <concept>
        <code value="643720"/>
        <display value="lenalidomide 25 MG Oral Capsule"/>
      </concept>
      <concept>
        <code value="643721"/>
        <display value="lenalidomide 25 MG [Revlimid]"/>
      </concept>
      <concept>
        <code value="643722"/>
        <display value="lenalidomide 25 MG Oral Capsule [Revlimid]"/>
      </concept>
      <concept>
        <code value="644989"/>
        <display value="decitabine 50 MG Injection [Dacogen]"/>
      </concept>
      <concept>
        <code value="700415"/>
        <display value="thalidomide 150 MG"/>
      </concept>
      <concept>
        <code value="700416"/>
        <display value="thalidomide 150 MG Oral Capsule"/>
      </concept>
      <concept>
        <code value="700417"/>
        <display value="thalidomide 150 MG [Thalomid]"/>
      </concept>
      <concept>
        <code value="700418"/>
        <display value="thalidomide 150 MG Oral Capsule [Thalomid]"/>
      </concept>
      <concept>
        <code value="799046"/>
        <display value="dasatinib 100 MG"/>
      </concept>
      <concept>
        <code value="799047"/>
        <display value="dasatinib 100 MG Oral Tablet"/>
      </concept>
      <concept>
        <code value="799829"/>
        <display value="dasatinib 100 MG [Sprycel]"/>
      </concept>
      <concept>
        <code value="799830"/>
        <display value="dasatinib 100 MG Oral Tablet [Sprycel]"/>
      </concept>
      <concept>
        <code value="974779"/>
        <display value="obinutuzumab"/>
      </concept>
    </include>
  </compose>
</ValueSet>