<?xml version="1.0" encoding="UTF-8"?>

<ValueSet xmlns="http://hl7.org/fhir">
  <id value="med-addition-peri-transplant-vs"/>
  <text>
    <status value="generated"/><div xmlns="http://www.w3.org/1999/xhtml"><ul><li>Include these codes as defined in <a href="http://www.nlm.nih.gov/research/umls/rxnorm"><code>http://www.nlm.nih.gov/research/umls/rxnorm</code></a><table class="none"><tr><td style="white-space:nowrap"><b>Code</b></td><td><b>Display</b></td></tr><tr><td>1011</td><td>lymphocyte immune globulin, anti-thymocyte globulin</td></tr><tr><td>107047</td><td>rabbit anti-human T-lymphocyte globulin 25 MG Injection</td></tr><tr><td>107050</td><td>rabbit anti-human T-lymphocyte globulin 25 MG Injection [Thymoglobulin]</td></tr><tr><td>11065</td><td>ursodiol</td></tr><tr><td>1164265</td><td>alemtuzumab Injectable Product</td></tr><tr><td>1165939</td><td>ATGAM Injectable Product</td></tr><tr><td>117055</td><td>alemtuzumab</td></tr><tr><td>1172298</td><td>Campath Injectable Product</td></tr><tr><td>1177887</td><td>Thymoglobulin Injectable Product</td></tr><tr><td>1204</td><td>ATGAM</td></tr><tr><td>1311089</td><td>defibrotide</td></tr><tr><td>1594657</td><td>alemtuzumab 10 MG/ML</td></tr><tr><td>1594658</td><td>1.2 ML alemtuzumab 10 MG/ML Injection</td></tr><tr><td>1594659</td><td>Lemtrada</td></tr><tr><td>1594660</td><td>alemtuzumab 10 MG/ML [Lemtrada]</td></tr><tr><td>1594662</td><td>Lemtrada Injectable Product</td></tr><tr><td>1594663</td><td>1.2 ML alemtuzumab 10 MG/ML Injection [Lemtrada]</td></tr><tr><td>1656628</td><td>alemtuzumab 30 MG/ML</td></tr><tr><td>1656629</td><td>alemtuzumab Injection</td></tr><tr><td>1656631</td><td>alemtuzumab 30 MG/ML [Campath]</td></tr><tr><td>1656632</td><td>alemtuzumab Injection [Campath]</td></tr><tr><td>1656637</td><td>alemtuzumab Injection [Lemtrada]</td></tr><tr><td>1746523</td><td>defibrotide sodium</td></tr><tr><td>1746524</td><td>defibrotide sodium 80 MG/ML</td></tr><tr><td>1746525</td><td>defibrotide Injectable Product</td></tr><tr><td>1746526</td><td>defibrotide Injection</td></tr><tr><td>1746527</td><td>2.5 ML defibrotide sodium 80 MG/ML Injection</td></tr><tr><td>1746528</td><td>Defitelio</td></tr><tr><td>1746529</td><td>defibrotide sodium 80 MG/ML [Defitelio]</td></tr><tr><td>1746530</td><td>defibrotide Injection [Defitelio]</td></tr><tr><td>1746531</td><td>Defitelio Injectable Product</td></tr><tr><td>1746532</td><td>2.5 ML defibrotide sodium 80 MG/ML Injection [Defitelio]</td></tr><tr><td>1788946</td><td>defibrotide, bovine lung</td></tr><tr><td>197906</td><td>5 ML lymphocyte immune globulin, anti-thymocyte globulin, equine 50 MG/ML Injection</td></tr><tr><td>206289</td><td>5 ML lymphocyte immune globulin, anti-thymocyte globulin, equine 50 MG/ML Injection [ATGAM]</td></tr><tr><td>225741</td><td>Thymoglobulin</td></tr><tr><td>2282514</td><td>lymphocyte immune globulin, anti-thymocyte globulin, equine 50 MG/ML</td></tr><tr><td>2282515</td><td>lymphocyte immune globulin, anti-thymocyte globulin Injectable Product</td></tr><tr><td>2282516</td><td>lymphocyte immune globulin, anti-thymocyte globulin Injection</td></tr><tr><td>2282518</td><td>lymphocyte immune globulin, anti-thymocyte globulin, equine 50 MG/ML [ATGAM]</td></tr><tr><td>2282519</td><td>lymphocyte immune globulin, anti-thymocyte globulin Injection [ATGAM]</td></tr><tr><td>2282525</td><td>rabbit anti-human T-lymphocyte globulin 25 MG</td></tr><tr><td>2282527</td><td>rabbit anti-human T-lymphocyte globulin 25 MG [Thymoglobulin]</td></tr><tr><td>2282528</td><td>lymphocyte immune globulin, anti-thymocyte globulin Injection [Thymoglobulin]</td></tr><tr><td>2376942</td><td>ursodiol 400 MG Oral Capsule</td></tr><tr><td>2477892</td><td>ursodiol 200 MG [Reltone]</td></tr><tr><td>2477896</td><td>ursodiol 200 MG Oral Capsule [Reltone]</td></tr><tr><td>2477897</td><td>ursodiol 400 MG [Reltone]</td></tr><tr><td>2477898</td><td>ursodiol 400 MG Oral Capsule [Reltone]</td></tr><tr><td>284679</td><td>Campath</td></tr><tr><td>360513</td><td>ursodiol 250 MG</td></tr><tr><td>412174</td><td>ursodiol 200 MG Oral Capsule</td></tr><tr><td>452499</td><td>ursodiol 200 MG</td></tr><tr><td>452500</td><td>ursodiol 400 MG</td></tr><tr><td>828265</td><td>1 ML alemtuzumab 30 MG/ML Injection</td></tr><tr><td>828267</td><td>1 ML alemtuzumab 30 MG/ML Injection [Campath]</td></tr><tr><td>858328</td><td>ursodiol 300 MG</td></tr><tr><td>858329</td><td>ursodiol 300 MG Oral Tablet</td></tr><tr><td>858330</td><td>ursodiol 150 MG</td></tr><tr><td>858332</td><td>ursodiol 50 MG/ML</td></tr><tr><td>858333</td><td>ursodiol 50 MG/ML Oral Suspension</td></tr><tr><td>858335</td><td>ursodiol 150 MG Oral Tablet</td></tr><tr><td>858732</td><td>ursodiol 500 MG</td></tr><tr><td>858733</td><td>ursodiol 500 MG Oral Tablet</td></tr><tr><td>858734</td><td>ursodiol 500 MG [Urso Forte]</td></tr><tr><td>858735</td><td>ursodiol 500 MG Oral Tablet [Urso Forte]</td></tr><tr><td>858744</td><td>ursodiol 250 MG Oral Capsule</td></tr><tr><td>858745</td><td>ursodiol 250 MG [Urso]</td></tr><tr><td>858747</td><td>ursodiol 300 MG Oral Capsule</td></tr><tr><td>858748</td><td>ursodiol 300 MG [Actigall]</td></tr><tr><td>858749</td><td>ursodiol 300 MG Oral Capsule [Actigall]</td></tr><tr><td>858751</td><td>ursodiol 250 MG Oral Tablet</td></tr><tr><td>858752</td><td>ursodiol 250 MG Oral Tablet [Urso]</td></tr><tr><td>91601</td><td>lymphocyte immune globulin, anti-thymocyte globulin, equine</td></tr><tr><td>973</td><td>antilymphocyte immunoglobulin</td></tr></table></li></ul></div>
  </text>
  <url value="http://fhir.nmdp.org/ig/cibmtr-reporting/ValueSet/med-addition-peri-transplant-vs"/>
  <version value="0.1.4a"/>
  <name value="RxNormAdditionalPeriTransplantVS"/>
  <title value="RxNorm - Additional Drugs in Peri-Transplant Period"/>
  <status value="active"/>
  <date value="2022-08-10T08:52:57-05:00"/>
  <publisher value="The Medical College of Wisconsin, Inc. and the National Marrow Donor Program"/>
  <contact>
    <name value="The Medical College of Wisconsin, Inc. and the National Marrow Donor Program"/>
    <telecom>
      <system value="url"/>
      <value value="http://www.cibmtr.org"/>
    </telecom>
  </contact>
  <contact>
    <name value="Bob Milius"/>
    <telecom>
      <system value="email"/>
      <value value="bmilius@nmdp.org"/>
    </telecom>
  </contact>
  <description value="RxNorm codes for Additional Drugs in Peri-Transplant Period"/>
  <compose>
    <include>
      <system value="http://www.nlm.nih.gov/research/umls/rxnorm"/>
      <concept>
        <code value="1011"/>
        <display value="lymphocyte immune globulin, anti-thymocyte globulin"/>
      </concept>
      <concept>
        <code value="107047"/>
        <display value="rabbit anti-human T-lymphocyte globulin 25 MG Injection"/>
      </concept>
      <concept>
        <code value="107050"/>
        <display value="rabbit anti-human T-lymphocyte globulin 25 MG Injection [Thymoglobulin]"/>
      </concept>
      <concept>
        <code value="11065"/>
        <display value="ursodiol"/>
      </concept>
      <concept>
        <code value="1164265"/>
        <display value="alemtuzumab Injectable Product"/>
      </concept>
      <concept>
        <code value="1165939"/>
        <display value="ATGAM Injectable Product"/>
      </concept>
      <concept>
        <code value="117055"/>
        <display value="alemtuzumab"/>
      </concept>
      <concept>
        <code value="1172298"/>
        <display value="Campath Injectable Product"/>
      </concept>
      <concept>
        <code value="1177887"/>
        <display value="Thymoglobulin Injectable Product"/>
      </concept>
      <concept>
        <code value="1204"/>
        <display value="ATGAM"/>
      </concept>
      <concept>
        <code value="1311089"/>
        <display value="defibrotide"/>
      </concept>
      <concept>
        <code value="1594657"/>
        <display value="alemtuzumab 10 MG/ML"/>
      </concept>
      <concept>
        <code value="1594658"/>
        <display value="1.2 ML alemtuzumab 10 MG/ML Injection"/>
      </concept>
      <concept>
        <code value="1594659"/>
        <display value="Lemtrada"/>
      </concept>
      <concept>
        <code value="1594660"/>
        <display value="alemtuzumab 10 MG/ML [Lemtrada]"/>
      </concept>
      <concept>
        <code value="1594662"/>
        <display value="Lemtrada Injectable Product"/>
      </concept>
      <concept>
        <code value="1594663"/>
        <display value="1.2 ML alemtuzumab 10 MG/ML Injection [Lemtrada]"/>
      </concept>
      <concept>
        <code value="1656628"/>
        <display value="alemtuzumab 30 MG/ML"/>
      </concept>
      <concept>
        <code value="1656629"/>
        <display value="alemtuzumab Injection"/>
      </concept>
      <concept>
        <code value="1656631"/>
        <display value="alemtuzumab 30 MG/ML [Campath]"/>
      </concept>
      <concept>
        <code value="1656632"/>
        <display value="alemtuzumab Injection [Campath]"/>
      </concept>
      <concept>
        <code value="1656637"/>
        <display value="alemtuzumab Injection [Lemtrada]"/>
      </concept>
      <concept>
        <code value="1746523"/>
        <display value="defibrotide sodium"/>
      </concept>
      <concept>
        <code value="1746524"/>
        <display value="defibrotide sodium 80 MG/ML"/>
      </concept>
      <concept>
        <code value="1746525"/>
        <display value="defibrotide Injectable Product"/>
      </concept>
      <concept>
        <code value="1746526"/>
        <display value="defibrotide Injection"/>
      </concept>
      <concept>
        <code value="1746527"/>
        <display value="2.5 ML defibrotide sodium 80 MG/ML Injection"/>
      </concept>
      <concept>
        <code value="1746528"/>
        <display value="Defitelio"/>
      </concept>
      <concept>
        <code value="1746529"/>
        <display value="defibrotide sodium 80 MG/ML [Defitelio]"/>
      </concept>
      <concept>
        <code value="1746530"/>
        <display value="defibrotide Injection [Defitelio]"/>
      </concept>
      <concept>
        <code value="1746531"/>
        <display value="Defitelio Injectable Product"/>
      </concept>
      <concept>
        <code value="1746532"/>
        <display value="2.5 ML defibrotide sodium 80 MG/ML Injection [Defitelio]"/>
      </concept>
      <concept>
        <code value="1788946"/>
        <display value="defibrotide, bovine lung"/>
      </concept>
      <concept>
        <code value="197906"/>
        <display value="5 ML lymphocyte immune globulin, anti-thymocyte globulin, equine 50 MG/ML Injection"/>
      </concept>
      <concept>
        <code value="206289"/>
        <display value="5 ML lymphocyte immune globulin, anti-thymocyte globulin, equine 50 MG/ML Injection [ATGAM]"/>
      </concept>
      <concept>
        <code value="225741"/>
        <display value="Thymoglobulin"/>
      </concept>
      <concept>
        <code value="2282514"/>
        <display value="lymphocyte immune globulin, anti-thymocyte globulin, equine 50 MG/ML"/>
      </concept>
      <concept>
        <code value="2282515"/>
        <display value="lymphocyte immune globulin, anti-thymocyte globulin Injectable Product"/>
      </concept>
      <concept>
        <code value="2282516"/>
        <display value="lymphocyte immune globulin, anti-thymocyte globulin Injection"/>
      </concept>
      <concept>
        <code value="2282518"/>
        <display value="lymphocyte immune globulin, anti-thymocyte globulin, equine 50 MG/ML [ATGAM]"/>
      </concept>
      <concept>
        <code value="2282519"/>
        <display value="lymphocyte immune globulin, anti-thymocyte globulin Injection [ATGAM]"/>
      </concept>
      <concept>
        <code value="2282525"/>
        <display value="rabbit anti-human T-lymphocyte globulin 25 MG"/>
      </concept>
      <concept>
        <code value="2282527"/>
        <display value="rabbit anti-human T-lymphocyte globulin 25 MG [Thymoglobulin]"/>
      </concept>
      <concept>
        <code value="2282528"/>
        <display value="lymphocyte immune globulin, anti-thymocyte globulin Injection [Thymoglobulin]"/>
      </concept>
      <concept>
        <code value="2376942"/>
        <display value="ursodiol 400 MG Oral Capsule"/>
      </concept>
      <concept>
        <code value="2477892"/>
        <display value="ursodiol 200 MG [Reltone]"/>
      </concept>
      <concept>
        <code value="2477896"/>
        <display value="ursodiol 200 MG Oral Capsule [Reltone]"/>
      </concept>
      <concept>
        <code value="2477897"/>
        <display value="ursodiol 400 MG [Reltone]"/>
      </concept>
      <concept>
        <code value="2477898"/>
        <display value="ursodiol 400 MG Oral Capsule [Reltone]"/>
      </concept>
      <concept>
        <code value="284679"/>
        <display value="Campath"/>
      </concept>
      <concept>
        <code value="360513"/>
        <display value="ursodiol 250 MG"/>
      </concept>
      <concept>
        <code value="412174"/>
        <display value="ursodiol 200 MG Oral Capsule"/>
      </concept>
      <concept>
        <code value="452499"/>
        <display value="ursodiol 200 MG"/>
      </concept>
      <concept>
        <code value="452500"/>
        <display value="ursodiol 400 MG"/>
      </concept>
      <concept>
        <code value="828265"/>
        <display value="1 ML alemtuzumab 30 MG/ML Injection"/>
      </concept>
      <concept>
        <code value="828267"/>
        <display value="1 ML alemtuzumab 30 MG/ML Injection [Campath]"/>
      </concept>
      <concept>
        <code value="858328"/>
        <display value="ursodiol 300 MG"/>
      </concept>
      <concept>
        <code value="858329"/>
        <display value="ursodiol 300 MG Oral Tablet"/>
      </concept>
      <concept>
        <code value="858330"/>
        <display value="ursodiol 150 MG"/>
      </concept>
      <concept>
        <code value="858332"/>
        <display value="ursodiol 50 MG/ML"/>
      </concept>
      <concept>
        <code value="858333"/>
        <display value="ursodiol 50 MG/ML Oral Suspension"/>
      </concept>
      <concept>
        <code value="858335"/>
        <display value="ursodiol 150 MG Oral Tablet"/>
      </concept>
      <concept>
        <code value="858732"/>
        <display value="ursodiol 500 MG"/>
      </concept>
      <concept>
        <code value="858733"/>
        <display value="ursodiol 500 MG Oral Tablet"/>
      </concept>
      <concept>
        <code value="858734"/>
        <display value="ursodiol 500 MG [Urso Forte]"/>
      </concept>
      <concept>
        <code value="858735"/>
        <display value="ursodiol 500 MG Oral Tablet [Urso Forte]"/>
      </concept>
      <concept>
        <code value="858744"/>
        <display value="ursodiol 250 MG Oral Capsule"/>
      </concept>
      <concept>
        <code value="858745"/>
        <display value="ursodiol 250 MG [Urso]"/>
      </concept>
      <concept>
        <code value="858747"/>
        <display value="ursodiol 300 MG Oral Capsule"/>
      </concept>
      <concept>
        <code value="858748"/>
        <display value="ursodiol 300 MG [Actigall]"/>
      </concept>
      <concept>
        <code value="858749"/>
        <display value="ursodiol 300 MG Oral Capsule [Actigall]"/>
      </concept>
      <concept>
        <code value="858751"/>
        <display value="ursodiol 250 MG Oral Tablet"/>
      </concept>
      <concept>
        <code value="858752"/>
        <display value="ursodiol 250 MG Oral Tablet [Urso]"/>
      </concept>
      <concept>
        <code value="91601"/>
        <display value="lymphocyte immune globulin, anti-thymocyte globulin, equine"/>
      </concept>
      <concept>
        <code value="973"/>
        <display value="antilymphocyte immunoglobulin"/>
      </concept>
    </include>
  </compose>
</ValueSet>