<?xml version="1.0" encoding="UTF-8"?>

<ValueSet xmlns="http://hl7.org/fhir">
  <id value="cibmtr-priority-variables-epic-2021"/>
  <text>
    <status value="generated"/><div xmlns="http://www.w3.org/1999/xhtml"><ul><li>Include these codes as defined in <a href="http://loinc.org"><code>http://loinc.org</code></a><table class="none"><tr><td style="white-space:nowrap"><b>Code</b></td><td><b>Display</b></td></tr><tr><td><a href="http://details.loinc.org/LOINC/26508-2.html">26508-2</a></td><td>Band form neutrophils/100 leukocytes in Blood</td></tr><tr><td><a href="http://details.loinc.org/LOINC/35332-6.html">35332-6</a></td><td>Band form neutrophils/100 leukocytes in Blood by Automated count</td></tr><tr><td><a href="http://details.loinc.org/LOINC/764-1.html">764-1</a></td><td>Band form neutrophils/100 leukocytes in Blood by Manual count</td></tr><tr><td><a href="http://details.loinc.org/LOINC/30180-4.html">30180-4</a></td><td>Basophils/100 leukocytes in Blood</td></tr><tr><td><a href="http://details.loinc.org/LOINC/706-2.html">706-2</a></td><td>Basophils/100 leukocytes in Blood by Automated count</td></tr><tr><td><a href="http://details.loinc.org/LOINC/707-0.html">707-0</a></td><td>Basophils/100 leukocytes in Blood by Manual count</td></tr><tr><td><a href="http://details.loinc.org/LOINC/26446-5.html">26446-5</a></td><td>Blasts/100 leukocytes in Blood</td></tr><tr><td><a href="http://details.loinc.org/LOINC/709-6.html">709-6</a></td><td>Blasts/100 leukocytes in Blood by Manual count</td></tr><tr><td><a href="http://details.loinc.org/LOINC/26449-9.html">26449-9</a></td><td>Eosinophils [#/volume] in Blood</td></tr><tr><td><a href="http://details.loinc.org/LOINC/711-2.html">711-2</a></td><td>Eosinophils [#/volume] in Blood by Automated count</td></tr><tr><td><a href="http://details.loinc.org/LOINC/712-0.html">712-0</a></td><td>Eosinophils [#/volume] in Blood by Manual count</td></tr><tr><td><a href="http://details.loinc.org/LOINC/26450-7.html">26450-7</a></td><td>Eosinophils/100 leukocytes in Blood</td></tr><tr><td><a href="http://details.loinc.org/LOINC/713-8.html">713-8</a></td><td>Eosinophils/100 leukocytes in Blood by Automated count</td></tr><tr><td><a href="http://details.loinc.org/LOINC/714-6.html">714-6</a></td><td>Eosinophils/100 leukocytes in Blood by Manual count</td></tr><tr><td><a href="http://details.loinc.org/LOINC/4576-5.html">4576-5</a></td><td>Hemoglobin F/Hemoglobin.total in Blood</td></tr><tr><td><a href="http://details.loinc.org/LOINC/71865-0.html">71865-0</a></td><td>Hemoglobin F/Hemoglobin.total [Pure mass fraction] in Blood by Electrophoresis</td></tr><tr><td><a href="http://details.loinc.org/LOINC/71864-3.html">71864-3</a></td><td>Hemoglobin F/Hemoglobin.total [Pure mass fraction] in Blood by HPLC</td></tr><tr><td><a href="http://details.loinc.org/LOINC/71863-5.html">71863-5</a></td><td>Hemoglobin F/Hemoglobin.total [Pure mass fraction] in Blood by Kleihauer-Betke method</td></tr><tr><td><a href="http://details.loinc.org/LOINC/32682-7.html">32682-7</a></td><td>Hemoglobin F/Hemoglobin.total in Blood by Electrophoresis</td></tr><tr><td><a href="http://details.loinc.org/LOINC/38524-5.html">38524-5</a></td><td>Hemoglobin F/Hemoglobin.total in Blood by Electrophoresis alkaline (pH 8.9)</td></tr><tr><td><a href="http://details.loinc.org/LOINC/42246-9.html">42246-9</a></td><td>Hemoglobin F/Hemoglobin.total in Blood by HPLC</td></tr><tr><td><a href="http://details.loinc.org/LOINC/4633-4.html">4633-4</a></td><td>Hemoglobin F/Hemoglobin.total in Blood by Kleihauer-Betke method</td></tr><tr><td><a href="http://details.loinc.org/LOINC/718-7.html">718-7</a></td><td>Hemoglobin [Mass/volume] in Blood</td></tr><tr><td><a href="http://details.loinc.org/LOINC/59260-0.html">59260-0</a></td><td>Hemoglobin [Moles/volume] in Blood</td></tr><tr><td><a href="http://details.loinc.org/LOINC/30313-1.html">30313-1</a></td><td>Hemoglobin [Mass/volume] in Arterial blood</td></tr><tr><td><a href="http://details.loinc.org/LOINC/14775-1.html">14775-1</a></td><td>Hemoglobin [Mass/volume] in Arterial blood by Oximetry</td></tr><tr><td><a href="http://details.loinc.org/LOINC/20509-6.html">20509-6</a></td><td>Hemoglobin [Mass/volume] in Blood by calculation</td></tr><tr><td><a href="http://details.loinc.org/LOINC/55782-7.html">55782-7</a></td><td>Hemoglobin [Mass/volume] in Blood by Oximetry</td></tr><tr><td><a href="http://details.loinc.org/LOINC/30351-1.html">30351-1</a></td><td>Hemoglobin [Mass/volume] in Mixed venous blood</td></tr><tr><td><a href="http://details.loinc.org/LOINC/76768-1.html">76768-1</a></td><td>Hemoglobin [Mass/volume] in Mixed venous blood by Oximetry</td></tr><tr><td><a href="http://details.loinc.org/LOINC/30350-3.html">30350-3</a></td><td>Hemoglobin [Mass/volume] in Venous blood</td></tr><tr><td><a href="http://details.loinc.org/LOINC/76769-9.html">76769-9</a></td><td>Hemoglobin [Mass/volume] in Venous blood by Oximetry</td></tr><tr><td><a href="http://details.loinc.org/LOINC/75928-2.html">75928-2</a></td><td>Hemoglobin [Moles/volume] in Arterial blood</td></tr><tr><td><a href="http://details.loinc.org/LOINC/93846-4.html">93846-4</a></td><td>Hemoglobin [Moles/volume] in Venous blood</td></tr><tr><td><a href="http://details.loinc.org/LOINC/20570-8.html">20570-8</a></td><td>Hematocrit [Volume Fraction] of Blood</td></tr><tr><td><a href="http://details.loinc.org/LOINC/71833-8.html">71833-8</a></td><td>Hematocrit [Pure volume fraction] of Blood by Automated count</td></tr><tr><td><a href="http://details.loinc.org/LOINC/71831-2.html">71831-2</a></td><td>Hematocrit [Pure volume fraction] of Capillary blood</td></tr><tr><td><a href="http://details.loinc.org/LOINC/71829-6.html">71829-6</a></td><td>Hematocrit [Pure volume fraction] of Venous blood</td></tr><tr><td><a href="http://details.loinc.org/LOINC/4544-3.html">4544-3</a></td><td>Hematocrit [Volume Fraction] of Blood by Automated count</td></tr><tr><td><a href="http://details.loinc.org/LOINC/4545-0.html">4545-0</a></td><td>Hematocrit [Volume Fraction] of Blood by Centrifugation</td></tr><tr><td><a href="http://details.loinc.org/LOINC/48703-3.html">48703-3</a></td><td>Hematocrit [Volume Fraction] of Blood by Estimated</td></tr><tr><td><a href="http://details.loinc.org/LOINC/31100-1.html">31100-1</a></td><td>Hematocrit [Volume Fraction] of Blood by Impedance</td></tr><tr><td><a href="http://details.loinc.org/LOINC/42908-4.html">42908-4</a></td><td>Hematocrit [Volume Fraction] of Capillary blood</td></tr><tr><td><a href="http://details.loinc.org/LOINC/41654-5.html">41654-5</a></td><td>Hematocrit [Volume Fraction] of Venous blood</td></tr><tr><td><a href="http://details.loinc.org/LOINC/26474-7.html">26474-7</a></td><td>Lymphocytes [#/volume] in Blood</td></tr><tr><td><a href="http://details.loinc.org/LOINC/731-0.html">731-0</a></td><td>Lymphocytes [#/volume] in Blood by Automated count</td></tr><tr><td><a href="http://details.loinc.org/LOINC/732-8.html">732-8</a></td><td>Lymphocytes [#/volume] in Blood by Manual count</td></tr><tr><td><a href="http://details.loinc.org/LOINC/26478-8.html">26478-8</a></td><td>Lymphocytes/100 leukocytes in Blood</td></tr><tr><td><a href="http://details.loinc.org/LOINC/736-9.html">736-9</a></td><td>Lymphocytes/100 leukocytes in Blood by Automated count</td></tr><tr><td><a href="http://details.loinc.org/LOINC/737-7.html">737-7</a></td><td>Lymphocytes/100 leukocytes in Blood by Manual count</td></tr><tr><td><a href="http://details.loinc.org/LOINC/30433-7.html">30433-7</a></td><td>Metamyelocytes [#/volume] in Blood</td></tr><tr><td><a href="http://details.loinc.org/LOINC/739-3.html">739-3</a></td><td>Metamyelocytes [#/volume] in Blood by Manual count</td></tr><tr><td><a href="http://details.loinc.org/LOINC/28541-1.html">28541-1</a></td><td>Metamyelocytes/100 leukocytes in Blood</td></tr><tr><td><a href="http://details.loinc.org/LOINC/740-1.html">740-1</a></td><td>Metamyelocytes/100 leukocytes in Blood by Manual count</td></tr><tr><td><a href="http://details.loinc.org/LOINC/71668-8.html">71668-8</a></td><td>Metamyelocytes/Leukocytes [Pure number fraction] in Blood by Manual count</td></tr><tr><td><a href="http://details.loinc.org/LOINC/40651-2.html">40651-2</a></td><td>Metamyelocytes [Presence] in Blood</td></tr><tr><td><a href="http://details.loinc.org/LOINC/26484-6.html">26484-6</a></td><td>Monocytes [#/volume] in Blood</td></tr><tr><td><a href="http://details.loinc.org/LOINC/742-7.html">742-7</a></td><td>Monocytes [#/volume] in Blood by Automated count</td></tr><tr><td><a href="http://details.loinc.org/LOINC/743-5.html">743-5</a></td><td>Monocytes [#/volume] in Blood by Manual count</td></tr><tr><td><a href="http://details.loinc.org/LOINC/26485-3.html">26485-3</a></td><td>Monocytes/100 leukocytes in Blood</td></tr><tr><td><a href="http://details.loinc.org/LOINC/5905-5.html">5905-5</a></td><td>Monocytes/100 leukocytes in Blood by Automated count</td></tr><tr><td><a href="http://details.loinc.org/LOINC/744-3.html">744-3</a></td><td>Monocytes/100 leukocytes in Blood by Manual count</td></tr><tr><td><a href="http://details.loinc.org/LOINC/30444-4.html">30444-4</a></td><td>Myeloblasts [#/volume] in Blood</td></tr><tr><td><a href="http://details.loinc.org/LOINC/746-8.html">746-8</a></td><td>Myeloblasts [#/volume] in Blood by Manual count</td></tr><tr><td><a href="http://details.loinc.org/LOINC/30445-1.html">30445-1</a></td><td>Myeloblasts/100 leukocytes in Blood</td></tr><tr><td><a href="http://details.loinc.org/LOINC/747-6.html">747-6</a></td><td>Myeloblasts/100 leukocytes in Blood by Manual count</td></tr><tr><td><a href="http://details.loinc.org/LOINC/30446-9.html">30446-9</a></td><td>Myelocytes [#/volume] in Blood</td></tr><tr><td><a href="http://details.loinc.org/LOINC/748-4.html">748-4</a></td><td>Myelocytes [#/volume] in Blood by Manual count</td></tr><tr><td><a href="http://details.loinc.org/LOINC/26498-6.html">26498-6</a></td><td>Myelocytes/100 leukocytes in Blood</td></tr><tr><td><a href="http://details.loinc.org/LOINC/749-2.html">749-2</a></td><td>Myelocytes/100 leukocytes in Blood by Manual count</td></tr><tr><td><a href="http://details.loinc.org/LOINC/71667-0.html">71667-0</a></td><td>Myelocytes/Leukocytes [Pure number fraction] in Blood by Manual count</td></tr><tr><td><a href="http://details.loinc.org/LOINC/26499-4.html">26499-4</a></td><td>Neutrophils [#/volume] in Blood</td></tr><tr><td><a href="http://details.loinc.org/LOINC/751-8.html">751-8</a></td><td>Neutrophils [#/volume] in Blood by Automated count</td></tr><tr><td><a href="http://details.loinc.org/LOINC/753-4.html">753-4</a></td><td>Neutrophils [#/volume] in Blood by Manual count</td></tr><tr><td><a href="http://details.loinc.org/LOINC/26511-6.html">26511-6</a></td><td>Neutrophils/100 leukocytes in Blood</td></tr><tr><td><a href="http://details.loinc.org/LOINC/770-8.html">770-8</a></td><td>Neutrophils/100 leukocytes in Blood by Automated count</td></tr><tr><td><a href="http://details.loinc.org/LOINC/23761-0.html">23761-0</a></td><td>Neutrophils/100 leukocytes in Blood by Manual count</td></tr><tr><td><a href="http://details.loinc.org/LOINC/30458-4.html">30458-4</a></td><td>Plasma cells [#/volume] in Blood</td></tr><tr><td><a href="http://details.loinc.org/LOINC/24103-4.html">24103-4</a></td><td>Plasma cells [#/volume] in Blood by Manual count</td></tr><tr><td><a href="http://details.loinc.org/LOINC/13047-6.html">13047-6</a></td><td>Plasma cells/100 leukocytes in Blood</td></tr><tr><td><a href="http://details.loinc.org/LOINC/79426-3.html">79426-3</a></td><td>Plasma cells/100 leukocytes in Blood by Manual count</td></tr><tr><td><a href="http://details.loinc.org/LOINC/28542-9.html">28542-9</a></td><td>Platelet mean volume [Entitic volume] in Blood</td></tr><tr><td><a href="http://details.loinc.org/LOINC/32623-1.html">32623-1</a></td><td>Platelet mean volume [Entitic volume] in Blood by Automated count</td></tr><tr><td><a href="http://details.loinc.org/LOINC/26515-7.html">26515-7</a></td><td>Platelets [#/volume] in Blood</td></tr><tr><td><a href="http://details.loinc.org/LOINC/777-3.html">777-3</a></td><td>Platelets [#/volume] in Blood by Automated count</td></tr><tr><td><a href="http://details.loinc.org/LOINC/49497-1.html">49497-1</a></td><td>Platelets [#/volume] in Blood by Estimate</td></tr><tr><td><a href="http://details.loinc.org/LOINC/778-1.html">778-1</a></td><td>Platelets [#/volume] in Blood by Manual count</td></tr><tr><td><a href="http://details.loinc.org/LOINC/30465-9.html">30465-9</a></td><td>Prolymphocytes/100 leukocytes in Blood</td></tr><tr><td><a href="http://details.loinc.org/LOINC/6746-2.html">6746-2</a></td><td>Prolymphocytes/100 leukocytes in Blood by Manual count</td></tr><tr><td><a href="http://details.loinc.org/LOINC/34926-6.html">34926-6</a></td><td>Promonocytes [#/volume] in Blood</td></tr><tr><td><a href="http://details.loinc.org/LOINC/33855-8.html">33855-8</a></td><td>Promonocytes [#/volume] in Blood by Manual count</td></tr><tr><td><a href="http://details.loinc.org/LOINC/30466-7.html">30466-7</a></td><td>Promonocytes/100 leukocytes in Blood</td></tr><tr><td><a href="http://details.loinc.org/LOINC/13599-6.html">13599-6</a></td><td>Promonocytes/100 leukocytes in Blood by Manual count</td></tr><tr><td><a href="http://details.loinc.org/LOINC/26523-1.html">26523-1</a></td><td>Promyelocytes [#/volume] in Blood</td></tr><tr><td><a href="http://details.loinc.org/LOINC/781-5.html">781-5</a></td><td>Promyelocytes [#/volume] in Blood by Manual count</td></tr><tr><td><a href="http://details.loinc.org/LOINC/26524-9.html">26524-9</a></td><td>Promyelocytes/100 leukocytes in Blood</td></tr><tr><td><a href="http://details.loinc.org/LOINC/783-1.html">783-1</a></td><td>Promyelocytes/100 leukocytes in Blood by Manual count</td></tr><tr><td><a href="http://details.loinc.org/LOINC/71666-2.html">71666-2</a></td><td>Promyelocytes/Leukocytes [Pure number fraction] in Blood by Manual count</td></tr><tr><td><a href="http://details.loinc.org/LOINC/26453-1.html">26453-1</a></td><td>Erythrocytes [#/volume] in Blood</td></tr><tr><td><a href="http://details.loinc.org/LOINC/789-8.html">789-8</a></td><td>Erythrocytes [#/volume] in Blood by Automated count</td></tr><tr><td><a href="http://details.loinc.org/LOINC/790-6.html">790-6</a></td><td>Erythrocytes [#/volume] in Blood by Manual count</td></tr><tr><td><a href="http://details.loinc.org/LOINC/14196-0.html">14196-0</a></td><td>Reticulocytes [#/volume] in Blood</td></tr><tr><td><a href="http://details.loinc.org/LOINC/60474-4.html">60474-4</a></td><td>Reticulocytes [#/volume] in Blood by Automated count</td></tr><tr><td><a href="http://details.loinc.org/LOINC/40665-2.html">40665-2</a></td><td>Reticulocytes [#/volume] in Blood by Manual count</td></tr><tr><td><a href="http://details.loinc.org/LOINC/26464-8.html">26464-8</a></td><td>Leukocytes [#/volume] in Blood</td></tr><tr><td><a href="http://details.loinc.org/LOINC/6690-2.html">6690-2</a></td><td>Leukocytes [#/volume] in Blood by Automated count</td></tr><tr><td><a href="http://details.loinc.org/LOINC/49498-9.html">49498-9</a></td><td>Leukocytes [#/volume] in Blood by Estimate</td></tr><tr><td><a href="http://details.loinc.org/LOINC/804-5.html">804-5</a></td><td>Leukocytes [#/volume] in Blood by Manual count</td></tr><tr><td><a href="http://details.loinc.org/LOINC/1754-1.html">1754-1</a></td><td>Albumin [Mass/volume] in Urine</td></tr><tr><td><a href="http://details.loinc.org/LOINC/6942-7.html">6942-7</a></td><td>Albumin [Mass/volume] in Urine by Electrophoresis</td></tr><tr><td><a href="http://details.loinc.org/LOINC/77158-4.html">77158-4</a></td><td>Albumin [Moles/volume] in Urine by Detection limit &lt;= 3.0 mg/L</td></tr><tr><td><a href="http://details.loinc.org/LOINC/1751-7.html">1751-7</a></td><td>Albumin [Mass/volume] in Serum or Plasma</td></tr><tr><td><a href="http://details.loinc.org/LOINC/61151-7.html">61151-7</a></td><td>Albumin [Mass/volume] in Serum or Plasma by Bromocresol green (BCG) dye binding method</td></tr><tr><td><a href="http://details.loinc.org/LOINC/61152-5.html">61152-5</a></td><td>Albumin [Mass/volume] in Serum or Plasma by Bromocresol purple (BCP) dye binding method</td></tr><tr><td><a href="http://details.loinc.org/LOINC/2862-1.html">2862-1</a></td><td>Albumin [Mass/volume] in Serum or Plasma by Electrophoresis</td></tr><tr><td><a href="http://details.loinc.org/LOINC/1952-1.html">1952-1</a></td><td>Beta-2-Microglobulin [Mass/volume] in Serum or Plasma</td></tr><tr><td><a href="http://details.loinc.org/LOINC/76484-5.html">76484-5</a></td><td>Beta-2-Microglobulin [Moles/volume] in Serum or Plasma</td></tr><tr><td><a href="http://details.loinc.org/LOINC/35194-0.html">35194-0</a></td><td>Bilirubin.total [Mass or Moles/volume] in Serum or Plasma</td></tr><tr><td><a href="http://details.loinc.org/LOINC/1975-2.html">1975-2</a></td><td>Bilirubin.total [Mass/volume] in Serum or Plasma</td></tr><tr><td><a href="http://details.loinc.org/LOINC/14631-6.html">14631-6</a></td><td>Bilirubin.total [Moles/volume] in Serum or Plasma</td></tr><tr><td><a href="http://details.loinc.org/LOINC/77137-8.html">77137-8</a></td><td>Bilirubin.total [Moles/volume] in Serum, Plasma or Blood</td></tr><tr><td><a href="http://details.loinc.org/LOINC/2532-0.html">2532-0</a></td><td>Lactate dehydrogenase [Enzymatic activity/volume] in Serum or Plasma</td></tr><tr><td><a href="http://details.loinc.org/LOINC/14804-9.html">14804-9</a></td><td>Lactate dehydrogenase [Enzymatic activity/volume] in Serum or Plasma by Lactate to pyruvate reaction</td></tr><tr><td><a href="http://details.loinc.org/LOINC/14805-6.html">14805-6</a></td><td>Lactate dehydrogenase [Enzymatic activity/volume] in Serum or Plasma by Pyruvate to lactate reaction</td></tr><tr><td><a href="http://details.loinc.org/LOINC/35214-6.html">35214-6</a></td><td>Iron [Mass or Moles/volume] in Serum or Plasma</td></tr><tr><td><a href="http://details.loinc.org/LOINC/2498-4.html">2498-4</a></td><td>Iron [Mass/volume] in Serum or Plasma</td></tr><tr><td><a href="http://details.loinc.org/LOINC/14798-3.html">14798-3</a></td><td>Iron [Moles/volume] in Serum or Plasma</td></tr><tr><td><a href="http://details.loinc.org/LOINC/35215-3.html">35215-3</a></td><td>Iron binding capacity [Mass or Moles/volume] in Serum or Plasma</td></tr><tr><td><a href="http://details.loinc.org/LOINC/2500-7.html">2500-7</a></td><td>Iron binding capacity [Mass/volume] in Serum or Plasma</td></tr><tr><td><a href="http://details.loinc.org/LOINC/14800-7.html">14800-7</a></td><td>Iron binding capacity [Moles/volume] in Serum or Plasma</td></tr><tr><td><a href="http://details.loinc.org/LOINC/35209-6.html">35209-6</a></td><td>Ferritin [Mass or Moles/volume] in Serum or Plasma</td></tr><tr><td><a href="http://details.loinc.org/LOINC/24373-3.html">24373-3</a></td><td>Ferritin [Mass/volume] in Blood</td></tr><tr><td><a href="http://details.loinc.org/LOINC/2276-4.html">2276-4</a></td><td>Ferritin [Mass/volume] in Serum or Plasma</td></tr><tr><td><a href="http://details.loinc.org/LOINC/20567-4.html">20567-4</a></td><td>Ferritin [Mass/volume] in Serum or Plasma by Immunoassay</td></tr><tr><td><a href="http://details.loinc.org/LOINC/11150-0.html">11150-0</a></td><td>Blasts/100 cells in Bone marrow</td></tr><tr><td><a href="http://details.loinc.org/LOINC/57028-3.html">57028-3</a></td><td>Iron [Mass/mass] in Liver</td></tr><tr><td><a href="http://details.loinc.org/LOINC/26505-8.html">26505-8</a></td><td>Segmented neutrophils/100 leukocytes in Blood</td></tr><tr><td><a href="http://details.loinc.org/LOINC/32200-8.html">32200-8</a></td><td>Segmented neutrophils/100 leukocytes in Blood by Automated count</td></tr><tr><td><a href="http://details.loinc.org/LOINC/769-0.html">769-0</a></td><td>Segmented neutrophils/100 leukocytes in Blood by Manual count</td></tr><tr><td><a href="http://details.loinc.org/LOINC/4679-7.html">4679-7</a></td><td>Reticulocytes/100 erythrocytes in Blood</td></tr><tr><td><a href="http://details.loinc.org/LOINC/17849-1.html">17849-1</a></td><td>Reticulocytes/100 erythrocytes in Blood by Automated count</td></tr><tr><td><a href="http://details.loinc.org/LOINC/31112-6.html">31112-6</a></td><td>Reticulocytes/100 erythrocytes in Blood by Manual</td></tr><tr><td><a href="http://details.loinc.org/LOINC/708-8.html">708-8</a></td><td>Blasts [#/volume] in Blood by Manual count</td></tr><tr><td><a href="http://details.loinc.org/LOINC/30376-8.html">30376-8</a></td><td>Blasts [#/volume] in Blood</td></tr><tr><td><a href="http://details.loinc.org/LOINC/26444-0.html">26444-0</a></td><td>Basophils [#/volume] in Blood</td></tr><tr><td><a href="http://details.loinc.org/LOINC/704-7.html">704-7</a></td><td>Basophils [#/volume] in Blood by Automated count</td></tr><tr><td><a href="http://details.loinc.org/LOINC/705-4.html">705-4</a></td><td>Basophils [#/volume] in Blood by Manual count</td></tr><tr><td><a href="http://details.loinc.org/LOINC/6863-5.html">6863-5</a></td><td>Prolymphocytes [#/volume] in Blood by Manual count</td></tr></table></li></ul></div>
  </text>
  <url value="http://fhir.nmdp.org/ig/cibmtr-reporting/ValueSet/cibmtr-priority-variables-epic-2021"/>
  <version value="0.1.4a"/>
  <name value="PriorityVariablesEpic2021"/>
  <title value="CIBMTR Priority Variables Value Set for Epic App (FY21)"/>
  <status value="active"/>
  <date value="2022-07-29T16:31:05-05:00"/>
  <publisher value="The Medical College of Wisconsin, Inc. and the National Marrow Donor Program"/>
  <contact>
    <name value="The Medical College of Wisconsin, Inc. and the National Marrow Donor Program"/>
    <telecom>
      <system value="url"/>
      <value value="http://www.cibmtr.org"/>
    </telecom>
  </contact>
  <contact>
    <name value="Bob Milius"/>
    <telecom>
      <system value="email"/>
      <value value="bmilius@nmdp.org"/>
    </telecom>
  </contact>
  <description value="Priority Variables for Epic CIBMTR Reporting App (FY21)"/>
  <compose>
    <include>
      <system value="http://loinc.org"/>
      <concept>
        <code value="26508-2"/>
        <display value="Band form neutrophils/100 leukocytes in Blood"/>
      </concept>
      <concept>
        <code value="35332-6"/>
        <display value="Band form neutrophils/100 leukocytes in Blood by Automated count"/>
      </concept>
      <concept>
        <code value="764-1"/>
        <display value="Band form neutrophils/100 leukocytes in Blood by Manual count"/>
      </concept>
      <concept>
        <code value="30180-4"/>
        <display value="Basophils/100 leukocytes in Blood"/>
      </concept>
      <concept>
        <code value="706-2"/>
        <display value="Basophils/100 leukocytes in Blood by Automated count"/>
      </concept>
      <concept>
        <code value="707-0"/>
        <display value="Basophils/100 leukocytes in Blood by Manual count"/>
      </concept>
      <concept>
        <code value="26446-5"/>
        <display value="Blasts/100 leukocytes in Blood"/>
      </concept>
      <concept>
        <code value="709-6"/>
        <display value="Blasts/100 leukocytes in Blood by Manual count"/>
      </concept>
      <concept>
        <code value="26449-9"/>
        <display value="Eosinophils [#/volume] in Blood"/>
      </concept>
      <concept>
        <code value="711-2"/>
        <display value="Eosinophils [#/volume] in Blood by Automated count"/>
      </concept>
      <concept>
        <code value="712-0"/>
        <display value="Eosinophils [#/volume] in Blood by Manual count"/>
      </concept>
      <concept>
        <code value="26450-7"/>
        <display value="Eosinophils/100 leukocytes in Blood"/>
      </concept>
      <concept>
        <code value="713-8"/>
        <display value="Eosinophils/100 leukocytes in Blood by Automated count"/>
      </concept>
      <concept>
        <code value="714-6"/>
        <display value="Eosinophils/100 leukocytes in Blood by Manual count"/>
      </concept>
      <concept>
        <code value="4576-5"/>
        <display value="Hemoglobin F/Hemoglobin.total in Blood"/>
      </concept>
      <concept>
        <code value="71865-0"/>
        <display value="Hemoglobin F/Hemoglobin.total [Pure mass fraction] in Blood by Electrophoresis"/>
      </concept>
      <concept>
        <code value="71864-3"/>
        <display value="Hemoglobin F/Hemoglobin.total [Pure mass fraction] in Blood by HPLC"/>
      </concept>
      <concept>
        <code value="71863-5"/>
        <display value="Hemoglobin F/Hemoglobin.total [Pure mass fraction] in Blood by Kleihauer-Betke method"/>
      </concept>
      <concept>
        <code value="32682-7"/>
        <display value="Hemoglobin F/Hemoglobin.total in Blood by Electrophoresis"/>
      </concept>
      <concept>
        <code value="38524-5"/>
        <display value="Hemoglobin F/Hemoglobin.total in Blood by Electrophoresis alkaline (pH 8.9)"/>
      </concept>
      <concept>
        <code value="42246-9"/>
        <display value="Hemoglobin F/Hemoglobin.total in Blood by HPLC"/>
      </concept>
      <concept>
        <code value="4633-4"/>
        <display value="Hemoglobin F/Hemoglobin.total in Blood by Kleihauer-Betke method"/>
      </concept>
      <concept>
        <code value="718-7"/>
        <display value="Hemoglobin [Mass/volume] in Blood"/>
      </concept>
      <concept>
        <code value="59260-0"/>
        <display value="Hemoglobin [Moles/volume] in Blood"/>
      </concept>
      <concept>
        <code value="30313-1"/>
        <display value="Hemoglobin [Mass/volume] in Arterial blood"/>
      </concept>
      <concept>
        <code value="14775-1"/>
        <display value="Hemoglobin [Mass/volume] in Arterial blood by Oximetry"/>
      </concept>
      <concept>
        <code value="20509-6"/>
        <display value="Hemoglobin [Mass/volume] in Blood by calculation"/>
      </concept>
      <concept>
        <code value="55782-7"/>
        <display value="Hemoglobin [Mass/volume] in Blood by Oximetry"/>
      </concept>
      <concept>
        <code value="30351-1"/>
        <display value="Hemoglobin [Mass/volume] in Mixed venous blood"/>
      </concept>
      <concept>
        <code value="76768-1"/>
        <display value="Hemoglobin [Mass/volume] in Mixed venous blood by Oximetry"/>
      </concept>
      <concept>
        <code value="30350-3"/>
        <display value="Hemoglobin [Mass/volume] in Venous blood"/>
      </concept>
      <concept>
        <code value="76769-9"/>
        <display value="Hemoglobin [Mass/volume] in Venous blood by Oximetry"/>
      </concept>
      <concept>
        <code value="75928-2"/>
        <display value="Hemoglobin [Moles/volume] in Arterial blood"/>
      </concept>
      <concept>
        <code value="93846-4"/>
        <display value="Hemoglobin [Moles/volume] in Venous blood"/>
      </concept>
      <concept>
        <code value="20570-8"/>
        <display value="Hematocrit [Volume Fraction] of Blood"/>
      </concept>
      <concept>
        <code value="71833-8"/>
        <display value="Hematocrit [Pure volume fraction] of Blood by Automated count"/>
      </concept>
      <concept>
        <code value="71831-2"/>
        <display value="Hematocrit [Pure volume fraction] of Capillary blood"/>
      </concept>
      <concept>
        <code value="71829-6"/>
        <display value="Hematocrit [Pure volume fraction] of Venous blood"/>
      </concept>
      <concept>
        <code value="4544-3"/>
        <display value="Hematocrit [Volume Fraction] of Blood by Automated count"/>
      </concept>
      <concept>
        <code value="4545-0"/>
        <display value="Hematocrit [Volume Fraction] of Blood by Centrifugation"/>
      </concept>
      <concept>
        <code value="48703-3"/>
        <display value="Hematocrit [Volume Fraction] of Blood by Estimated"/>
      </concept>
      <concept>
        <code value="31100-1"/>
        <display value="Hematocrit [Volume Fraction] of Blood by Impedance"/>
      </concept>
      <concept>
        <code value="42908-4"/>
        <display value="Hematocrit [Volume Fraction] of Capillary blood"/>
      </concept>
      <concept>
        <code value="41654-5"/>
        <display value="Hematocrit [Volume Fraction] of Venous blood"/>
      </concept>
      <concept>
        <code value="26474-7"/>
        <display value="Lymphocytes [#/volume] in Blood"/>
      </concept>
      <concept>
        <code value="731-0"/>
        <display value="Lymphocytes [#/volume] in Blood by Automated count"/>
      </concept>
      <concept>
        <code value="732-8"/>
        <display value="Lymphocytes [#/volume] in Blood by Manual count"/>
      </concept>
      <concept>
        <code value="26478-8"/>
        <display value="Lymphocytes/100 leukocytes in Blood"/>
      </concept>
      <concept>
        <code value="736-9"/>
        <display value="Lymphocytes/100 leukocytes in Blood by Automated count"/>
      </concept>
      <concept>
        <code value="737-7"/>
        <display value="Lymphocytes/100 leukocytes in Blood by Manual count"/>
      </concept>
      <concept>
        <code value="30433-7"/>
        <display value="Metamyelocytes [#/volume] in Blood"/>
      </concept>
      <concept>
        <code value="739-3"/>
        <display value="Metamyelocytes [#/volume] in Blood by Manual count"/>
      </concept>
      <concept>
        <code value="28541-1"/>
        <display value="Metamyelocytes/100 leukocytes in Blood"/>
      </concept>
      <concept>
        <code value="740-1"/>
        <display value="Metamyelocytes/100 leukocytes in Blood by Manual count"/>
      </concept>
      <concept>
        <code value="71668-8"/>
        <display value="Metamyelocytes/Leukocytes [Pure number fraction] in Blood by Manual count"/>
      </concept>
      <concept>
        <code value="40651-2"/>
        <display value="Metamyelocytes [Presence] in Blood"/>
      </concept>
      <concept>
        <code value="26484-6"/>
        <display value="Monocytes [#/volume] in Blood"/>
      </concept>
      <concept>
        <code value="742-7"/>
        <display value="Monocytes [#/volume] in Blood by Automated count"/>
      </concept>
      <concept>
        <code value="743-5"/>
        <display value="Monocytes [#/volume] in Blood by Manual count"/>
      </concept>
      <concept>
        <code value="26485-3"/>
        <display value="Monocytes/100 leukocytes in Blood"/>
      </concept>
      <concept>
        <code value="5905-5"/>
        <display value="Monocytes/100 leukocytes in Blood by Automated count"/>
      </concept>
      <concept>
        <code value="744-3"/>
        <display value="Monocytes/100 leukocytes in Blood by Manual count"/>
      </concept>
      <concept>
        <code value="30444-4"/>
        <display value="Myeloblasts [#/volume] in Blood"/>
      </concept>
      <concept>
        <code value="746-8"/>
        <display value="Myeloblasts [#/volume] in Blood by Manual count"/>
      </concept>
      <concept>
        <code value="30445-1"/>
        <display value="Myeloblasts/100 leukocytes in Blood"/>
      </concept>
      <concept>
        <code value="747-6"/>
        <display value="Myeloblasts/100 leukocytes in Blood by Manual count"/>
      </concept>
      <concept>
        <code value="30446-9"/>
        <display value="Myelocytes [#/volume] in Blood"/>
      </concept>
      <concept>
        <code value="748-4"/>
        <display value="Myelocytes [#/volume] in Blood by Manual count"/>
      </concept>
      <concept>
        <code value="26498-6"/>
        <display value="Myelocytes/100 leukocytes in Blood"/>
      </concept>
      <concept>
        <code value="749-2"/>
        <display value="Myelocytes/100 leukocytes in Blood by Manual count"/>
      </concept>
      <concept>
        <code value="71667-0"/>
        <display value="Myelocytes/Leukocytes [Pure number fraction] in Blood by Manual count"/>
      </concept>
      <concept>
        <code value="26499-4"/>
        <display value="Neutrophils [#/volume] in Blood"/>
      </concept>
      <concept>
        <code value="751-8"/>
        <display value="Neutrophils [#/volume] in Blood by Automated count"/>
      </concept>
      <concept>
        <code value="753-4"/>
        <display value="Neutrophils [#/volume] in Blood by Manual count"/>
      </concept>
      <concept>
        <code value="26511-6"/>
        <display value="Neutrophils/100 leukocytes in Blood"/>
      </concept>
      <concept>
        <code value="770-8"/>
        <display value="Neutrophils/100 leukocytes in Blood by Automated count"/>
      </concept>
      <concept>
        <code value="23761-0"/>
        <display value="Neutrophils/100 leukocytes in Blood by Manual count"/>
      </concept>
      <concept>
        <code value="30458-4"/>
        <display value="Plasma cells [#/volume] in Blood"/>
      </concept>
      <concept>
        <code value="24103-4"/>
        <display value="Plasma cells [#/volume] in Blood by Manual count"/>
      </concept>
      <concept>
        <code value="13047-6"/>
        <display value="Plasma cells/100 leukocytes in Blood"/>
      </concept>
      <concept>
        <code value="79426-3"/>
        <display value="Plasma cells/100 leukocytes in Blood by Manual count"/>
      </concept>
      <concept>
        <code value="28542-9"/>
        <display value="Platelet mean volume [Entitic volume] in Blood"/>
      </concept>
      <concept>
        <code value="32623-1"/>
        <display value="Platelet mean volume [Entitic volume] in Blood by Automated count"/>
      </concept>
      <concept>
        <code value="26515-7"/>
        <display value="Platelets [#/volume] in Blood"/>
      </concept>
      <concept>
        <code value="777-3"/>
        <display value="Platelets [#/volume] in Blood by Automated count"/>
      </concept>
      <concept>
        <code value="49497-1"/>
        <display value="Platelets [#/volume] in Blood by Estimate"/>
      </concept>
      <concept>
        <code value="778-1"/>
        <display value="Platelets [#/volume] in Blood by Manual count"/>
      </concept>
      <concept>
        <code value="30465-9"/>
        <display value="Prolymphocytes/100 leukocytes in Blood"/>
      </concept>
      <concept>
        <code value="6746-2"/>
        <display value="Prolymphocytes/100 leukocytes in Blood by Manual count"/>
      </concept>
      <concept>
        <code value="34926-6"/>
        <display value="Promonocytes [#/volume] in Blood"/>
      </concept>
      <concept>
        <code value="33855-8"/>
        <display value="Promonocytes [#/volume] in Blood by Manual count"/>
      </concept>
      <concept>
        <code value="30466-7"/>
        <display value="Promonocytes/100 leukocytes in Blood"/>
      </concept>
      <concept>
        <code value="13599-6"/>
        <display value="Promonocytes/100 leukocytes in Blood by Manual count"/>
      </concept>
      <concept>
        <code value="26523-1"/>
        <display value="Promyelocytes [#/volume] in Blood"/>
      </concept>
      <concept>
        <code value="781-5"/>
        <display value="Promyelocytes [#/volume] in Blood by Manual count"/>
      </concept>
      <concept>
        <code value="26524-9"/>
        <display value="Promyelocytes/100 leukocytes in Blood"/>
      </concept>
      <concept>
        <code value="783-1"/>
        <display value="Promyelocytes/100 leukocytes in Blood by Manual count"/>
      </concept>
      <concept>
        <code value="71666-2"/>
        <display value="Promyelocytes/Leukocytes [Pure number fraction] in Blood by Manual count"/>
      </concept>
      <concept>
        <code value="26453-1"/>
        <display value="Erythrocytes [#/volume] in Blood"/>
      </concept>
      <concept>
        <code value="789-8"/>
        <display value="Erythrocytes [#/volume] in Blood by Automated count"/>
      </concept>
      <concept>
        <code value="790-6"/>
        <display value="Erythrocytes [#/volume] in Blood by Manual count"/>
      </concept>
      <concept>
        <code value="14196-0"/>
        <display value="Reticulocytes [#/volume] in Blood"/>
      </concept>
      <concept>
        <code value="60474-4"/>
        <display value="Reticulocytes [#/volume] in Blood by Automated count"/>
      </concept>
      <concept>
        <code value="40665-2"/>
        <display value="Reticulocytes [#/volume] in Blood by Manual count"/>
      </concept>
      <concept>
        <code value="26464-8"/>
        <display value="Leukocytes [#/volume] in Blood"/>
      </concept>
      <concept>
        <code value="6690-2"/>
        <display value="Leukocytes [#/volume] in Blood by Automated count"/>
      </concept>
      <concept>
        <code value="49498-9"/>
        <display value="Leukocytes [#/volume] in Blood by Estimate"/>
      </concept>
      <concept>
        <code value="804-5"/>
        <display value="Leukocytes [#/volume] in Blood by Manual count"/>
      </concept>
      <concept>
        <code value="1754-1"/>
        <display value="Albumin [Mass/volume] in Urine"/>
      </concept>
      <concept>
        <code value="6942-7"/>
        <display value="Albumin [Mass/volume] in Urine by Electrophoresis"/>
      </concept>
      <concept>
        <code value="77158-4"/>
        <display value="Albumin [Moles/volume] in Urine by Detection limit &lt;= 3.0 mg/L"/>
      </concept>
      <concept>
        <code value="1751-7"/>
        <display value="Albumin [Mass/volume] in Serum or Plasma"/>
      </concept>
      <concept>
        <code value="61151-7"/>
        <display value="Albumin [Mass/volume] in Serum or Plasma by Bromocresol green (BCG) dye binding method"/>
      </concept>
      <concept>
        <code value="61152-5"/>
        <display value="Albumin [Mass/volume] in Serum or Plasma by Bromocresol purple (BCP) dye binding method"/>
      </concept>
      <concept>
        <code value="2862-1"/>
        <display value="Albumin [Mass/volume] in Serum or Plasma by Electrophoresis"/>
      </concept>
      <concept>
        <code value="1952-1"/>
        <display value="Beta-2-Microglobulin [Mass/volume] in Serum or Plasma"/>
      </concept>
      <concept>
        <code value="76484-5"/>
        <display value="Beta-2-Microglobulin [Moles/volume] in Serum or Plasma"/>
      </concept>
      <concept>
        <code value="35194-0"/>
        <display value="Bilirubin.total [Mass or Moles/volume] in Serum or Plasma"/>
      </concept>
      <concept>
        <code value="1975-2"/>
        <display value="Bilirubin.total [Mass/volume] in Serum or Plasma"/>
      </concept>
      <concept>
        <code value="14631-6"/>
        <display value="Bilirubin.total [Moles/volume] in Serum or Plasma"/>
      </concept>
      <concept>
        <code value="77137-8"/>
        <display value="Bilirubin.total [Moles/volume] in Serum, Plasma or Blood"/>
      </concept>
      <concept>
        <code value="2532-0"/>
        <display value="Lactate dehydrogenase [Enzymatic activity/volume] in Serum or Plasma"/>
      </concept>
      <concept>
        <code value="14804-9"/>
        <display value="Lactate dehydrogenase [Enzymatic activity/volume] in Serum or Plasma by Lactate to pyruvate reaction"/>
      </concept>
      <concept>
        <code value="14805-6"/>
        <display value="Lactate dehydrogenase [Enzymatic activity/volume] in Serum or Plasma by Pyruvate to lactate reaction"/>
      </concept>
      <concept>
        <code value="35214-6"/>
        <display value="Iron [Mass or Moles/volume] in Serum or Plasma"/>
      </concept>
      <concept>
        <code value="2498-4"/>
        <display value="Iron [Mass/volume] in Serum or Plasma"/>
      </concept>
      <concept>
        <code value="14798-3"/>
        <display value="Iron [Moles/volume] in Serum or Plasma"/>
      </concept>
      <concept>
        <code value="35215-3"/>
        <display value="Iron binding capacity [Mass or Moles/volume] in Serum or Plasma"/>
      </concept>
      <concept>
        <code value="2500-7"/>
        <display value="Iron binding capacity [Mass/volume] in Serum or Plasma"/>
      </concept>
      <concept>
        <code value="14800-7"/>
        <display value="Iron binding capacity [Moles/volume] in Serum or Plasma"/>
      </concept>
      <concept>
        <code value="35209-6"/>
        <display value="Ferritin [Mass or Moles/volume] in Serum or Plasma"/>
      </concept>
      <concept>
        <code value="24373-3"/>
        <display value="Ferritin [Mass/volume] in Blood"/>
      </concept>
      <concept>
        <code value="2276-4"/>
        <display value="Ferritin [Mass/volume] in Serum or Plasma"/>
      </concept>
      <concept>
        <code value="20567-4"/>
        <display value="Ferritin [Mass/volume] in Serum or Plasma by Immunoassay"/>
      </concept>
      <concept>
        <code value="11150-0"/>
        <display value="Blasts/100 cells in Bone marrow"/>
      </concept>
      <concept>
        <code value="57028-3"/>
        <display value="Iron [Mass/mass] in Liver"/>
      </concept>
      <concept>
        <code value="26505-8"/>
        <display value="Segmented neutrophils/100 leukocytes in Blood"/>
      </concept>
      <concept>
        <code value="32200-8"/>
        <display value="Segmented neutrophils/100 leukocytes in Blood by Automated count"/>
      </concept>
      <concept>
        <code value="769-0"/>
        <display value="Segmented neutrophils/100 leukocytes in Blood by Manual count"/>
      </concept>
      <concept>
        <code value="4679-7"/>
        <display value="Reticulocytes/100 erythrocytes in Blood"/>
      </concept>
      <concept>
        <code value="17849-1"/>
        <display value="Reticulocytes/100 erythrocytes in Blood by Automated count"/>
      </concept>
      <concept>
        <code value="31112-6"/>
        <display value="Reticulocytes/100 erythrocytes in Blood by Manual"/>
      </concept>
      <concept>
        <code value="708-8"/>
        <display value="Blasts [#/volume] in Blood by Manual count"/>
      </concept>
      <concept>
        <code value="30376-8"/>
        <display value="Blasts [#/volume] in Blood"/>
      </concept>
      <concept>
        <code value="26444-0"/>
        <display value="Basophils [#/volume] in Blood"/>
      </concept>
      <concept>
        <code value="704-7"/>
        <display value="Basophils [#/volume] in Blood by Automated count"/>
      </concept>
      <concept>
        <code value="705-4"/>
        <display value="Basophils [#/volume] in Blood by Manual count"/>
      </concept>
      <concept>
        <code value="6863-5"/>
        <display value="Prolymphocytes [#/volume] in Blood by Manual count"/>
      </concept>
    </include>
  </compose>
</ValueSet>