<?xml version="1.0" encoding="UTF-8"?>

<ValueSet xmlns="http://hl7.org/fhir">
  <id value="med-rituximab-vs"/>
  <text>
    <status value="generated"/><div xmlns="http://www.w3.org/1999/xhtml"><ul><li>Include these codes as defined in <a href="http://www.nlm.nih.gov/research/umls/rxnorm"><code>http://www.nlm.nih.gov/research/umls/rxnorm</code></a><table class="none"><tr><td style="white-space:nowrap"><b>Code</b></td><td><b>Display</b></td></tr><tr><td>226754</td><td>Rituxan</td></tr><tr><td>121191</td><td>rituximab</td></tr><tr><td>2105824</td><td>rituximab-abbs</td></tr><tr><td>2105827</td><td>Truxima</td></tr><tr><td>2472325</td><td>rituximab-arrx</td></tr><tr><td>2273510</td><td>rituximab-pvvr</td></tr><tr><td>2472328</td><td>Riabni</td></tr><tr><td>1927886</td><td>Rituxan Hycela</td></tr><tr><td>2273513</td><td>Ruxience</td></tr><tr><td>1657864</td><td>10 ML rituximab 10 MG/ML Injection [Rituxan]</td></tr><tr><td>2105831</td><td>10 ML rituximab-abbs 10 MG/ML Injection [Truxima]</td></tr><tr><td>1657868</td><td>50 ML rituximab 10 MG/ML Injection [Rituxan]</td></tr><tr><td>2105835</td><td>50 ML rituximab-abbs 10 MG/ML Injection [Truxima]</td></tr><tr><td>1927882</td><td>hyaluronidase / rituximab Injectable Product</td></tr><tr><td>1927883</td><td>hyaluronidase / rituximab Injection</td></tr><tr><td>1185345</td><td>Rituxan Injectable Product</td></tr><tr><td>316648</td><td>rituximab 10 MG/ML</td></tr><tr><td>573051</td><td>rituximab 10 MG/ML [Rituxan]</td></tr><tr><td>1657866</td><td>rituximab 10 MG/ML Injection [Rituxan]</td></tr><tr><td>1927881</td><td>rituximab 120 MG/ML</td></tr><tr><td>1157967</td><td>rituximab Injectable Product</td></tr><tr><td>1657861</td><td>rituximab Injection</td></tr><tr><td>1657863</td><td>rituximab Injection [Rituxan]</td></tr><tr><td>2105829</td><td>rituximab Injection [Truxima]</td></tr><tr><td>2105828</td><td>rituximab-abbs 10 MG/ML [Truxima]</td></tr><tr><td>2105833</td><td>rituximab-abbs 10 MG/ML Injection [Truxima]</td></tr><tr><td>2472326</td><td>rituximab-arrx 10 MG/ML</td></tr><tr><td>2273511</td><td>rituximab-pvvr 10 MG/ML</td></tr><tr><td>2105830</td><td>Truxima Injectable Product</td></tr><tr><td>2105825</td><td>rituximab-abbs 10 MG/ML</td></tr></table></li></ul></div>
  </text>
  <url value="http://fhir.nmdp.org/ig/cibmtr-reporting/ValueSet/med-rituximab-vs"/>
  <version value="0.1.5"/>
  <name value="RxNormRituximabVS"/>
  <title value="RxNorm - Rituximab"/>
  <status value="active"/>
  <experimental value="true"/>
  <date value="2023-02-02T12:45:26-06:00"/>
  <publisher value="The Medical College of Wisconsin, Inc. and the National Marrow Donor Program"/>
  <contact>
    <name value="The Medical College of Wisconsin, Inc. and the National Marrow Donor Program"/>
    <telecom>
      <system value="url"/>
      <value value="http://www.cibmtr.org"/>
    </telecom>
  </contact>
  <contact>
    <name value="Bob Milius"/>
    <telecom>
      <system value="email"/>
      <value value="bmilius@nmdp.org"/>
    </telecom>
  </contact>
  <description value="RxNorm codes for Rituximab"/>
  <compose>
    <include>
      <system value="http://www.nlm.nih.gov/research/umls/rxnorm"/>
      <concept>
        <code value="226754"/>
        <display value="Rituxan"/>
      </concept>
      <concept>
        <code value="121191"/>
        <display value="rituximab"/>
      </concept>
      <concept>
        <code value="2105824"/>
        <display value="rituximab-abbs"/>
      </concept>
      <concept>
        <code value="2105827"/>
        <display value="Truxima"/>
      </concept>
      <concept>
        <code value="2472325"/>
        <display value="rituximab-arrx"/>
      </concept>
      <concept>
        <code value="2273510"/>
        <display value="rituximab-pvvr"/>
      </concept>
      <concept>
        <code value="2472328"/>
        <display value="Riabni"/>
      </concept>
      <concept>
        <code value="1927886"/>
        <display value="Rituxan Hycela"/>
      </concept>
      <concept>
        <code value="2273513"/>
        <display value="Ruxience"/>
      </concept>
      <concept>
        <code value="1657864"/>
        <display value="10 ML rituximab 10 MG/ML Injection [Rituxan]"/>
      </concept>
      <concept>
        <code value="2105831"/>
        <display value="10 ML rituximab-abbs 10 MG/ML Injection [Truxima]"/>
      </concept>
      <concept>
        <code value="1657868"/>
        <display value="50 ML rituximab 10 MG/ML Injection [Rituxan]"/>
      </concept>
      <concept>
        <code value="2105835"/>
        <display value="50 ML rituximab-abbs 10 MG/ML Injection [Truxima]"/>
      </concept>
      <concept>
        <code value="1927882"/>
        <display value="hyaluronidase / rituximab Injectable Product"/>
      </concept>
      <concept>
        <code value="1927883"/>
        <display value="hyaluronidase / rituximab Injection"/>
      </concept>
      <concept>
        <code value="1185345"/>
        <display value="Rituxan Injectable Product"/>
      </concept>
      <concept>
        <code value="316648"/>
        <display value="rituximab 10 MG/ML"/>
      </concept>
      <concept>
        <code value="573051"/>
        <display value="rituximab 10 MG/ML [Rituxan]"/>
      </concept>
      <concept>
        <code value="1657866"/>
        <display value="rituximab 10 MG/ML Injection [Rituxan]"/>
      </concept>
      <concept>
        <code value="1927881"/>
        <display value="rituximab 120 MG/ML"/>
      </concept>
      <concept>
        <code value="1157967"/>
        <display value="rituximab Injectable Product"/>
      </concept>
      <concept>
        <code value="1657861"/>
        <display value="rituximab Injection"/>
      </concept>
      <concept>
        <code value="1657863"/>
        <display value="rituximab Injection [Rituxan]"/>
      </concept>
      <concept>
        <code value="2105829"/>
        <display value="rituximab Injection [Truxima]"/>
      </concept>
      <concept>
        <code value="2105828"/>
        <display value="rituximab-abbs 10 MG/ML [Truxima]"/>
      </concept>
      <concept>
        <code value="2105833"/>
        <display value="rituximab-abbs 10 MG/ML Injection [Truxima]"/>
      </concept>
      <concept>
        <code value="2472326"/>
        <display value="rituximab-arrx 10 MG/ML"/>
      </concept>
      <concept>
        <code value="2273511"/>
        <display value="rituximab-pvvr 10 MG/ML"/>
      </concept>
      <concept>
        <code value="2105830"/>
        <display value="Truxima Injectable Product"/>
      </concept>
      <concept>
        <code value="2105825"/>
        <display value="rituximab-abbs 10 MG/ML"/>
      </concept>
    </include>
  </compose>
</ValueSet>