<?xml version="1.0" encoding="UTF-8"?>

<ValueSet xmlns="http://hl7.org/fhir">
  <id value="med-prep-regimen-vs"/>
  <text>
    <status value="generated"/><div xmlns="http://www.w3.org/1999/xhtml"><ul><li>Include these codes as defined in <a href="http://www.nlm.nih.gov/research/umls/rxnorm"><code>http://www.nlm.nih.gov/research/umls/rxnorm</code></a><table class="none"><tr><td style="white-space:nowrap"><b>Code</b></td><td><b>Display</b></td></tr><tr><td>1008080</td><td>aspirin / methylprednisolone</td></tr><tr><td>10473</td><td>thiotepa</td></tr><tr><td>105551</td><td>busulfan 2 MG Oral Tablet [Myleran]</td></tr><tr><td>105552</td><td>carmustine 100 MG Injection [BiCNU]</td></tr><tr><td>105562</td><td>melphalan 2 MG Oral Tablet [Alkeran]</td></tr><tr><td>105567</td><td>treosulfan 250 MG Oral Capsule</td></tr><tr><td>105607</td><td>pentostatin 10 MG Injection [Nipent]</td></tr><tr><td>106991</td><td>lidocaine / methylprednisolone</td></tr><tr><td>107005</td><td>methylprednisolone / neomycin</td></tr><tr><td>1100385</td><td>methylprednisolone acetate 0.01 MG/MG</td></tr><tr><td>1100386</td><td>methylprednisolone Topical Gel</td></tr><tr><td>1100387</td><td>methylprednisolone acetate 0.01 MG/MG Topical Gel</td></tr><tr><td>1100388</td><td>HybriSil</td></tr><tr><td>1100389</td><td>methylprednisolone acetate 0.01 MG/MG [HybriSil]</td></tr><tr><td>1100390</td><td>methylprednisolone Topical Gel [HybriSil]</td></tr><tr><td>1100391</td><td>methylprednisolone acetate 0.01 MG/MG Topical Gel [HybriSil]</td></tr><tr><td>1114693</td><td>bendamustine hydrochloride</td></tr><tr><td>1148918</td><td>gemcitabine 38 MG/ML</td></tr><tr><td>1151374</td><td>busulfan Injectable Product</td></tr><tr><td>1151375</td><td>busulfan Oral Product</td></tr><tr><td>1151376</td><td>busulfan Pill</td></tr><tr><td>1151413</td><td>carmustine Drug Implant Product</td></tr><tr><td>1151483</td><td>cytarabine Injectable Product</td></tr><tr><td>1151727</td><td>carmustine Injectable Product</td></tr><tr><td>1156104</td><td>carboplatin Injectable Product</td></tr><tr><td>1156181</td><td>cyclophosphamide Injectable Product</td></tr><tr><td>1156182</td><td>cyclophosphamide Oral Product</td></tr><tr><td>1156183</td><td>cyclophosphamide Pill</td></tr><tr><td>1156288</td><td>ifosfamide Injectable Product</td></tr><tr><td>1156487</td><td>thiotepa Injectable Product</td></tr><tr><td>1156710</td><td>gemcitabine Injectable Product</td></tr><tr><td>1157928</td><td>etoposide Injectable Product</td></tr><tr><td>1157929</td><td>etoposide Oral Product</td></tr><tr><td>1157930</td><td>etoposide Pill</td></tr><tr><td>1157967</td><td>rituximab Injectable Product</td></tr><tr><td>1159787</td><td>melphalan Injectable Product</td></tr><tr><td>1159788</td><td>melphalan Oral Product</td></tr><tr><td>1159789</td><td>melphalan Pill</td></tr><tr><td>1160009</td><td>bendamustine Injectable Product</td></tr><tr><td>1162765</td><td>treosulfan Injectable Product</td></tr><tr><td>1162766</td><td>treosulfan Oral Product</td></tr><tr><td>1162767</td><td>treosulfan Pill</td></tr><tr><td>1163485</td><td>methylprednisolone / neomycin Topical Product</td></tr><tr><td>1163486</td><td>methylprednisolone Injectable Product</td></tr><tr><td>1163488</td><td>methylprednisolone Oral Product</td></tr><tr><td>1163489</td><td>methylprednisolone Pill</td></tr><tr><td>1163491</td><td>methylprednisolone Topical Product</td></tr><tr><td>1163761</td><td>clofarabine Injectable Product</td></tr><tr><td>1164046</td><td>lidocaine / methylprednisolone Injectable Product</td></tr><tr><td>1165043</td><td>fludarabine Injectable Product</td></tr><tr><td>1165044</td><td>fludarabine Oral Product</td></tr><tr><td>1165045</td><td>fludarabine Pill</td></tr><tr><td>1165319</td><td>lomustine Oral Product</td></tr><tr><td>1165320</td><td>lomustine Pill</td></tr><tr><td>1165408</td><td>pentostatin Injectable Product</td></tr><tr><td>1165881</td><td>A-MethaPred Injectable Product</td></tr><tr><td>1167136</td><td>Ifex Injectable Product</td></tr><tr><td>1168702</td><td>Busulfex Injectable Product</td></tr><tr><td>1171232</td><td>Gliadel Drug Implant Product</td></tr><tr><td>1172713</td><td>HybriSil Topical Product</td></tr><tr><td>1173022</td><td>Clolar Injectable Product</td></tr><tr><td>1173110</td><td>Depo-Medrol Injectable Product</td></tr><tr><td>1173621</td><td>BiCNU Injectable Product</td></tr><tr><td>1176189</td><td>Alkeran Injectable Product</td></tr><tr><td>1176190</td><td>Alkeran Oral Product</td></tr><tr><td>1176191</td><td>Alkeran Pill</td></tr><tr><td>1178005</td><td>Toposar Injectable Product</td></tr><tr><td>1179668</td><td>Treanda Injectable Product</td></tr><tr><td>1182364</td><td>Paraplatin Injectable Product</td></tr><tr><td>1183796</td><td>Medrol Oral Product</td></tr><tr><td>1183797</td><td>Medrol Pill</td></tr><tr><td>1183920</td><td>Nipent Injectable Product</td></tr><tr><td>1184840</td><td>Solu-Medrol Injectable Product</td></tr><tr><td>1185345</td><td>Rituxan Injectable Product</td></tr><tr><td>1185666</td><td>Myleran Oral Product</td></tr><tr><td>1185667</td><td>Myleran Pill</td></tr><tr><td>121191</td><td>rituximab</td></tr><tr><td>12574</td><td>gemcitabine</td></tr><tr><td>134547</td><td>bendamustine</td></tr><tr><td>1357886</td><td>methylprednisolone 2000 MG Injection</td></tr><tr><td>1357888</td><td>methylprednisolone 2000 MG Injection [Solu-Medrol]</td></tr><tr><td>1358496</td><td>methylprednisolone acetate 40 MG/ML</td></tr><tr><td>1358497</td><td>lidocaine / methylprednisolone Injectable Suspension</td></tr><tr><td>1358498</td><td>lidocaine hydrochloride 10 MG/ML / methylprednisolone acetate 40 MG/ML Injectable Suspension</td></tr><tr><td>1358509</td><td>methylprednisolone acetate 20 MG/ML</td></tr><tr><td>1358510</td><td>methylprednisolone acetate 20 MG/ML Injectable Suspension</td></tr><tr><td>1358511</td><td>methylprednisolone acetate 20 MG/ML [Depo-Medrol]</td></tr><tr><td>1358512</td><td>methylprednisolone acetate 20 MG/ML Injectable Suspension [Depo-Medrol]</td></tr><tr><td>1358610</td><td>methylprednisolone acetate 40 MG/ML Injectable Suspension</td></tr><tr><td>1358611</td><td>methylprednisolone acetate 40 MG/ML [Depo-Medrol]</td></tr><tr><td>1358612</td><td>methylprednisolone acetate 40 MG/ML Injectable Suspension [Depo-Medrol]</td></tr><tr><td>1358616</td><td>methylprednisolone acetate 80 MG/ML</td></tr><tr><td>1358617</td><td>methylprednisolone acetate 80 MG/ML Injectable Suspension</td></tr><tr><td>1358618</td><td>methylprednisolone acetate 80 MG/ML [Depo-Medrol]</td></tr><tr><td>1358619</td><td>methylprednisolone acetate 80 MG/ML Injectable Suspension [Depo-Medrol]</td></tr><tr><td>1366537</td><td>Tepadina</td></tr><tr><td>1437967</td><td>cyclophosphamide Oral Capsule</td></tr><tr><td>1437968</td><td>cyclophosphamide 25 MG Oral Capsule</td></tr><tr><td>1437969</td><td>cyclophosphamide 50 MG Oral Capsule</td></tr><tr><td>151325</td><td>Alkeran</td></tr><tr><td>152115</td><td>Nipent</td></tr><tr><td>152200</td><td>Paraplatin</td></tr><tr><td>1545771</td><td>Gleostine</td></tr><tr><td>1545772</td><td>lomustine 10 MG [Gleostine]</td></tr><tr><td>1545773</td><td>lomustine Oral Capsule [Gleostine]</td></tr><tr><td>1545774</td><td>Gleostine Oral Product</td></tr><tr><td>1545775</td><td>Gleostine Pill</td></tr><tr><td>1545776</td><td>lomustine 10 MG Oral Capsule [Gleostine]</td></tr><tr><td>1545777</td><td>lomustine 100 MG [Gleostine]</td></tr><tr><td>1545778</td><td>lomustine 100 MG Oral Capsule [Gleostine]</td></tr><tr><td>1545779</td><td>lomustine 40 MG [Gleostine]</td></tr><tr><td>1545780</td><td>lomustine 40 MG Oral Capsule [Gleostine]</td></tr><tr><td>1545988</td><td>cyclophosphamide anhydrous</td></tr><tr><td>155323</td><td>methylprednisolone acetate</td></tr><tr><td>1657861</td><td>rituximab Injection</td></tr><tr><td>1657862</td><td>10 ML rituximab 10 MG/ML Injection</td></tr><tr><td>1657863</td><td>rituximab Injection [Rituxan]</td></tr><tr><td>1657864</td><td>10 ML rituximab 10 MG/ML Injection [Rituxan]</td></tr><tr><td>1657867</td><td>50 ML rituximab 10 MG/ML Injection</td></tr><tr><td>1657868</td><td>50 ML rituximab 10 MG/ML Injection [Rituxan]</td></tr><tr><td>1660002</td><td>thiotepa 100 MG</td></tr><tr><td>1660003</td><td>thiotepa Injection</td></tr><tr><td>1660004</td><td>thiotepa 100 MG Injection</td></tr><tr><td>1660008</td><td>thiotepa 15 MG</td></tr><tr><td>1660009</td><td>thiotepa 15 MG Injection</td></tr><tr><td>1718998</td><td>gemcitabine 200 MG</td></tr><tr><td>1718999</td><td>gemcitabine Injection</td></tr><tr><td>1719000</td><td>gemcitabine 200 MG Injection</td></tr><tr><td>1719002</td><td>gemcitabine 1000 MG</td></tr><tr><td>1719003</td><td>gemcitabine 1000 MG Injection</td></tr><tr><td>1719004</td><td>gemcitabine 2000 MG</td></tr><tr><td>1719005</td><td>gemcitabine 2000 MG Injection</td></tr><tr><td>1720734</td><td>lomustine 5 MG</td></tr><tr><td>1720735</td><td>lomustine 5 MG Oral Capsule</td></tr><tr><td>1720736</td><td>lomustine 5 MG [Gleostine]</td></tr><tr><td>1720737</td><td>lomustine 5 MG Oral Capsule [Gleostine]</td></tr><tr><td>1720960</td><td>26.3 ML gemcitabine 38 MG/ML Injection</td></tr><tr><td>1720975</td><td>52.6 ML gemcitabine 38 MG/ML Injection</td></tr><tr><td>1720977</td><td>5.26 ML gemcitabine 38 MG/ML Injection</td></tr><tr><td>1726096</td><td>bendamustine hydrochloride 25 MG/ML</td></tr><tr><td>1726097</td><td>bendamustine hydrochloride 25 MG/ML Injectable Solution</td></tr><tr><td>1726098</td><td>Bendeka</td></tr><tr><td>1726099</td><td>bendamustine hydrochloride 25 MG/ML [Bendeka]</td></tr><tr><td>1726100</td><td>bendamustine Injectable Solution [Bendeka]</td></tr><tr><td>1726101</td><td>Bendeka Injectable Product</td></tr><tr><td>1726102</td><td>bendamustine hydrochloride 25 MG/ML Injectable Solution [Bendeka]</td></tr><tr><td>1729351</td><td>busulfan Injection</td></tr><tr><td>1729353</td><td>busulfan Injection [Busulfex]</td></tr><tr><td>1729367</td><td>carmustine 100 MG</td></tr><tr><td>1729368</td><td>carmustine Injection</td></tr><tr><td>1729370</td><td>carmustine 100 MG [BiCNU]</td></tr><tr><td>1729371</td><td>carmustine Injection [BiCNU]</td></tr><tr><td>1731354</td><td>cytarabine Injection</td></tr><tr><td>1731355</td><td>5 ML cytarabine 20 MG/ML Injection</td></tr><tr><td>1734339</td><td>etoposide Injection</td></tr><tr><td>1734340</td><td>etoposide 100 MG Injection</td></tr><tr><td>1734342</td><td>etoposide 100 MG [Etopophos]</td></tr><tr><td>1734343</td><td>etoposide Injection [Etopophos]</td></tr><tr><td>1734344</td><td>Etopophos Injectable Product</td></tr><tr><td>1734915</td><td>cyclophosphamide 500 MG</td></tr><tr><td>1734916</td><td>cyclophosphamide Injection</td></tr><tr><td>1734917</td><td>cyclophosphamide 500 MG Injection</td></tr><tr><td>1734918</td><td>cyclophosphamide 1000 MG</td></tr><tr><td>1734919</td><td>cyclophosphamide 1000 MG Injection</td></tr><tr><td>1734920</td><td>cyclophosphamide 2000 MG</td></tr><tr><td>1734921</td><td>cyclophosphamide 2000 MG Injection</td></tr><tr><td>1740862</td><td>fludarabine phosphate 50 MG</td></tr><tr><td>1740863</td><td>fludarabine Injection</td></tr><tr><td>1740864</td><td>fludarabine phosphate 50 MG Injection</td></tr><tr><td>1740865</td><td>2 ML fludarabine phosphate 25 MG/ML Injection</td></tr><tr><td>1740948</td><td>melphalan 50 MG</td></tr><tr><td>1740949</td><td>melphalan Injection</td></tr><tr><td>1740951</td><td>melphalan 50 MG [Alkeran]</td></tr><tr><td>1740952</td><td>melphalan Injection [Alkeran]</td></tr><tr><td>1743702</td><td>methylprednisolone 125 MG</td></tr><tr><td>1743703</td><td>methylprednisolone Injection</td></tr><tr><td>1743704</td><td>methylprednisolone 125 MG Injection</td></tr><tr><td>1743705</td><td>methylprednisolone 125 MG [Solu-Medrol]</td></tr><tr><td>1743706</td><td>methylprednisolone Injection [Solu-Medrol]</td></tr><tr><td>1743707</td><td>methylprednisolone 125 MG Injection [Solu-Medrol]</td></tr><tr><td>1743719</td><td>methylprednisolone 500 MG</td></tr><tr><td>1743720</td><td>methylprednisolone 500 MG Injection</td></tr><tr><td>1743721</td><td>methylprednisolone 500 MG [Solu-Medrol]</td></tr><tr><td>1743722</td><td>methylprednisolone 500 MG Injection [Solu-Medrol]</td></tr><tr><td>1743725</td><td>methylprednisolone 1000 MG</td></tr><tr><td>1743726</td><td>methylprednisolone 1000 MG Injection</td></tr><tr><td>1743727</td><td>methylprednisolone 1000 MG [Solu-Medrol]</td></tr><tr><td>1743729</td><td>methylprednisolone 1000 MG Injection [Solu-Medrol]</td></tr><tr><td>1743779</td><td>1 ML methylprednisolone acetate 40 MG/ML Injection</td></tr><tr><td>1743780</td><td>methylprednisolone Injection [Depo-Medrol]</td></tr><tr><td>1743781</td><td>1 ML methylprednisolone acetate 40 MG/ML Injection [Depo-Medrol]</td></tr><tr><td>1743855</td><td>1 ML methylprednisolone acetate 80 MG/ML Injection</td></tr><tr><td>1743856</td><td>1 ML methylprednisolone acetate 80 MG/ML Injection [Depo-Medrol]</td></tr><tr><td>1744013</td><td>methylprednisolone 2000 MG</td></tr><tr><td>1744015</td><td>methylprednisolone 2000 MG [Solu-Medrol]</td></tr><tr><td>1744018</td><td>methylprednisolone 40 MG [Solu-Medrol]</td></tr><tr><td>1744020</td><td>methylprednisolone 40 MG [A-MethaPred]</td></tr><tr><td>1744021</td><td>methylprednisolone Injection [A-MethaPred]</td></tr><tr><td>1744024</td><td>methylprednisolone 125 MG [A-MethaPred]</td></tr><tr><td>1745086</td><td>Evomela</td></tr><tr><td>1745087</td><td>melphalan 50 MG [Evomela]</td></tr><tr><td>1745088</td><td>melphalan Injection [Evomela]</td></tr><tr><td>1745089</td><td>Evomela Injectable Product</td></tr><tr><td>1745090</td><td>melphalan 50 MG Injection [Evomela]</td></tr><tr><td>1791586</td><td>ifosfamide 3000 MG</td></tr><tr><td>1791587</td><td>ifosfamide Injection</td></tr><tr><td>1791588</td><td>ifosfamide 3000 MG Injection</td></tr><tr><td>1791589</td><td>ifosfamide 3000 MG [Ifex]</td></tr><tr><td>1791590</td><td>ifosfamide Injection [Ifex]</td></tr><tr><td>1791591</td><td>ifosfamide 3000 MG Injection [Ifex]</td></tr><tr><td>1791592</td><td>ifosfamide 1000 MG</td></tr><tr><td>1791593</td><td>ifosfamide 1000 MG Injection</td></tr><tr><td>1791594</td><td>ifosfamide 1000 MG [Ifex]</td></tr><tr><td>1791595</td><td>ifosfamide 1000 MG Injection [Ifex]</td></tr><tr><td>1791597</td><td>60 ML ifosfamide 50 MG/ML Injection</td></tr><tr><td>1791599</td><td>20 ML ifosfamide 50 MG/ML Injection</td></tr><tr><td>1794543</td><td>pentostatin 10 MG</td></tr><tr><td>1794544</td><td>pentostatin Injection</td></tr><tr><td>1794546</td><td>pentostatin 10 MG [Nipent]</td></tr><tr><td>1794547</td><td>pentostatin Injection [Nipent]</td></tr><tr><td>1804999</td><td>bendamustine hydrochloride 100 MG</td></tr><tr><td>1805000</td><td>bendamustine Injection</td></tr><tr><td>1805001</td><td>bendamustine hydrochloride 100 MG Injection</td></tr><tr><td>1805002</td><td>bendamustine hydrochloride 100 MG [Treanda]</td></tr><tr><td>1805003</td><td>bendamustine Injection [Treanda]</td></tr><tr><td>1805004</td><td>bendamustine hydrochloride 100 MG Injection [Treanda]</td></tr><tr><td>1805006</td><td>bendamustine hydrochloride 25 MG</td></tr><tr><td>1805007</td><td>bendamustine hydrochloride 25 MG Injection</td></tr><tr><td>1805008</td><td>bendamustine hydrochloride 25 MG [Treanda]</td></tr><tr><td>1805009</td><td>bendamustine hydrochloride 25 MG Injection [Treanda]</td></tr><tr><td>1806666</td><td>clofarabine Injection</td></tr><tr><td>1806668</td><td>clofarabine Injection [Clolar]</td></tr><tr><td>1828</td><td>busulfan</td></tr><tr><td>1919206</td><td>thiotepa 100 MG [Tepadina]</td></tr><tr><td>1919207</td><td>thiotepa Injection [Tepadina]</td></tr><tr><td>1919208</td><td>Tepadina Injectable Product</td></tr><tr><td>1919209</td><td>thiotepa 100 MG Injection [Tepadina]</td></tr><tr><td>1919210</td><td>thiotepa 15 MG [Tepadina]</td></tr><tr><td>1919211</td><td>thiotepa 15 MG Injection [Tepadina]</td></tr><tr><td>1927881</td><td>rituximab 120 MG/ML</td></tr><tr><td>1927882</td><td>hyaluronidase / rituximab Injectable Product</td></tr><tr><td>1927883</td><td>hyaluronidase / rituximab Injection</td></tr><tr><td>1927884</td><td>hyaluronidase / rituximab</td></tr><tr><td>1927885</td><td>11.7 ML hyaluronidase, human recombinant 2000 UNT/ML / rituximab 120 MG/ML Injection</td></tr><tr><td>1927886</td><td>Rituxan Hycela</td></tr><tr><td>1927887</td><td>hyaluronidase, human recombinant 2000 UNT/ML / rituximab 120 MG/ML [Rituxan Hycela]</td></tr><tr><td>1927888</td><td>hyaluronidase / rituximab Injection [Rituxan Hycela]</td></tr><tr><td>1927889</td><td>Rituxan Hycela Injectable Product</td></tr><tr><td>1927890</td><td>11.7 ML hyaluronidase, human recombinant 2000 UNT/ML / rituximab 120 MG/ML Injection [Rituxan Hycela]</td></tr><tr><td>1927893</td><td>13.4 ML hyaluronidase, human recombinant 2000 UNT/ML / rituximab 120 MG/ML Injection</td></tr><tr><td>1927894</td><td>13.4 ML hyaluronidase, human recombinant 2000 UNT/ML / rituximab 120 MG/ML Injection [Rituxan Hycela]</td></tr><tr><td>1942738</td><td>cytarabine liposome 100 MG</td></tr><tr><td>1942743</td><td>cytarabine liposome 100 MG / daunorubicin liposomal 44 MG Injection</td></tr><tr><td>1942744</td><td>Vyxeos</td></tr><tr><td>1942745</td><td>cytarabine liposome 100 MG / daunorubicin liposomal 44 MG [Vyxeos]</td></tr><tr><td>1942747</td><td>Vyxeos Injectable Product</td></tr><tr><td>1942748</td><td>cytarabine liposome 100 MG / daunorubicin liposomal 44 MG Injection [Vyxeos]</td></tr><tr><td>197422</td><td>busulfan 2 MG Oral Tablet</td></tr><tr><td>197549</td><td>cyclophosphamide 25 MG Oral Tablet</td></tr><tr><td>197550</td><td>cyclophosphamide 50 MG Oral Tablet</td></tr><tr><td>197687</td><td>etoposide 50 MG Oral Capsule</td></tr><tr><td>197894</td><td>lomustine 10 MG Oral Capsule</td></tr><tr><td>197895</td><td>lomustine 100 MG Oral Capsule</td></tr><tr><td>197896</td><td>lomustine 40 MG Oral Capsule</td></tr><tr><td>197919</td><td>melphalan 2 MG Oral Tablet</td></tr><tr><td>197969</td><td>methylprednisolone 2 MG Oral Tablet</td></tr><tr><td>197971</td><td>methylprednisolone 32 MG Oral Tablet</td></tr><tr><td>197973</td><td>methylprednisolone 8 MG Oral Tablet</td></tr><tr><td>199315</td><td>etoposide 100 MG Oral Capsule</td></tr><tr><td>199771</td><td>methylprednisolone 100 MG Oral Tablet</td></tr><tr><td>1998781</td><td>gemcitabine 100 MG/ML</td></tr><tr><td>1998782</td><td>gemcitabine Injectable Solution</td></tr><tr><td>1998783</td><td>gemcitabine 100 MG/ML Injectable Solution</td></tr><tr><td>2017575</td><td>cytarabine / daunorubicin</td></tr><tr><td>202702</td><td>Medrol</td></tr><tr><td>203010</td><td>Myleran</td></tr><tr><td>203189</td><td>methylprednisolone sodium succinate</td></tr><tr><td>203856</td><td>Solu-Medrol</td></tr><tr><td>203857</td><td>A-MethaPred</td></tr><tr><td>2058857</td><td>gemcitabine 10 MG/ML</td></tr><tr><td>2058858</td><td>120 ML gemcitabine 10 MG/ML Injection</td></tr><tr><td>2058859</td><td>Infugem</td></tr><tr><td>2058860</td><td>gemcitabine 10 MG/ML [Infugem]</td></tr><tr><td>2058861</td><td>gemcitabine Injection [Infugem]</td></tr><tr><td>2058862</td><td>Infugem Injectable Product</td></tr><tr><td>2058863</td><td>120 ML gemcitabine 10 MG/ML Injection [Infugem]</td></tr><tr><td>2058866</td><td>140 ML gemcitabine 10 MG/ML Injection</td></tr><tr><td>2058867</td><td>140 ML gemcitabine 10 MG/ML Injection [Infugem]</td></tr><tr><td>2058880</td><td>150 ML gemcitabine 10 MG/ML Injection</td></tr><tr><td>2058881</td><td>150 ML gemcitabine 10 MG/ML Injection [Infugem]</td></tr><tr><td>2058882</td><td>160 ML gemcitabine 10 MG/ML Injection</td></tr><tr><td>2058883</td><td>160 ML gemcitabine 10 MG/ML Injection [Infugem]</td></tr><tr><td>2058890</td><td>170 ML gemcitabine 10 MG/ML Injection</td></tr><tr><td>2058891</td><td>170 ML gemcitabine 10 MG/ML Injection [Infugem]</td></tr><tr><td>2058892</td><td>180 ML gemcitabine 10 MG/ML Injection</td></tr><tr><td>2058893</td><td>180 ML gemcitabine 10 MG/ML Injection [Infugem]</td></tr><tr><td>2058894</td><td>190 ML gemcitabine 10 MG/ML Injection</td></tr><tr><td>2058895</td><td>190 ML gemcitabine 10 MG/ML Injection [Infugem]</td></tr><tr><td>2058912</td><td>130 ML gemcitabine 10 MG/ML Injection</td></tr><tr><td>2058918</td><td>130 ML gemcitabine 10 MG/ML Injection [Infugem]</td></tr><tr><td>2058927</td><td>200 ML gemcitabine 10 MG/ML Injection</td></tr><tr><td>2058928</td><td>200 ML gemcitabine 10 MG/ML Injection [Infugem]</td></tr><tr><td>2058933</td><td>220 ML gemcitabine 10 MG/ML Injection</td></tr><tr><td>2058934</td><td>220 ML gemcitabine 10 MG/ML Injection [Infugem]</td></tr><tr><td>206831</td><td>etoposide 20 MG/ML Injectable Solution [Toposar]</td></tr><tr><td>207136</td><td>methylprednisolone 2 MG Oral Tablet [Medrol]</td></tr><tr><td>207137</td><td>methylprednisolone 8 MG Oral Tablet [Medrol]</td></tr><tr><td>207138</td><td>methylprednisolone 16 MG Oral Tablet [Medrol]</td></tr><tr><td>207141</td><td>methylprednisolone 32 MG Oral Tablet [Medrol]</td></tr><tr><td>207190</td><td>methylprednisolone 40 MG Injection [A-MethaPred]</td></tr><tr><td>207191</td><td>methylprednisolone 40 MG Injection [Solu-Medrol]</td></tr><tr><td>207192</td><td>methylprednisolone 125 MG Injection [A-MethaPred]</td></tr><tr><td>207193</td><td>methylprednisolone 62.5 MG/ML Injectable Solution [Solu-Medrol]</td></tr><tr><td>2105</td><td>carmustine</td></tr><tr><td>2105824</td><td>rituximab-abbs</td></tr><tr><td>2105825</td><td>rituximab-abbs 10 MG/ML</td></tr><tr><td>2105826</td><td>10 ML rituximab-abbs 10 MG/ML Injection</td></tr><tr><td>2105827</td><td>Truxima</td></tr><tr><td>2105828</td><td>rituximab-abbs 10 MG/ML [Truxima]</td></tr><tr><td>2105829</td><td>rituximab Injection [Truxima]</td></tr><tr><td>2105830</td><td>Truxima Injectable Product</td></tr><tr><td>2105831</td><td>10 ML rituximab-abbs 10 MG/ML Injection [Truxima]</td></tr><tr><td>2105834</td><td>50 ML rituximab-abbs 10 MG/ML Injection</td></tr><tr><td>2105835</td><td>50 ML rituximab-abbs 10 MG/ML Injection [Truxima]</td></tr><tr><td>212994</td><td>carmustine 7.7 MG Drug Implant [Gliadel]</td></tr><tr><td>217357</td><td>Gliadel</td></tr><tr><td>217701</td><td>Ifex</td></tr><tr><td>2178262</td><td>Belrapzo</td></tr><tr><td>2178263</td><td>bendamustine hydrochloride 25 MG/ML [Belrapzo]</td></tr><tr><td>2178264</td><td>bendamustine Injectable Solution [Belrapzo]</td></tr><tr><td>2178265</td><td>Belrapzo Injectable Product</td></tr><tr><td>2178266</td><td>bendamustine hydrochloride 25 MG/ML Injectable Solution [Belrapzo]</td></tr><tr><td>220347</td><td>Toposar</td></tr><tr><td>221085</td><td>cyclophosphamide lyophilized</td></tr><tr><td>22584</td><td>Depo-Medrol</td></tr><tr><td>226719</td><td>etoposide 100 MG Injection [Etopophos]</td></tr><tr><td>226754</td><td>Rituxan</td></tr><tr><td>2273510</td><td>rituximab-pvvr</td></tr><tr><td>2273511</td><td>rituximab-pvvr 10 MG/ML</td></tr><tr><td>2273512</td><td>10 ML rituximab-pvvr 10 MG/ML Injection</td></tr><tr><td>2273513</td><td>Ruxience</td></tr><tr><td>2273514</td><td>rituximab-pvvr 10 MG/ML [Ruxience]</td></tr><tr><td>2273515</td><td>rituximab Injection [Ruxience]</td></tr><tr><td>2273516</td><td>Ruxience Injectable Product</td></tr><tr><td>2273517</td><td>10 ML rituximab-pvvr 10 MG/ML Injection [Ruxience]</td></tr><tr><td>2273520</td><td>50 ML rituximab-pvvr 10 MG/ML Injection</td></tr><tr><td>2273521</td><td>50 ML rituximab-pvvr 10 MG/ML Injection [Ruxience]</td></tr><tr><td>2285806</td><td>cytarabine / daunorubicin Injection [Vyxeos]</td></tr><tr><td>2285807</td><td>cytarabine / daunorubicin Injection</td></tr><tr><td>2285813</td><td>cytarabine / daunorubicin Injectable Product</td></tr><tr><td>234449</td><td>iodine-131-tositumomab</td></tr><tr><td>235857</td><td>melphalan hydrochloride</td></tr><tr><td>236234</td><td>gemcitabine hydrochloride</td></tr><tr><td>2386858</td><td>cyclophosphamide 200 MG/ML</td></tr><tr><td>2386859</td><td>cyclophosphamide 200 MG/ML Injectable Solution</td></tr><tr><td>240416</td><td>cytarabine 20 MG/ML Injectable Solution</td></tr><tr><td>240573</td><td>pentostatin 10 MG Injection</td></tr><tr><td>245255</td><td>cytarabine 50 MG/ML Injectable Solution</td></tr><tr><td>24614</td><td>etoposide phosphate</td></tr><tr><td>24698</td><td>fludarabine</td></tr><tr><td>2472325</td><td>rituximab-arrx</td></tr><tr><td>2472326</td><td>rituximab-arrx 10 MG/ML</td></tr><tr><td>2472327</td><td>10 ML rituximab-arrx 10 MG/ML Injection</td></tr><tr><td>2472328</td><td>Riabni</td></tr><tr><td>2472329</td><td>rituximab-arrx 10 MG/ML [Riabni]</td></tr><tr><td>2472330</td><td>rituximab Injection [Riabni]</td></tr><tr><td>2472331</td><td>Riabni Injectable Product</td></tr><tr><td>2472332</td><td>10 ML rituximab-arrx 10 MG/ML Injection [Riabni]</td></tr><tr><td>2472335</td><td>50 ML rituximab-arrx 10 MG/ML Injection</td></tr><tr><td>2472336</td><td>50 ML rituximab-arrx 10 MG/ML Injection [Riabni]</td></tr><tr><td>249364</td><td>20 ML cytarabine 100 MG/ML Injection</td></tr><tr><td>250758</td><td>treosulfan 50 MG/ML Injectable Solution</td></tr><tr><td>25102</td><td>fludarabine phosphate</td></tr><tr><td>253113</td><td>10 ML busulfan 6 MG/ML Injection</td></tr><tr><td>2531369</td><td>melphalan flufenamide</td></tr><tr><td>2531370</td><td>melphalan flufenamide hydrochloride</td></tr><tr><td>2531371</td><td>melphalan flufenamide 20 MG</td></tr><tr><td>2531372</td><td>melphalan flufenamide Injectable Product</td></tr><tr><td>2531373</td><td>melphalan flufenamide Injection</td></tr><tr><td>2531374</td><td>melphalan flufenamide 20 MG Injection</td></tr><tr><td>2531376</td><td>melphalan flufenamide 20 MG [Pepaxto]</td></tr><tr><td>2531377</td><td>melphalan flufenamide Injection [Pepaxto]</td></tr><tr><td>2531379</td><td>melphalan flufenamide 20 MG Injection [Pepaxto]</td></tr><tr><td>2568661</td><td>5 ML cyclophosphamide 200 MG/ML Injection</td></tr><tr><td>2568663</td><td>2.5 ML cyclophosphamide 200 MG/ML Injection</td></tr><tr><td>259966</td><td>methylprednisolone 4 MG Oral Tablet</td></tr><tr><td>260330</td><td>methylprednisolone 4 MG Oral Tablet [Medrol]</td></tr><tr><td>262323</td><td>ibritumomab tiuxetan</td></tr><tr><td>263010</td><td>tositumomab</td></tr><tr><td>274342</td><td>Etopophos</td></tr><tr><td>284425</td><td>10 ML busulfan 6 MG/ML Injection [Busulfex]</td></tr><tr><td>284676</td><td>Busulfex</td></tr><tr><td>29917</td><td>methylprednisolone sodium phosphate</td></tr><tr><td>3002</td><td>cyclophosphamide</td></tr><tr><td>3041</td><td>cytarabine</td></tr><tr><td>309012</td><td>carmustine 100 MG Injection</td></tr><tr><td>309013</td><td>carmustine 7.7 MG Drug Implant</td></tr><tr><td>310248</td><td>etoposide 20 MG/ML Injectable Solution</td></tr><tr><td>311487</td><td>melphalan 50 MG Injection</td></tr><tr><td>311659</td><td>methylprednisolone 40 MG Injection</td></tr><tr><td>314099</td><td>methylprednisolone 62.5 MG/ML Injectable Solution</td></tr><tr><td>315503</td><td>busulfan 6 MG/ML</td></tr><tr><td>315746</td><td>cyclophosphamide 25 MG</td></tr><tr><td>315747</td><td>cyclophosphamide 50 MG</td></tr><tr><td>315912</td><td>etoposide 20 MG/ML</td></tr><tr><td>315913</td><td>etoposide 50 MG</td></tr><tr><td>316160</td><td>lomustine 10 MG</td></tr><tr><td>316161</td><td>lomustine 100 MG</td></tr><tr><td>316162</td><td>lomustine 40 MG</td></tr><tr><td>316285</td><td>methylprednisolone 2 MG</td></tr><tr><td>316287</td><td>methylprednisolone 32 MG</td></tr><tr><td>316288</td><td>methylprednisolone 8 MG</td></tr><tr><td>316648</td><td>rituximab 10 MG/ML</td></tr><tr><td>317426</td><td>methylprednisolone 16 MG</td></tr><tr><td>317427</td><td>methylprednisolone 4 MG</td></tr><tr><td>317620</td><td>busulfan 2 MG</td></tr><tr><td>317646</td><td>melphalan 2 MG</td></tr><tr><td>328161</td><td>methylprednisolone 16 MG Oral Tablet</td></tr><tr><td>328431</td><td>fludarabine phosphate 25 MG/ML</td></tr><tr><td>329753</td><td>etoposide 100 MG</td></tr><tr><td>330037</td><td>methylprednisolone 40 MG</td></tr><tr><td>330459</td><td>ifosfamide 50 MG/ML</td></tr><tr><td>331779</td><td>cytarabine 100 MG/ML</td></tr><tr><td>332216</td><td>methylprednisolone 100 MG</td></tr><tr><td>332422</td><td>cytarabine 20 MG/ML</td></tr><tr><td>333668</td><td>cytarabine 50 MG/ML</td></tr><tr><td>336841</td><td>treosulfan 250 MG</td></tr><tr><td>340520</td><td>carmustine 7.7 MG</td></tr><tr><td>343027</td><td>BiCNU</td></tr><tr><td>346173</td><td>methylprednisolone 62.5 MG/ML</td></tr><tr><td>346209</td><td>carboplatin 10 MG/ML</td></tr><tr><td>352384</td><td>ifosfamide / mesna</td></tr><tr><td>362772</td><td>methylprednisolone Injectable Solution [Solu-Medrol]</td></tr><tr><td>362881</td><td>etoposide Injectable Solution [Toposar]</td></tr><tr><td>365570</td><td>methylprednisolone Injectable Suspension [Depo-Medrol]</td></tr><tr><td>368542</td><td>busulfan Oral Tablet [Myleran]</td></tr><tr><td>368772</td><td>methylprednisolone Oral Tablet [Medrol]</td></tr><tr><td>368873</td><td>melphalan Oral Tablet [Alkeran]</td></tr><tr><td>371165</td><td>busulfan Oral Tablet</td></tr><tr><td>371664</td><td>cyclophosphamide Oral Tablet</td></tr><tr><td>371676</td><td>cytarabine Injectable Solution</td></tr><tr><td>372132</td><td>etoposide Oral Capsule</td></tr><tr><td>372631</td><td>lomustine Oral Capsule</td></tr><tr><td>372756</td><td>melphalan Oral Tablet</td></tr><tr><td>372866</td><td>methylprednisolone Injectable Suspension</td></tr><tr><td>372868</td><td>methylprednisolone Oral Tablet</td></tr><tr><td>374186</td><td>treosulfan Oral Capsule</td></tr><tr><td>376656</td><td>methylprednisolone Injectable Solution</td></tr><tr><td>376666</td><td>cyclophosphamide Injectable Solution</td></tr><tr><td>376890</td><td>etoposide Injectable Solution</td></tr><tr><td>377198</td><td>treosulfan Injectable Solution</td></tr><tr><td>378363</td><td>carboplatin Injectable Solution</td></tr><tr><td>378774</td><td>carmustine Drug Implant</td></tr><tr><td>38508</td><td>treosulfan</td></tr><tr><td>393413</td><td>fludarabine Oral Tablet</td></tr><tr><td>393483</td><td>treosulfan 50 MG/ML</td></tr><tr><td>40048</td><td>carboplatin</td></tr><tr><td>405951</td><td>carmustine Drug Implant [Gliadel]</td></tr><tr><td>4179</td><td>etoposide</td></tr><tr><td>44151</td><td>clofarabine</td></tr><tr><td>486417</td><td>clofarabine 1 MG/ML</td></tr><tr><td>486419</td><td>20 ML clofarabine 1 MG/ML Injection</td></tr><tr><td>493622</td><td>Clolar</td></tr><tr><td>544913</td><td>clofarabine 1 MG/ML [Clolar]</td></tr><tr><td>544915</td><td>20 ML clofarabine 1 MG/ML Injection [Clolar]</td></tr><tr><td>544939</td><td>cytarabine Injectable Suspension</td></tr><tr><td>544940</td><td>cytarabine 50 MG/ML Injectable Suspension</td></tr><tr><td>564078</td><td>busulfan 2 MG [Myleran]</td></tr><tr><td>564088</td><td>melphalan 2 MG [Alkeran]</td></tr><tr><td>5657</td><td>ifosfamide</td></tr><tr><td>567639</td><td>etoposide 20 MG/ML [Toposar]</td></tr><tr><td>567927</td><td>methylprednisolone 2 MG [Medrol]</td></tr><tr><td>567928</td><td>methylprednisolone 8 MG [Medrol]</td></tr><tr><td>567929</td><td>methylprednisolone 16 MG [Medrol]</td></tr><tr><td>567932</td><td>methylprednisolone 32 MG [Medrol]</td></tr><tr><td>567984</td><td>methylprednisolone 62.5 MG/ML [Solu-Medrol]</td></tr><tr><td>572946</td><td>carmustine 7.7 MG [Gliadel]</td></tr><tr><td>573051</td><td>rituximab 10 MG/ML [Rituxan]</td></tr><tr><td>573495</td><td>carboplatin 10 MG/ML [Paraplatin]</td></tr><tr><td>574125</td><td>methylprednisolone 4 MG [Medrol]</td></tr><tr><td>574864</td><td>busulfan 6 MG/ML [Busulfex]</td></tr><tr><td>597195</td><td>carboplatin 10 MG/ML Injectable Solution</td></tr><tr><td>62136</td><td>methylprednisolone aceponate</td></tr><tr><td>6466</td><td>lomustine</td></tr><tr><td>6718</td><td>melphalan</td></tr><tr><td>686161</td><td>carboplatin 10 MG/ML Injectable Solution [Paraplatin]</td></tr><tr><td>6902</td><td>methylprednisolone</td></tr><tr><td>690313</td><td>cyclophosphamide / mannitol</td></tr><tr><td>741098</td><td>Treanda</td></tr><tr><td>762675</td><td>{21 (methylprednisolone 4 MG Oral Tablet) } Pack</td></tr><tr><td>790322</td><td>bendamustine Injectable Solution</td></tr><tr><td>8011</td><td>pentostatin</td></tr><tr><td>828705</td><td>fludarabine phosphate 10 MG</td></tr><tr><td>828706</td><td>fludarabine phosphate 10 MG Oral Tablet</td></tr><tr><td>834023</td><td>{21 (methylprednisolone 4 MG Oral Tablet [Medrol]) } Pack [Medrol Dosepak]</td></tr><tr><td>876399</td><td>melphalan 50 MG Injection [Alkeran]</td></tr><tr><td>899367</td><td>{10 (20 ML ifosfamide 50 MG/ML Injection) / 10 (mesna 100 MG/ML Injectable Solution) } Pack</td></tr><tr><td>900173</td><td>{2 (60 ML ifosfamide 50 MG/ML Injection) / 6 (mesna 100 MG/ML Injectable Solution) } Pack</td></tr><tr><td>900175</td><td>{5 (20 ML ifosfamide 50 MG/ML Injection) / 3 (mesna 100 MG/ML Injectable Solution) } Pack</td></tr><tr><td>93698</td><td>carboplatin Injectable Solution [Paraplatin]</td></tr><tr><td>968804</td><td>cytarabine liposome</td></tr></table></li></ul></div>
  </text>
  <url value="http://fhir.nmdp.org/ig/cibmtr-reporting/ValueSet/med-prep-regimen-vs"/>
  <version value="0.1.5"/>
  <name value="RxNormPrepRegimenVS"/>
  <title value="RxNorm - Prep Regimen"/>
  <status value="active"/>
  <experimental value="true"/>
  <date value="2023-02-01T09:42:46-06:00"/>
  <publisher value="The Medical College of Wisconsin, Inc. and the National Marrow Donor Program"/>
  <contact>
    <name value="The Medical College of Wisconsin, Inc. and the National Marrow Donor Program"/>
    <telecom>
      <system value="url"/>
      <value value="http://www.cibmtr.org"/>
    </telecom>
  </contact>
  <contact>
    <name value="Bob Milius"/>
    <telecom>
      <system value="email"/>
      <value value="bmilius@nmdp.org"/>
    </telecom>
  </contact>
  <description value="RxNorm codes for Prep Regimen"/>
  <compose>
    <include>
      <system value="http://www.nlm.nih.gov/research/umls/rxnorm"/>
      <concept>
        <code value="1008080"/>
        <display value="aspirin / methylprednisolone"/>
      </concept>
      <concept>
        <code value="10473"/>
        <display value="thiotepa"/>
      </concept>
      <concept>
        <code value="105551"/>
        <display value="busulfan 2 MG Oral Tablet [Myleran]"/>
      </concept>
      <concept>
        <code value="105552"/>
        <display value="carmustine 100 MG Injection [BiCNU]"/>
      </concept>
      <concept>
        <code value="105562"/>
        <display value="melphalan 2 MG Oral Tablet [Alkeran]"/>
      </concept>
      <concept>
        <code value="105567"/>
        <display value="treosulfan 250 MG Oral Capsule"/>
      </concept>
      <concept>
        <code value="105607"/>
        <display value="pentostatin 10 MG Injection [Nipent]"/>
      </concept>
      <concept>
        <code value="106991"/>
        <display value="lidocaine / methylprednisolone"/>
      </concept>
      <concept>
        <code value="107005"/>
        <display value="methylprednisolone / neomycin"/>
      </concept>
      <concept>
        <code value="1100385"/>
        <display value="methylprednisolone acetate 0.01 MG/MG"/>
      </concept>
      <concept>
        <code value="1100386"/>
        <display value="methylprednisolone Topical Gel"/>
      </concept>
      <concept>
        <code value="1100387"/>
        <display value="methylprednisolone acetate 0.01 MG/MG Topical Gel"/>
      </concept>
      <concept>
        <code value="1100388"/>
        <display value="HybriSil"/>
      </concept>
      <concept>
        <code value="1100389"/>
        <display value="methylprednisolone acetate 0.01 MG/MG [HybriSil]"/>
      </concept>
      <concept>
        <code value="1100390"/>
        <display value="methylprednisolone Topical Gel [HybriSil]"/>
      </concept>
      <concept>
        <code value="1100391"/>
        <display value="methylprednisolone acetate 0.01 MG/MG Topical Gel [HybriSil]"/>
      </concept>
      <concept>
        <code value="1114693"/>
        <display value="bendamustine hydrochloride"/>
      </concept>
      <concept>
        <code value="1148918"/>
        <display value="gemcitabine 38 MG/ML"/>
      </concept>
      <concept>
        <code value="1151374"/>
        <display value="busulfan Injectable Product"/>
      </concept>
      <concept>
        <code value="1151375"/>
        <display value="busulfan Oral Product"/>
      </concept>
      <concept>
        <code value="1151376"/>
        <display value="busulfan Pill"/>
      </concept>
      <concept>
        <code value="1151413"/>
        <display value="carmustine Drug Implant Product"/>
      </concept>
      <concept>
        <code value="1151483"/>
        <display value="cytarabine Injectable Product"/>
      </concept>
      <concept>
        <code value="1151727"/>
        <display value="carmustine Injectable Product"/>
      </concept>
      <concept>
        <code value="1156104"/>
        <display value="carboplatin Injectable Product"/>
      </concept>
      <concept>
        <code value="1156181"/>
        <display value="cyclophosphamide Injectable Product"/>
      </concept>
      <concept>
        <code value="1156182"/>
        <display value="cyclophosphamide Oral Product"/>
      </concept>
      <concept>
        <code value="1156183"/>
        <display value="cyclophosphamide Pill"/>
      </concept>
      <concept>
        <code value="1156288"/>
        <display value="ifosfamide Injectable Product"/>
      </concept>
      <concept>
        <code value="1156487"/>
        <display value="thiotepa Injectable Product"/>
      </concept>
      <concept>
        <code value="1156710"/>
        <display value="gemcitabine Injectable Product"/>
      </concept>
      <concept>
        <code value="1157928"/>
        <display value="etoposide Injectable Product"/>
      </concept>
      <concept>
        <code value="1157929"/>
        <display value="etoposide Oral Product"/>
      </concept>
      <concept>
        <code value="1157930"/>
        <display value="etoposide Pill"/>
      </concept>
      <concept>
        <code value="1157967"/>
        <display value="rituximab Injectable Product"/>
      </concept>
      <concept>
        <code value="1159787"/>
        <display value="melphalan Injectable Product"/>
      </concept>
      <concept>
        <code value="1159788"/>
        <display value="melphalan Oral Product"/>
      </concept>
      <concept>
        <code value="1159789"/>
        <display value="melphalan Pill"/>
      </concept>
      <concept>
        <code value="1160009"/>
        <display value="bendamustine Injectable Product"/>
      </concept>
      <concept>
        <code value="1162765"/>
        <display value="treosulfan Injectable Product"/>
      </concept>
      <concept>
        <code value="1162766"/>
        <display value="treosulfan Oral Product"/>
      </concept>
      <concept>
        <code value="1162767"/>
        <display value="treosulfan Pill"/>
      </concept>
      <concept>
        <code value="1163485"/>
        <display value="methylprednisolone / neomycin Topical Product"/>
      </concept>
      <concept>
        <code value="1163486"/>
        <display value="methylprednisolone Injectable Product"/>
      </concept>
      <concept>
        <code value="1163488"/>
        <display value="methylprednisolone Oral Product"/>
      </concept>
      <concept>
        <code value="1163489"/>
        <display value="methylprednisolone Pill"/>
      </concept>
      <concept>
        <code value="1163491"/>
        <display value="methylprednisolone Topical Product"/>
      </concept>
      <concept>
        <code value="1163761"/>
        <display value="clofarabine Injectable Product"/>
      </concept>
      <concept>
        <code value="1164046"/>
        <display value="lidocaine / methylprednisolone Injectable Product"/>
      </concept>
      <concept>
        <code value="1165043"/>
        <display value="fludarabine Injectable Product"/>
      </concept>
      <concept>
        <code value="1165044"/>
        <display value="fludarabine Oral Product"/>
      </concept>
      <concept>
        <code value="1165045"/>
        <display value="fludarabine Pill"/>
      </concept>
      <concept>
        <code value="1165319"/>
        <display value="lomustine Oral Product"/>
      </concept>
      <concept>
        <code value="1165320"/>
        <display value="lomustine Pill"/>
      </concept>
      <concept>
        <code value="1165408"/>
        <display value="pentostatin Injectable Product"/>
      </concept>
      <concept>
        <code value="1165881"/>
        <display value="A-MethaPred Injectable Product"/>
      </concept>
      <concept>
        <code value="1167136"/>
        <display value="Ifex Injectable Product"/>
      </concept>
      <concept>
        <code value="1168702"/>
        <display value="Busulfex Injectable Product"/>
      </concept>
      <concept>
        <code value="1171232"/>
        <display value="Gliadel Drug Implant Product"/>
      </concept>
      <concept>
        <code value="1172713"/>
        <display value="HybriSil Topical Product"/>
      </concept>
      <concept>
        <code value="1173022"/>
        <display value="Clolar Injectable Product"/>
      </concept>
      <concept>
        <code value="1173110"/>
        <display value="Depo-Medrol Injectable Product"/>
      </concept>
      <concept>
        <code value="1173621"/>
        <display value="BiCNU Injectable Product"/>
      </concept>
      <concept>
        <code value="1176189"/>
        <display value="Alkeran Injectable Product"/>
      </concept>
      <concept>
        <code value="1176190"/>
        <display value="Alkeran Oral Product"/>
      </concept>
      <concept>
        <code value="1176191"/>
        <display value="Alkeran Pill"/>
      </concept>
      <concept>
        <code value="1178005"/>
        <display value="Toposar Injectable Product"/>
      </concept>
      <concept>
        <code value="1179668"/>
        <display value="Treanda Injectable Product"/>
      </concept>
      <concept>
        <code value="1182364"/>
        <display value="Paraplatin Injectable Product"/>
      </concept>
      <concept>
        <code value="1183796"/>
        <display value="Medrol Oral Product"/>
      </concept>
      <concept>
        <code value="1183797"/>
        <display value="Medrol Pill"/>
      </concept>
      <concept>
        <code value="1183920"/>
        <display value="Nipent Injectable Product"/>
      </concept>
      <concept>
        <code value="1184840"/>
        <display value="Solu-Medrol Injectable Product"/>
      </concept>
      <concept>
        <code value="1185345"/>
        <display value="Rituxan Injectable Product"/>
      </concept>
      <concept>
        <code value="1185666"/>
        <display value="Myleran Oral Product"/>
      </concept>
      <concept>
        <code value="1185667"/>
        <display value="Myleran Pill"/>
      </concept>
      <concept>
        <code value="121191"/>
        <display value="rituximab"/>
      </concept>
      <concept>
        <code value="12574"/>
        <display value="gemcitabine"/>
      </concept>
      <concept>
        <code value="134547"/>
        <display value="bendamustine"/>
      </concept>
      <concept>
        <code value="1357886"/>
        <display value="methylprednisolone 2000 MG Injection"/>
      </concept>
      <concept>
        <code value="1357888"/>
        <display value="methylprednisolone 2000 MG Injection [Solu-Medrol]"/>
      </concept>
      <concept>
        <code value="1358496"/>
        <display value="methylprednisolone acetate 40 MG/ML"/>
      </concept>
      <concept>
        <code value="1358497"/>
        <display value="lidocaine / methylprednisolone Injectable Suspension"/>
      </concept>
      <concept>
        <code value="1358498"/>
        <display value="lidocaine hydrochloride 10 MG/ML / methylprednisolone acetate 40 MG/ML Injectable Suspension"/>
      </concept>
      <concept>
        <code value="1358509"/>
        <display value="methylprednisolone acetate 20 MG/ML"/>
      </concept>
      <concept>
        <code value="1358510"/>
        <display value="methylprednisolone acetate 20 MG/ML Injectable Suspension"/>
      </concept>
      <concept>
        <code value="1358511"/>
        <display value="methylprednisolone acetate 20 MG/ML [Depo-Medrol]"/>
      </concept>
      <concept>
        <code value="1358512"/>
        <display value="methylprednisolone acetate 20 MG/ML Injectable Suspension [Depo-Medrol]"/>
      </concept>
      <concept>
        <code value="1358610"/>
        <display value="methylprednisolone acetate 40 MG/ML Injectable Suspension"/>
      </concept>
      <concept>
        <code value="1358611"/>
        <display value="methylprednisolone acetate 40 MG/ML [Depo-Medrol]"/>
      </concept>
      <concept>
        <code value="1358612"/>
        <display value="methylprednisolone acetate 40 MG/ML Injectable Suspension [Depo-Medrol]"/>
      </concept>
      <concept>
        <code value="1358616"/>
        <display value="methylprednisolone acetate 80 MG/ML"/>
      </concept>
      <concept>
        <code value="1358617"/>
        <display value="methylprednisolone acetate 80 MG/ML Injectable Suspension"/>
      </concept>
      <concept>
        <code value="1358618"/>
        <display value="methylprednisolone acetate 80 MG/ML [Depo-Medrol]"/>
      </concept>
      <concept>
        <code value="1358619"/>
        <display value="methylprednisolone acetate 80 MG/ML Injectable Suspension [Depo-Medrol]"/>
      </concept>
      <concept>
        <code value="1366537"/>
        <display value="Tepadina"/>
      </concept>
      <concept>
        <code value="1437967"/>
        <display value="cyclophosphamide Oral Capsule"/>
      </concept>
      <concept>
        <code value="1437968"/>
        <display value="cyclophosphamide 25 MG Oral Capsule"/>
      </concept>
      <concept>
        <code value="1437969"/>
        <display value="cyclophosphamide 50 MG Oral Capsule"/>
      </concept>
      <concept>
        <code value="151325"/>
        <display value="Alkeran"/>
      </concept>
      <concept>
        <code value="152115"/>
        <display value="Nipent"/>
      </concept>
      <concept>
        <code value="152200"/>
        <display value="Paraplatin"/>
      </concept>
      <concept>
        <code value="1545771"/>
        <display value="Gleostine"/>
      </concept>
      <concept>
        <code value="1545772"/>
        <display value="lomustine 10 MG [Gleostine]"/>
      </concept>
      <concept>
        <code value="1545773"/>
        <display value="lomustine Oral Capsule [Gleostine]"/>
      </concept>
      <concept>
        <code value="1545774"/>
        <display value="Gleostine Oral Product"/>
      </concept>
      <concept>
        <code value="1545775"/>
        <display value="Gleostine Pill"/>
      </concept>
      <concept>
        <code value="1545776"/>
        <display value="lomustine 10 MG Oral Capsule [Gleostine]"/>
      </concept>
      <concept>
        <code value="1545777"/>
        <display value="lomustine 100 MG [Gleostine]"/>
      </concept>
      <concept>
        <code value="1545778"/>
        <display value="lomustine 100 MG Oral Capsule [Gleostine]"/>
      </concept>
      <concept>
        <code value="1545779"/>
        <display value="lomustine 40 MG [Gleostine]"/>
      </concept>
      <concept>
        <code value="1545780"/>
        <display value="lomustine 40 MG Oral Capsule [Gleostine]"/>
      </concept>
      <concept>
        <code value="1545988"/>
        <display value="cyclophosphamide anhydrous"/>
      </concept>
      <concept>
        <code value="155323"/>
        <display value="methylprednisolone acetate"/>
      </concept>
      <concept>
        <code value="1657861"/>
        <display value="rituximab Injection"/>
      </concept>
      <concept>
        <code value="1657862"/>
        <display value="10 ML rituximab 10 MG/ML Injection"/>
      </concept>
      <concept>
        <code value="1657863"/>
        <display value="rituximab Injection [Rituxan]"/>
      </concept>
      <concept>
        <code value="1657864"/>
        <display value="10 ML rituximab 10 MG/ML Injection [Rituxan]"/>
      </concept>
      <concept>
        <code value="1657867"/>
        <display value="50 ML rituximab 10 MG/ML Injection"/>
      </concept>
      <concept>
        <code value="1657868"/>
        <display value="50 ML rituximab 10 MG/ML Injection [Rituxan]"/>
      </concept>
      <concept>
        <code value="1660002"/>
        <display value="thiotepa 100 MG"/>
      </concept>
      <concept>
        <code value="1660003"/>
        <display value="thiotepa Injection"/>
      </concept>
      <concept>
        <code value="1660004"/>
        <display value="thiotepa 100 MG Injection"/>
      </concept>
      <concept>
        <code value="1660008"/>
        <display value="thiotepa 15 MG"/>
      </concept>
      <concept>
        <code value="1660009"/>
        <display value="thiotepa 15 MG Injection"/>
      </concept>
      <concept>
        <code value="1718998"/>
        <display value="gemcitabine 200 MG"/>
      </concept>
      <concept>
        <code value="1718999"/>
        <display value="gemcitabine Injection"/>
      </concept>
      <concept>
        <code value="1719000"/>
        <display value="gemcitabine 200 MG Injection"/>
      </concept>
      <concept>
        <code value="1719002"/>
        <display value="gemcitabine 1000 MG"/>
      </concept>
      <concept>
        <code value="1719003"/>
        <display value="gemcitabine 1000 MG Injection"/>
      </concept>
      <concept>
        <code value="1719004"/>
        <display value="gemcitabine 2000 MG"/>
      </concept>
      <concept>
        <code value="1719005"/>
        <display value="gemcitabine 2000 MG Injection"/>
      </concept>
      <concept>
        <code value="1720734"/>
        <display value="lomustine 5 MG"/>
      </concept>
      <concept>
        <code value="1720735"/>
        <display value="lomustine 5 MG Oral Capsule"/>
      </concept>
      <concept>
        <code value="1720736"/>
        <display value="lomustine 5 MG [Gleostine]"/>
      </concept>
      <concept>
        <code value="1720737"/>
        <display value="lomustine 5 MG Oral Capsule [Gleostine]"/>
      </concept>
      <concept>
        <code value="1720960"/>
        <display value="26.3 ML gemcitabine 38 MG/ML Injection"/>
      </concept>
      <concept>
        <code value="1720975"/>
        <display value="52.6 ML gemcitabine 38 MG/ML Injection"/>
      </concept>
      <concept>
        <code value="1720977"/>
        <display value="5.26 ML gemcitabine 38 MG/ML Injection"/>
      </concept>
      <concept>
        <code value="1726096"/>
        <display value="bendamustine hydrochloride 25 MG/ML"/>
      </concept>
      <concept>
        <code value="1726097"/>
        <display value="bendamustine hydrochloride 25 MG/ML Injectable Solution"/>
      </concept>
      <concept>
        <code value="1726098"/>
        <display value="Bendeka"/>
      </concept>
      <concept>
        <code value="1726099"/>
        <display value="bendamustine hydrochloride 25 MG/ML [Bendeka]"/>
      </concept>
      <concept>
        <code value="1726100"/>
        <display value="bendamustine Injectable Solution [Bendeka]"/>
      </concept>
      <concept>
        <code value="1726101"/>
        <display value="Bendeka Injectable Product"/>
      </concept>
      <concept>
        <code value="1726102"/>
        <display value="bendamustine hydrochloride 25 MG/ML Injectable Solution [Bendeka]"/>
      </concept>
      <concept>
        <code value="1729351"/>
        <display value="busulfan Injection"/>
      </concept>
      <concept>
        <code value="1729353"/>
        <display value="busulfan Injection [Busulfex]"/>
      </concept>
      <concept>
        <code value="1729367"/>
        <display value="carmustine 100 MG"/>
      </concept>
      <concept>
        <code value="1729368"/>
        <display value="carmustine Injection"/>
      </concept>
      <concept>
        <code value="1729370"/>
        <display value="carmustine 100 MG [BiCNU]"/>
      </concept>
      <concept>
        <code value="1729371"/>
        <display value="carmustine Injection [BiCNU]"/>
      </concept>
      <concept>
        <code value="1731354"/>
        <display value="cytarabine Injection"/>
      </concept>
      <concept>
        <code value="1731355"/>
        <display value="5 ML cytarabine 20 MG/ML Injection"/>
      </concept>
      <concept>
        <code value="1734339"/>
        <display value="etoposide Injection"/>
      </concept>
      <concept>
        <code value="1734340"/>
        <display value="etoposide 100 MG Injection"/>
      </concept>
      <concept>
        <code value="1734342"/>
        <display value="etoposide 100 MG [Etopophos]"/>
      </concept>
      <concept>
        <code value="1734343"/>
        <display value="etoposide Injection [Etopophos]"/>
      </concept>
      <concept>
        <code value="1734344"/>
        <display value="Etopophos Injectable Product"/>
      </concept>
      <concept>
        <code value="1734915"/>
        <display value="cyclophosphamide 500 MG"/>
      </concept>
      <concept>
        <code value="1734916"/>
        <display value="cyclophosphamide Injection"/>
      </concept>
      <concept>
        <code value="1734917"/>
        <display value="cyclophosphamide 500 MG Injection"/>
      </concept>
      <concept>
        <code value="1734918"/>
        <display value="cyclophosphamide 1000 MG"/>
      </concept>
      <concept>
        <code value="1734919"/>
        <display value="cyclophosphamide 1000 MG Injection"/>
      </concept>
      <concept>
        <code value="1734920"/>
        <display value="cyclophosphamide 2000 MG"/>
      </concept>
      <concept>
        <code value="1734921"/>
        <display value="cyclophosphamide 2000 MG Injection"/>
      </concept>
      <concept>
        <code value="1740862"/>
        <display value="fludarabine phosphate 50 MG"/>
      </concept>
      <concept>
        <code value="1740863"/>
        <display value="fludarabine Injection"/>
      </concept>
      <concept>
        <code value="1740864"/>
        <display value="fludarabine phosphate 50 MG Injection"/>
      </concept>
      <concept>
        <code value="1740865"/>
        <display value="2 ML fludarabine phosphate 25 MG/ML Injection"/>
      </concept>
      <concept>
        <code value="1740948"/>
        <display value="melphalan 50 MG"/>
      </concept>
      <concept>
        <code value="1740949"/>
        <display value="melphalan Injection"/>
      </concept>
      <concept>
        <code value="1740951"/>
        <display value="melphalan 50 MG [Alkeran]"/>
      </concept>
      <concept>
        <code value="1740952"/>
        <display value="melphalan Injection [Alkeran]"/>
      </concept>
      <concept>
        <code value="1743702"/>
        <display value="methylprednisolone 125 MG"/>
      </concept>
      <concept>
        <code value="1743703"/>
        <display value="methylprednisolone Injection"/>
      </concept>
      <concept>
        <code value="1743704"/>
        <display value="methylprednisolone 125 MG Injection"/>
      </concept>
      <concept>
        <code value="1743705"/>
        <display value="methylprednisolone 125 MG [Solu-Medrol]"/>
      </concept>
      <concept>
        <code value="1743706"/>
        <display value="methylprednisolone Injection [Solu-Medrol]"/>
      </concept>
      <concept>
        <code value="1743707"/>
        <display value="methylprednisolone 125 MG Injection [Solu-Medrol]"/>
      </concept>
      <concept>
        <code value="1743719"/>
        <display value="methylprednisolone 500 MG"/>
      </concept>
      <concept>
        <code value="1743720"/>
        <display value="methylprednisolone 500 MG Injection"/>
      </concept>
      <concept>
        <code value="1743721"/>
        <display value="methylprednisolone 500 MG [Solu-Medrol]"/>
      </concept>
      <concept>
        <code value="1743722"/>
        <display value="methylprednisolone 500 MG Injection [Solu-Medrol]"/>
      </concept>
      <concept>
        <code value="1743725"/>
        <display value="methylprednisolone 1000 MG"/>
      </concept>
      <concept>
        <code value="1743726"/>
        <display value="methylprednisolone 1000 MG Injection"/>
      </concept>
      <concept>
        <code value="1743727"/>
        <display value="methylprednisolone 1000 MG [Solu-Medrol]"/>
      </concept>
      <concept>
        <code value="1743729"/>
        <display value="methylprednisolone 1000 MG Injection [Solu-Medrol]"/>
      </concept>
      <concept>
        <code value="1743779"/>
        <display value="1 ML methylprednisolone acetate 40 MG/ML Injection"/>
      </concept>
      <concept>
        <code value="1743780"/>
        <display value="methylprednisolone Injection [Depo-Medrol]"/>
      </concept>
      <concept>
        <code value="1743781"/>
        <display value="1 ML methylprednisolone acetate 40 MG/ML Injection [Depo-Medrol]"/>
      </concept>
      <concept>
        <code value="1743855"/>
        <display value="1 ML methylprednisolone acetate 80 MG/ML Injection"/>
      </concept>
      <concept>
        <code value="1743856"/>
        <display value="1 ML methylprednisolone acetate 80 MG/ML Injection [Depo-Medrol]"/>
      </concept>
      <concept>
        <code value="1744013"/>
        <display value="methylprednisolone 2000 MG"/>
      </concept>
      <concept>
        <code value="1744015"/>
        <display value="methylprednisolone 2000 MG [Solu-Medrol]"/>
      </concept>
      <concept>
        <code value="1744018"/>
        <display value="methylprednisolone 40 MG [Solu-Medrol]"/>
      </concept>
      <concept>
        <code value="1744020"/>
        <display value="methylprednisolone 40 MG [A-MethaPred]"/>
      </concept>
      <concept>
        <code value="1744021"/>
        <display value="methylprednisolone Injection [A-MethaPred]"/>
      </concept>
      <concept>
        <code value="1744024"/>
        <display value="methylprednisolone 125 MG [A-MethaPred]"/>
      </concept>
      <concept>
        <code value="1745086"/>
        <display value="Evomela"/>
      </concept>
      <concept>
        <code value="1745087"/>
        <display value="melphalan 50 MG [Evomela]"/>
      </concept>
      <concept>
        <code value="1745088"/>
        <display value="melphalan Injection [Evomela]"/>
      </concept>
      <concept>
        <code value="1745089"/>
        <display value="Evomela Injectable Product"/>
      </concept>
      <concept>
        <code value="1745090"/>
        <display value="melphalan 50 MG Injection [Evomela]"/>
      </concept>
      <concept>
        <code value="1791586"/>
        <display value="ifosfamide 3000 MG"/>
      </concept>
      <concept>
        <code value="1791587"/>
        <display value="ifosfamide Injection"/>
      </concept>
      <concept>
        <code value="1791588"/>
        <display value="ifosfamide 3000 MG Injection"/>
      </concept>
      <concept>
        <code value="1791589"/>
        <display value="ifosfamide 3000 MG [Ifex]"/>
      </concept>
      <concept>
        <code value="1791590"/>
        <display value="ifosfamide Injection [Ifex]"/>
      </concept>
      <concept>
        <code value="1791591"/>
        <display value="ifosfamide 3000 MG Injection [Ifex]"/>
      </concept>
      <concept>
        <code value="1791592"/>
        <display value="ifosfamide 1000 MG"/>
      </concept>
      <concept>
        <code value="1791593"/>
        <display value="ifosfamide 1000 MG Injection"/>
      </concept>
      <concept>
        <code value="1791594"/>
        <display value="ifosfamide 1000 MG [Ifex]"/>
      </concept>
      <concept>
        <code value="1791595"/>
        <display value="ifosfamide 1000 MG Injection [Ifex]"/>
      </concept>
      <concept>
        <code value="1791597"/>
        <display value="60 ML ifosfamide 50 MG/ML Injection"/>
      </concept>
      <concept>
        <code value="1791599"/>
        <display value="20 ML ifosfamide 50 MG/ML Injection"/>
      </concept>
      <concept>
        <code value="1794543"/>
        <display value="pentostatin 10 MG"/>
      </concept>
      <concept>
        <code value="1794544"/>
        <display value="pentostatin Injection"/>
      </concept>
      <concept>
        <code value="1794546"/>
        <display value="pentostatin 10 MG [Nipent]"/>
      </concept>
      <concept>
        <code value="1794547"/>
        <display value="pentostatin Injection [Nipent]"/>
      </concept>
      <concept>
        <code value="1804999"/>
        <display value="bendamustine hydrochloride 100 MG"/>
      </concept>
      <concept>
        <code value="1805000"/>
        <display value="bendamustine Injection"/>
      </concept>
      <concept>
        <code value="1805001"/>
        <display value="bendamustine hydrochloride 100 MG Injection"/>
      </concept>
      <concept>
        <code value="1805002"/>
        <display value="bendamustine hydrochloride 100 MG [Treanda]"/>
      </concept>
      <concept>
        <code value="1805003"/>
        <display value="bendamustine Injection [Treanda]"/>
      </concept>
      <concept>
        <code value="1805004"/>
        <display value="bendamustine hydrochloride 100 MG Injection [Treanda]"/>
      </concept>
      <concept>
        <code value="1805006"/>
        <display value="bendamustine hydrochloride 25 MG"/>
      </concept>
      <concept>
        <code value="1805007"/>
        <display value="bendamustine hydrochloride 25 MG Injection"/>
      </concept>
      <concept>
        <code value="1805008"/>
        <display value="bendamustine hydrochloride 25 MG [Treanda]"/>
      </concept>
      <concept>
        <code value="1805009"/>
        <display value="bendamustine hydrochloride 25 MG Injection [Treanda]"/>
      </concept>
      <concept>
        <code value="1806666"/>
        <display value="clofarabine Injection"/>
      </concept>
      <concept>
        <code value="1806668"/>
        <display value="clofarabine Injection [Clolar]"/>
      </concept>
      <concept>
        <code value="1828"/>
        <display value="busulfan"/>
      </concept>
      <concept>
        <code value="1919206"/>
        <display value="thiotepa 100 MG [Tepadina]"/>
      </concept>
      <concept>
        <code value="1919207"/>
        <display value="thiotepa Injection [Tepadina]"/>
      </concept>
      <concept>
        <code value="1919208"/>
        <display value="Tepadina Injectable Product"/>
      </concept>
      <concept>
        <code value="1919209"/>
        <display value="thiotepa 100 MG Injection [Tepadina]"/>
      </concept>
      <concept>
        <code value="1919210"/>
        <display value="thiotepa 15 MG [Tepadina]"/>
      </concept>
      <concept>
        <code value="1919211"/>
        <display value="thiotepa 15 MG Injection [Tepadina]"/>
      </concept>
      <concept>
        <code value="1927881"/>
        <display value="rituximab 120 MG/ML"/>
      </concept>
      <concept>
        <code value="1927882"/>
        <display value="hyaluronidase / rituximab Injectable Product"/>
      </concept>
      <concept>
        <code value="1927883"/>
        <display value="hyaluronidase / rituximab Injection"/>
      </concept>
      <concept>
        <code value="1927884"/>
        <display value="hyaluronidase / rituximab"/>
      </concept>
      <concept>
        <code value="1927885"/>
        <display value="11.7 ML hyaluronidase, human recombinant 2000 UNT/ML / rituximab 120 MG/ML Injection"/>
      </concept>
      <concept>
        <code value="1927886"/>
        <display value="Rituxan Hycela"/>
      </concept>
      <concept>
        <code value="1927887"/>
        <display value="hyaluronidase, human recombinant 2000 UNT/ML / rituximab 120 MG/ML [Rituxan Hycela]"/>
      </concept>
      <concept>
        <code value="1927888"/>
        <display value="hyaluronidase / rituximab Injection [Rituxan Hycela]"/>
      </concept>
      <concept>
        <code value="1927889"/>
        <display value="Rituxan Hycela Injectable Product"/>
      </concept>
      <concept>
        <code value="1927890"/>
        <display value="11.7 ML hyaluronidase, human recombinant 2000 UNT/ML / rituximab 120 MG/ML Injection [Rituxan Hycela]"/>
      </concept>
      <concept>
        <code value="1927893"/>
        <display value="13.4 ML hyaluronidase, human recombinant 2000 UNT/ML / rituximab 120 MG/ML Injection"/>
      </concept>
      <concept>
        <code value="1927894"/>
        <display value="13.4 ML hyaluronidase, human recombinant 2000 UNT/ML / rituximab 120 MG/ML Injection [Rituxan Hycela]"/>
      </concept>
      <concept>
        <code value="1942738"/>
        <display value="cytarabine liposome 100 MG"/>
      </concept>
      <concept>
        <code value="1942743"/>
        <display value="cytarabine liposome 100 MG / daunorubicin liposomal 44 MG Injection"/>
      </concept>
      <concept>
        <code value="1942744"/>
        <display value="Vyxeos"/>
      </concept>
      <concept>
        <code value="1942745"/>
        <display value="cytarabine liposome 100 MG / daunorubicin liposomal 44 MG [Vyxeos]"/>
      </concept>
      <concept>
        <code value="1942747"/>
        <display value="Vyxeos Injectable Product"/>
      </concept>
      <concept>
        <code value="1942748"/>
        <display value="cytarabine liposome 100 MG / daunorubicin liposomal 44 MG Injection [Vyxeos]"/>
      </concept>
      <concept>
        <code value="197422"/>
        <display value="busulfan 2 MG Oral Tablet"/>
      </concept>
      <concept>
        <code value="197549"/>
        <display value="cyclophosphamide 25 MG Oral Tablet"/>
      </concept>
      <concept>
        <code value="197550"/>
        <display value="cyclophosphamide 50 MG Oral Tablet"/>
      </concept>
      <concept>
        <code value="197687"/>
        <display value="etoposide 50 MG Oral Capsule"/>
      </concept>
      <concept>
        <code value="197894"/>
        <display value="lomustine 10 MG Oral Capsule"/>
      </concept>
      <concept>
        <code value="197895"/>
        <display value="lomustine 100 MG Oral Capsule"/>
      </concept>
      <concept>
        <code value="197896"/>
        <display value="lomustine 40 MG Oral Capsule"/>
      </concept>
      <concept>
        <code value="197919"/>
        <display value="melphalan 2 MG Oral Tablet"/>
      </concept>
      <concept>
        <code value="197969"/>
        <display value="methylprednisolone 2 MG Oral Tablet"/>
      </concept>
      <concept>
        <code value="197971"/>
        <display value="methylprednisolone 32 MG Oral Tablet"/>
      </concept>
      <concept>
        <code value="197973"/>
        <display value="methylprednisolone 8 MG Oral Tablet"/>
      </concept>
      <concept>
        <code value="199315"/>
        <display value="etoposide 100 MG Oral Capsule"/>
      </concept>
      <concept>
        <code value="199771"/>
        <display value="methylprednisolone 100 MG Oral Tablet"/>
      </concept>
      <concept>
        <code value="1998781"/>
        <display value="gemcitabine 100 MG/ML"/>
      </concept>
      <concept>
        <code value="1998782"/>
        <display value="gemcitabine Injectable Solution"/>
      </concept>
      <concept>
        <code value="1998783"/>
        <display value="gemcitabine 100 MG/ML Injectable Solution"/>
      </concept>
      <concept>
        <code value="2017575"/>
        <display value="cytarabine / daunorubicin"/>
      </concept>
      <concept>
        <code value="202702"/>
        <display value="Medrol"/>
      </concept>
      <concept>
        <code value="203010"/>
        <display value="Myleran"/>
      </concept>
      <concept>
        <code value="203189"/>
        <display value="methylprednisolone sodium succinate"/>
      </concept>
      <concept>
        <code value="203856"/>
        <display value="Solu-Medrol"/>
      </concept>
      <concept>
        <code value="203857"/>
        <display value="A-MethaPred"/>
      </concept>
      <concept>
        <code value="2058857"/>
        <display value="gemcitabine 10 MG/ML"/>
      </concept>
      <concept>
        <code value="2058858"/>
        <display value="120 ML gemcitabine 10 MG/ML Injection"/>
      </concept>
      <concept>
        <code value="2058859"/>
        <display value="Infugem"/>
      </concept>
      <concept>
        <code value="2058860"/>
        <display value="gemcitabine 10 MG/ML [Infugem]"/>
      </concept>
      <concept>
        <code value="2058861"/>
        <display value="gemcitabine Injection [Infugem]"/>
      </concept>
      <concept>
        <code value="2058862"/>
        <display value="Infugem Injectable Product"/>
      </concept>
      <concept>
        <code value="2058863"/>
        <display value="120 ML gemcitabine 10 MG/ML Injection [Infugem]"/>
      </concept>
      <concept>
        <code value="2058866"/>
        <display value="140 ML gemcitabine 10 MG/ML Injection"/>
      </concept>
      <concept>
        <code value="2058867"/>
        <display value="140 ML gemcitabine 10 MG/ML Injection [Infugem]"/>
      </concept>
      <concept>
        <code value="2058880"/>
        <display value="150 ML gemcitabine 10 MG/ML Injection"/>
      </concept>
      <concept>
        <code value="2058881"/>
        <display value="150 ML gemcitabine 10 MG/ML Injection [Infugem]"/>
      </concept>
      <concept>
        <code value="2058882"/>
        <display value="160 ML gemcitabine 10 MG/ML Injection"/>
      </concept>
      <concept>
        <code value="2058883"/>
        <display value="160 ML gemcitabine 10 MG/ML Injection [Infugem]"/>
      </concept>
      <concept>
        <code value="2058890"/>
        <display value="170 ML gemcitabine 10 MG/ML Injection"/>
      </concept>
      <concept>
        <code value="2058891"/>
        <display value="170 ML gemcitabine 10 MG/ML Injection [Infugem]"/>
      </concept>
      <concept>
        <code value="2058892"/>
        <display value="180 ML gemcitabine 10 MG/ML Injection"/>
      </concept>
      <concept>
        <code value="2058893"/>
        <display value="180 ML gemcitabine 10 MG/ML Injection [Infugem]"/>
      </concept>
      <concept>
        <code value="2058894"/>
        <display value="190 ML gemcitabine 10 MG/ML Injection"/>
      </concept>
      <concept>
        <code value="2058895"/>
        <display value="190 ML gemcitabine 10 MG/ML Injection [Infugem]"/>
      </concept>
      <concept>
        <code value="2058912"/>
        <display value="130 ML gemcitabine 10 MG/ML Injection"/>
      </concept>
      <concept>
        <code value="2058918"/>
        <display value="130 ML gemcitabine 10 MG/ML Injection [Infugem]"/>
      </concept>
      <concept>
        <code value="2058927"/>
        <display value="200 ML gemcitabine 10 MG/ML Injection"/>
      </concept>
      <concept>
        <code value="2058928"/>
        <display value="200 ML gemcitabine 10 MG/ML Injection [Infugem]"/>
      </concept>
      <concept>
        <code value="2058933"/>
        <display value="220 ML gemcitabine 10 MG/ML Injection"/>
      </concept>
      <concept>
        <code value="2058934"/>
        <display value="220 ML gemcitabine 10 MG/ML Injection [Infugem]"/>
      </concept>
      <concept>
        <code value="206831"/>
        <display value="etoposide 20 MG/ML Injectable Solution [Toposar]"/>
      </concept>
      <concept>
        <code value="207136"/>
        <display value="methylprednisolone 2 MG Oral Tablet [Medrol]"/>
      </concept>
      <concept>
        <code value="207137"/>
        <display value="methylprednisolone 8 MG Oral Tablet [Medrol]"/>
      </concept>
      <concept>
        <code value="207138"/>
        <display value="methylprednisolone 16 MG Oral Tablet [Medrol]"/>
      </concept>
      <concept>
        <code value="207141"/>
        <display value="methylprednisolone 32 MG Oral Tablet [Medrol]"/>
      </concept>
      <concept>
        <code value="207190"/>
        <display value="methylprednisolone 40 MG Injection [A-MethaPred]"/>
      </concept>
      <concept>
        <code value="207191"/>
        <display value="methylprednisolone 40 MG Injection [Solu-Medrol]"/>
      </concept>
      <concept>
        <code value="207192"/>
        <display value="methylprednisolone 125 MG Injection [A-MethaPred]"/>
      </concept>
      <concept>
        <code value="207193"/>
        <display value="methylprednisolone 62.5 MG/ML Injectable Solution [Solu-Medrol]"/>
      </concept>
      <concept>
        <code value="2105"/>
        <display value="carmustine"/>
      </concept>
      <concept>
        <code value="2105824"/>
        <display value="rituximab-abbs"/>
      </concept>
      <concept>
        <code value="2105825"/>
        <display value="rituximab-abbs 10 MG/ML"/>
      </concept>
      <concept>
        <code value="2105826"/>
        <display value="10 ML rituximab-abbs 10 MG/ML Injection"/>
      </concept>
      <concept>
        <code value="2105827"/>
        <display value="Truxima"/>
      </concept>
      <concept>
        <code value="2105828"/>
        <display value="rituximab-abbs 10 MG/ML [Truxima]"/>
      </concept>
      <concept>
        <code value="2105829"/>
        <display value="rituximab Injection [Truxima]"/>
      </concept>
      <concept>
        <code value="2105830"/>
        <display value="Truxima Injectable Product"/>
      </concept>
      <concept>
        <code value="2105831"/>
        <display value="10 ML rituximab-abbs 10 MG/ML Injection [Truxima]"/>
      </concept>
      <concept>
        <code value="2105834"/>
        <display value="50 ML rituximab-abbs 10 MG/ML Injection"/>
      </concept>
      <concept>
        <code value="2105835"/>
        <display value="50 ML rituximab-abbs 10 MG/ML Injection [Truxima]"/>
      </concept>
      <concept>
        <code value="212994"/>
        <display value="carmustine 7.7 MG Drug Implant [Gliadel]"/>
      </concept>
      <concept>
        <code value="217357"/>
        <display value="Gliadel"/>
      </concept>
      <concept>
        <code value="217701"/>
        <display value="Ifex"/>
      </concept>
      <concept>
        <code value="2178262"/>
        <display value="Belrapzo"/>
      </concept>
      <concept>
        <code value="2178263"/>
        <display value="bendamustine hydrochloride 25 MG/ML [Belrapzo]"/>
      </concept>
      <concept>
        <code value="2178264"/>
        <display value="bendamustine Injectable Solution [Belrapzo]"/>
      </concept>
      <concept>
        <code value="2178265"/>
        <display value="Belrapzo Injectable Product"/>
      </concept>
      <concept>
        <code value="2178266"/>
        <display value="bendamustine hydrochloride 25 MG/ML Injectable Solution [Belrapzo]"/>
      </concept>
      <concept>
        <code value="220347"/>
        <display value="Toposar"/>
      </concept>
      <concept>
        <code value="221085"/>
        <display value="cyclophosphamide lyophilized"/>
      </concept>
      <concept>
        <code value="22584"/>
        <display value="Depo-Medrol"/>
      </concept>
      <concept>
        <code value="226719"/>
        <display value="etoposide 100 MG Injection [Etopophos]"/>
      </concept>
      <concept>
        <code value="226754"/>
        <display value="Rituxan"/>
      </concept>
      <concept>
        <code value="2273510"/>
        <display value="rituximab-pvvr"/>
      </concept>
      <concept>
        <code value="2273511"/>
        <display value="rituximab-pvvr 10 MG/ML"/>
      </concept>
      <concept>
        <code value="2273512"/>
        <display value="10 ML rituximab-pvvr 10 MG/ML Injection"/>
      </concept>
      <concept>
        <code value="2273513"/>
        <display value="Ruxience"/>
      </concept>
      <concept>
        <code value="2273514"/>
        <display value="rituximab-pvvr 10 MG/ML [Ruxience]"/>
      </concept>
      <concept>
        <code value="2273515"/>
        <display value="rituximab Injection [Ruxience]"/>
      </concept>
      <concept>
        <code value="2273516"/>
        <display value="Ruxience Injectable Product"/>
      </concept>
      <concept>
        <code value="2273517"/>
        <display value="10 ML rituximab-pvvr 10 MG/ML Injection [Ruxience]"/>
      </concept>
      <concept>
        <code value="2273520"/>
        <display value="50 ML rituximab-pvvr 10 MG/ML Injection"/>
      </concept>
      <concept>
        <code value="2273521"/>
        <display value="50 ML rituximab-pvvr 10 MG/ML Injection [Ruxience]"/>
      </concept>
      <concept>
        <code value="2285806"/>
        <display value="cytarabine / daunorubicin Injection [Vyxeos]"/>
      </concept>
      <concept>
        <code value="2285807"/>
        <display value="cytarabine / daunorubicin Injection"/>
      </concept>
      <concept>
        <code value="2285813"/>
        <display value="cytarabine / daunorubicin Injectable Product"/>
      </concept>
      <concept>
        <code value="234449"/>
        <display value="iodine-131-tositumomab"/>
      </concept>
      <concept>
        <code value="235857"/>
        <display value="melphalan hydrochloride"/>
      </concept>
      <concept>
        <code value="236234"/>
        <display value="gemcitabine hydrochloride"/>
      </concept>
      <concept>
        <code value="2386858"/>
        <display value="cyclophosphamide 200 MG/ML"/>
      </concept>
      <concept>
        <code value="2386859"/>
        <display value="cyclophosphamide 200 MG/ML Injectable Solution"/>
      </concept>
      <concept>
        <code value="240416"/>
        <display value="cytarabine 20 MG/ML Injectable Solution"/>
      </concept>
      <concept>
        <code value="240573"/>
        <display value="pentostatin 10 MG Injection"/>
      </concept>
      <concept>
        <code value="245255"/>
        <display value="cytarabine 50 MG/ML Injectable Solution"/>
      </concept>
      <concept>
        <code value="24614"/>
        <display value="etoposide phosphate"/>
      </concept>
      <concept>
        <code value="24698"/>
        <display value="fludarabine"/>
      </concept>
      <concept>
        <code value="2472325"/>
        <display value="rituximab-arrx"/>
      </concept>
      <concept>
        <code value="2472326"/>
        <display value="rituximab-arrx 10 MG/ML"/>
      </concept>
      <concept>
        <code value="2472327"/>
        <display value="10 ML rituximab-arrx 10 MG/ML Injection"/>
      </concept>
      <concept>
        <code value="2472328"/>
        <display value="Riabni"/>
      </concept>
      <concept>
        <code value="2472329"/>
        <display value="rituximab-arrx 10 MG/ML [Riabni]"/>
      </concept>
      <concept>
        <code value="2472330"/>
        <display value="rituximab Injection [Riabni]"/>
      </concept>
      <concept>
        <code value="2472331"/>
        <display value="Riabni Injectable Product"/>
      </concept>
      <concept>
        <code value="2472332"/>
        <display value="10 ML rituximab-arrx 10 MG/ML Injection [Riabni]"/>
      </concept>
      <concept>
        <code value="2472335"/>
        <display value="50 ML rituximab-arrx 10 MG/ML Injection"/>
      </concept>
      <concept>
        <code value="2472336"/>
        <display value="50 ML rituximab-arrx 10 MG/ML Injection [Riabni]"/>
      </concept>
      <concept>
        <code value="249364"/>
        <display value="20 ML cytarabine 100 MG/ML Injection"/>
      </concept>
      <concept>
        <code value="250758"/>
        <display value="treosulfan 50 MG/ML Injectable Solution"/>
      </concept>
      <concept>
        <code value="25102"/>
        <display value="fludarabine phosphate"/>
      </concept>
      <concept>
        <code value="253113"/>
        <display value="10 ML busulfan 6 MG/ML Injection"/>
      </concept>
      <concept>
        <code value="2531369"/>
        <display value="melphalan flufenamide"/>
      </concept>
      <concept>
        <code value="2531370"/>
        <display value="melphalan flufenamide hydrochloride"/>
      </concept>
      <concept>
        <code value="2531371"/>
        <display value="melphalan flufenamide 20 MG"/>
      </concept>
      <concept>
        <code value="2531372"/>
        <display value="melphalan flufenamide Injectable Product"/>
      </concept>
      <concept>
        <code value="2531373"/>
        <display value="melphalan flufenamide Injection"/>
      </concept>
      <concept>
        <code value="2531374"/>
        <display value="melphalan flufenamide 20 MG Injection"/>
      </concept>
      <concept>
        <code value="2531376"/>
        <display value="melphalan flufenamide 20 MG [Pepaxto]"/>
      </concept>
      <concept>
        <code value="2531377"/>
        <display value="melphalan flufenamide Injection [Pepaxto]"/>
      </concept>
      <concept>
        <code value="2531379"/>
        <display value="melphalan flufenamide 20 MG Injection [Pepaxto]"/>
      </concept>
      <concept>
        <code value="2568661"/>
        <display value="5 ML cyclophosphamide 200 MG/ML Injection"/>
      </concept>
      <concept>
        <code value="2568663"/>
        <display value="2.5 ML cyclophosphamide 200 MG/ML Injection"/>
      </concept>
      <concept>
        <code value="259966"/>
        <display value="methylprednisolone 4 MG Oral Tablet"/>
      </concept>
      <concept>
        <code value="260330"/>
        <display value="methylprednisolone 4 MG Oral Tablet [Medrol]"/>
      </concept>
      <concept>
        <code value="262323"/>
        <display value="ibritumomab tiuxetan"/>
      </concept>
      <concept>
        <code value="263010"/>
        <display value="tositumomab"/>
      </concept>
      <concept>
        <code value="274342"/>
        <display value="Etopophos"/>
      </concept>
      <concept>
        <code value="284425"/>
        <display value="10 ML busulfan 6 MG/ML Injection [Busulfex]"/>
      </concept>
      <concept>
        <code value="284676"/>
        <display value="Busulfex"/>
      </concept>
      <concept>
        <code value="29917"/>
        <display value="methylprednisolone sodium phosphate"/>
      </concept>
      <concept>
        <code value="3002"/>
        <display value="cyclophosphamide"/>
      </concept>
      <concept>
        <code value="3041"/>
        <display value="cytarabine"/>
      </concept>
      <concept>
        <code value="309012"/>
        <display value="carmustine 100 MG Injection"/>
      </concept>
      <concept>
        <code value="309013"/>
        <display value="carmustine 7.7 MG Drug Implant"/>
      </concept>
      <concept>
        <code value="310248"/>
        <display value="etoposide 20 MG/ML Injectable Solution"/>
      </concept>
      <concept>
        <code value="311487"/>
        <display value="melphalan 50 MG Injection"/>
      </concept>
      <concept>
        <code value="311659"/>
        <display value="methylprednisolone 40 MG Injection"/>
      </concept>
      <concept>
        <code value="314099"/>
        <display value="methylprednisolone 62.5 MG/ML Injectable Solution"/>
      </concept>
      <concept>
        <code value="315503"/>
        <display value="busulfan 6 MG/ML"/>
      </concept>
      <concept>
        <code value="315746"/>
        <display value="cyclophosphamide 25 MG"/>
      </concept>
      <concept>
        <code value="315747"/>
        <display value="cyclophosphamide 50 MG"/>
      </concept>
      <concept>
        <code value="315912"/>
        <display value="etoposide 20 MG/ML"/>
      </concept>
      <concept>
        <code value="315913"/>
        <display value="etoposide 50 MG"/>
      </concept>
      <concept>
        <code value="316160"/>
        <display value="lomustine 10 MG"/>
      </concept>
      <concept>
        <code value="316161"/>
        <display value="lomustine 100 MG"/>
      </concept>
      <concept>
        <code value="316162"/>
        <display value="lomustine 40 MG"/>
      </concept>
      <concept>
        <code value="316285"/>
        <display value="methylprednisolone 2 MG"/>
      </concept>
      <concept>
        <code value="316287"/>
        <display value="methylprednisolone 32 MG"/>
      </concept>
      <concept>
        <code value="316288"/>
        <display value="methylprednisolone 8 MG"/>
      </concept>
      <concept>
        <code value="316648"/>
        <display value="rituximab 10 MG/ML"/>
      </concept>
      <concept>
        <code value="317426"/>
        <display value="methylprednisolone 16 MG"/>
      </concept>
      <concept>
        <code value="317427"/>
        <display value="methylprednisolone 4 MG"/>
      </concept>
      <concept>
        <code value="317620"/>
        <display value="busulfan 2 MG"/>
      </concept>
      <concept>
        <code value="317646"/>
        <display value="melphalan 2 MG"/>
      </concept>
      <concept>
        <code value="328161"/>
        <display value="methylprednisolone 16 MG Oral Tablet"/>
      </concept>
      <concept>
        <code value="328431"/>
        <display value="fludarabine phosphate 25 MG/ML"/>
      </concept>
      <concept>
        <code value="329753"/>
        <display value="etoposide 100 MG"/>
      </concept>
      <concept>
        <code value="330037"/>
        <display value="methylprednisolone 40 MG"/>
      </concept>
      <concept>
        <code value="330459"/>
        <display value="ifosfamide 50 MG/ML"/>
      </concept>
      <concept>
        <code value="331779"/>
        <display value="cytarabine 100 MG/ML"/>
      </concept>
      <concept>
        <code value="332216"/>
        <display value="methylprednisolone 100 MG"/>
      </concept>
      <concept>
        <code value="332422"/>
        <display value="cytarabine 20 MG/ML"/>
      </concept>
      <concept>
        <code value="333668"/>
        <display value="cytarabine 50 MG/ML"/>
      </concept>
      <concept>
        <code value="336841"/>
        <display value="treosulfan 250 MG"/>
      </concept>
      <concept>
        <code value="340520"/>
        <display value="carmustine 7.7 MG"/>
      </concept>
      <concept>
        <code value="343027"/>
        <display value="BiCNU"/>
      </concept>
      <concept>
        <code value="346173"/>
        <display value="methylprednisolone 62.5 MG/ML"/>
      </concept>
      <concept>
        <code value="346209"/>
        <display value="carboplatin 10 MG/ML"/>
      </concept>
      <concept>
        <code value="352384"/>
        <display value="ifosfamide / mesna"/>
      </concept>
      <concept>
        <code value="362772"/>
        <display value="methylprednisolone Injectable Solution [Solu-Medrol]"/>
      </concept>
      <concept>
        <code value="362881"/>
        <display value="etoposide Injectable Solution [Toposar]"/>
      </concept>
      <concept>
        <code value="365570"/>
        <display value="methylprednisolone Injectable Suspension [Depo-Medrol]"/>
      </concept>
      <concept>
        <code value="368542"/>
        <display value="busulfan Oral Tablet [Myleran]"/>
      </concept>
      <concept>
        <code value="368772"/>
        <display value="methylprednisolone Oral Tablet [Medrol]"/>
      </concept>
      <concept>
        <code value="368873"/>
        <display value="melphalan Oral Tablet [Alkeran]"/>
      </concept>
      <concept>
        <code value="371165"/>
        <display value="busulfan Oral Tablet"/>
      </concept>
      <concept>
        <code value="371664"/>
        <display value="cyclophosphamide Oral Tablet"/>
      </concept>
      <concept>
        <code value="371676"/>
        <display value="cytarabine Injectable Solution"/>
      </concept>
      <concept>
        <code value="372132"/>
        <display value="etoposide Oral Capsule"/>
      </concept>
      <concept>
        <code value="372631"/>
        <display value="lomustine Oral Capsule"/>
      </concept>
      <concept>
        <code value="372756"/>
        <display value="melphalan Oral Tablet"/>
      </concept>
      <concept>
        <code value="372866"/>
        <display value="methylprednisolone Injectable Suspension"/>
      </concept>
      <concept>
        <code value="372868"/>
        <display value="methylprednisolone Oral Tablet"/>
      </concept>
      <concept>
        <code value="374186"/>
        <display value="treosulfan Oral Capsule"/>
      </concept>
      <concept>
        <code value="376656"/>
        <display value="methylprednisolone Injectable Solution"/>
      </concept>
      <concept>
        <code value="376666"/>
        <display value="cyclophosphamide Injectable Solution"/>
      </concept>
      <concept>
        <code value="376890"/>
        <display value="etoposide Injectable Solution"/>
      </concept>
      <concept>
        <code value="377198"/>
        <display value="treosulfan Injectable Solution"/>
      </concept>
      <concept>
        <code value="378363"/>
        <display value="carboplatin Injectable Solution"/>
      </concept>
      <concept>
        <code value="378774"/>
        <display value="carmustine Drug Implant"/>
      </concept>
      <concept>
        <code value="38508"/>
        <display value="treosulfan"/>
      </concept>
      <concept>
        <code value="393413"/>
        <display value="fludarabine Oral Tablet"/>
      </concept>
      <concept>
        <code value="393483"/>
        <display value="treosulfan 50 MG/ML"/>
      </concept>
      <concept>
        <code value="40048"/>
        <display value="carboplatin"/>
      </concept>
      <concept>
        <code value="405951"/>
        <display value="carmustine Drug Implant [Gliadel]"/>
      </concept>
      <concept>
        <code value="4179"/>
        <display value="etoposide"/>
      </concept>
      <concept>
        <code value="44151"/>
        <display value="clofarabine"/>
      </concept>
      <concept>
        <code value="486417"/>
        <display value="clofarabine 1 MG/ML"/>
      </concept>
      <concept>
        <code value="486419"/>
        <display value="20 ML clofarabine 1 MG/ML Injection"/>
      </concept>
      <concept>
        <code value="493622"/>
        <display value="Clolar"/>
      </concept>
      <concept>
        <code value="544913"/>
        <display value="clofarabine 1 MG/ML [Clolar]"/>
      </concept>
      <concept>
        <code value="544915"/>
        <display value="20 ML clofarabine 1 MG/ML Injection [Clolar]"/>
      </concept>
      <concept>
        <code value="544939"/>
        <display value="cytarabine Injectable Suspension"/>
      </concept>
      <concept>
        <code value="544940"/>
        <display value="cytarabine 50 MG/ML Injectable Suspension"/>
      </concept>
      <concept>
        <code value="564078"/>
        <display value="busulfan 2 MG [Myleran]"/>
      </concept>
      <concept>
        <code value="564088"/>
        <display value="melphalan 2 MG [Alkeran]"/>
      </concept>
      <concept>
        <code value="5657"/>
        <display value="ifosfamide"/>
      </concept>
      <concept>
        <code value="567639"/>
        <display value="etoposide 20 MG/ML [Toposar]"/>
      </concept>
      <concept>
        <code value="567927"/>
        <display value="methylprednisolone 2 MG [Medrol]"/>
      </concept>
      <concept>
        <code value="567928"/>
        <display value="methylprednisolone 8 MG [Medrol]"/>
      </concept>
      <concept>
        <code value="567929"/>
        <display value="methylprednisolone 16 MG [Medrol]"/>
      </concept>
      <concept>
        <code value="567932"/>
        <display value="methylprednisolone 32 MG [Medrol]"/>
      </concept>
      <concept>
        <code value="567984"/>
        <display value="methylprednisolone 62.5 MG/ML [Solu-Medrol]"/>
      </concept>
      <concept>
        <code value="572946"/>
        <display value="carmustine 7.7 MG [Gliadel]"/>
      </concept>
      <concept>
        <code value="573051"/>
        <display value="rituximab 10 MG/ML [Rituxan]"/>
      </concept>
      <concept>
        <code value="573495"/>
        <display value="carboplatin 10 MG/ML [Paraplatin]"/>
      </concept>
      <concept>
        <code value="574125"/>
        <display value="methylprednisolone 4 MG [Medrol]"/>
      </concept>
      <concept>
        <code value="574864"/>
        <display value="busulfan 6 MG/ML [Busulfex]"/>
      </concept>
      <concept>
        <code value="597195"/>
        <display value="carboplatin 10 MG/ML Injectable Solution"/>
      </concept>
      <concept>
        <code value="62136"/>
        <display value="methylprednisolone aceponate"/>
      </concept>
      <concept>
        <code value="6466"/>
        <display value="lomustine"/>
      </concept>
      <concept>
        <code value="6718"/>
        <display value="melphalan"/>
      </concept>
      <concept>
        <code value="686161"/>
        <display value="carboplatin 10 MG/ML Injectable Solution [Paraplatin]"/>
      </concept>
      <concept>
        <code value="6902"/>
        <display value="methylprednisolone"/>
      </concept>
      <concept>
        <code value="690313"/>
        <display value="cyclophosphamide / mannitol"/>
      </concept>
      <concept>
        <code value="741098"/>
        <display value="Treanda"/>
      </concept>
      <concept>
        <code value="762675"/>
        <display value="{21 (methylprednisolone 4 MG Oral Tablet) } Pack"/>
      </concept>
      <concept>
        <code value="790322"/>
        <display value="bendamustine Injectable Solution"/>
      </concept>
      <concept>
        <code value="8011"/>
        <display value="pentostatin"/>
      </concept>
      <concept>
        <code value="828705"/>
        <display value="fludarabine phosphate 10 MG"/>
      </concept>
      <concept>
        <code value="828706"/>
        <display value="fludarabine phosphate 10 MG Oral Tablet"/>
      </concept>
      <concept>
        <code value="834023"/>
        <display value="{21 (methylprednisolone 4 MG Oral Tablet [Medrol]) } Pack [Medrol Dosepak]"/>
      </concept>
      <concept>
        <code value="876399"/>
        <display value="melphalan 50 MG Injection [Alkeran]"/>
      </concept>
      <concept>
        <code value="899367"/>
        <display value="{10 (20 ML ifosfamide 50 MG/ML Injection) / 10 (mesna 100 MG/ML Injectable Solution) } Pack"/>
      </concept>
      <concept>
        <code value="900173"/>
        <display value="{2 (60 ML ifosfamide 50 MG/ML Injection) / 6 (mesna 100 MG/ML Injectable Solution) } Pack"/>
      </concept>
      <concept>
        <code value="900175"/>
        <display value="{5 (20 ML ifosfamide 50 MG/ML Injection) / 3 (mesna 100 MG/ML Injectable Solution) } Pack"/>
      </concept>
      <concept>
        <code value="93698"/>
        <display value="carboplatin Injectable Solution [Paraplatin]"/>
      </concept>
      <concept>
        <code value="968804"/>
        <display value="cytarabine liposome"/>
      </concept>
    </include>
  </compose>
</ValueSet>