<?xml version="1.0" encoding="UTF-8"?>

<ValueSet xmlns="http://hl7.org/fhir">
  <id value="med-treosulfan-vs"/>
  <text>
    <status value="generated"/><div xmlns="http://www.w3.org/1999/xhtml"><ul><li>Include these codes as defined in <a href="http://www.nlm.nih.gov/research/umls/rxnorm"><code>http://www.nlm.nih.gov/research/umls/rxnorm</code></a><table class="none"><tr><td style="white-space:nowrap"><b>Code</b></td><td><b>Display</b></td></tr><tr><td>38508</td><td>treosulfan</td></tr><tr><td>336841</td><td>treosulfan 250 MG</td></tr><tr><td>393483</td><td>treosulfan 50 MG/ML</td></tr><tr><td>1162765</td><td>treosulfan Injectable Product</td></tr><tr><td>377198</td><td>treosulfan Injectable Solution</td></tr><tr><td>374186</td><td>treosulfan Oral Capsule</td></tr><tr><td>1162766</td><td>treosulfan Oral Product</td></tr><tr><td>1162767</td><td>treosulfan Pill</td></tr></table></li></ul></div>
  </text>
  <url value="http://fhir.nmdp.org/ig/cibmtr-reporting/ValueSet/med-treosulfan-vs"/>
  <version value="0.1.6"/>
  <name value="RxNormTreosulfanVS"/>
  <title value="RxNorm - Treosulfan"/>
  <status value="active"/>
  <experimental value="true"/>
  <date value="2023-05-05T10:07:01-05:00"/>
  <publisher value="The Medical College of Wisconsin, Inc. and the National Marrow Donor Program"/>
  <contact>
    <name value="The Medical College of Wisconsin, Inc. and the National Marrow Donor Program"/>
    <telecom>
      <system value="url"/>
      <value value="http://www.cibmtr.org"/>
    </telecom>
  </contact>
  <contact>
    <name value="Bob Milius"/>
    <telecom>
      <system value="email"/>
      <value value="bmilius@nmdp.org"/>
    </telecom>
  </contact>
  <description value="RxNorm codes for Treosulfan"/>
  <compose>
    <include>
      <system value="http://www.nlm.nih.gov/research/umls/rxnorm"/>
      <concept>
        <code value="38508"/>
        <display value="treosulfan"/>
      </concept>
      <concept>
        <code value="336841"/>
        <display value="treosulfan 250 MG"/>
      </concept>
      <concept>
        <code value="393483"/>
        <display value="treosulfan 50 MG/ML"/>
      </concept>
      <concept>
        <code value="1162765"/>
        <display value="treosulfan Injectable Product"/>
      </concept>
      <concept>
        <code value="377198"/>
        <display value="treosulfan Injectable Solution"/>
      </concept>
      <concept>
        <code value="374186"/>
        <display value="treosulfan Oral Capsule"/>
      </concept>
      <concept>
        <code value="1162766"/>
        <display value="treosulfan Oral Product"/>
      </concept>
      <concept>
        <code value="1162767"/>
        <display value="treosulfan Pill"/>
      </concept>
    </include>
  </compose>
</ValueSet>