{
  "resourceType" : "ValueSet",
  "id" : "gvhd-sct-codes",
  "text" : {
    "status" : "generated",
    "div" : "<div xmlns=\"http://www.w3.org/1999/xhtml\"><ul><li>Include codes from <a href=\"http://www.snomed.org/\"><code>http://snomed.info/sct</code></a> where concept  is-a  234646005 (Graft versus host disease)</li></ul></div>"
  },
  "url" : "http://fhir.nmdp.org/ig/cibmtr-reporting/ValueSet/gvhd-sct-codes",
  "version" : "0.1.6",
  "name" : "GVHDSCTVS",
  "title" : "GVHD SNOMED CT Codes",
  "status" : "active",
  "experimental" : true,
  "date" : "2023-05-04T09:48:28-05:00",
  "publisher" : "The Medical College of Wisconsin, Inc. and the National Marrow Donor Program",
  "contact" : [{
    "name" : "The Medical College of Wisconsin, Inc. and the National Marrow Donor Program",
    "telecom" : [{
      "system" : "url",
      "value" : "http://www.cibmtr.org"
    }]
  },
  {
    "name" : "Bob Milius",
    "telecom" : [{
      "system" : "email",
      "value" : "bmilius@nmdp.org"
    }]
  }],
  "description" : "GVHD SNOMED CT Codes",
  "compose" : {
    "include" : [{
      "system" : "http://snomed.info/sct",
      "filter" : [{
        "property" : "concept",
        "op" : "is-a",
        "value" : "234646005"
      }]
    }]
  }
}