<?xml version="1.0" encoding="UTF-8"?><CodeSystem xmlns="http://hl7.org/fhir"><id value="cibmtr-cadsr-cde"/><text><status value="generated"/><div xmlns="http://www.w3.org/1999/xhtml"><p>This code system <code>http://cdebrowser.nci.nih.gov</code> defines many codes, of which the following are a subset:</p><table class="codes"><tr><td style="white-space:nowrap"><b>Code</b></td><td><b>Display</b></td></tr><tr><td style="white-space:nowrap">2603692<a name="cibmtr-cadsr-cde-2603692"> </a></td><td>Acute Graft Versus Host Disease Maximum Overall Grade</td></tr><tr><td style="white-space:nowrap">2626409<a name="cibmtr-cadsr-cde-2626409"> </a></td><td>Biopsy Anatomic Site Performed Name</td></tr><tr><td style="white-space:nowrap">2797618<a name="cibmtr-cadsr-cde-2797618"> </a></td><td>Acute Graft Versus Host Disease Skin Involvement Maximum Severity Type</td></tr><tr><td style="white-space:nowrap">2797633<a name="cibmtr-cadsr-cde-2797633"> </a></td><td>Acute Graft Versus Host Disease Lower Gastrointestinal Tract Involvement Maximum Severity Type</td></tr><tr><td style="white-space:nowrap">2797671<a name="cibmtr-cadsr-cde-2797671"> </a></td><td>Acute Graft Versus Host Disease Liver Involvement Maximum Severity Type</td></tr><tr><td style="white-space:nowrap">2980753<a name="cibmtr-cadsr-cde-2980753"> </a></td><td>Therapeutic Procedure Administered Type</td></tr><tr><td style="white-space:nowrap">3005293<a name="cibmtr-cadsr-cde-3005293"> </a></td><td>Graft Versus Host Disease Diagnosis Type</td></tr><tr><td style="white-space:nowrap">5040179<a name="cibmtr-cadsr-cde-5040179"> </a></td><td>Acute Graft Versus Host Disease Stage Upper Gastrointestinal Tract Severity Type</td></tr><tr><td style="white-space:nowrap">5263856<a name="cibmtr-cadsr-cde-5263856"> </a></td><td>Post Infusion Procedure Timepoint Type</td></tr><tr><td style="white-space:nowrap">6975011<a name="cibmtr-cadsr-cde-6975011"> </a></td><td>Concomitant Medication Use Indication Reason</td></tr></table></div></text><url value="http://cdebrowser.nci.nih.gov"/><version value="0.1.5"/><name value="CADSR_CDE_CS"/><title value="NIH Common Data Elements for CIBMTR"/><status value="active"/><experimental value="false"/><date value="2022-11-09T13:32:08-06:00"/><publisher value="The Medical College of Wisconsin, Inc. and the National Marrow Donor Program"/><contact><name value="The Medical College of Wisconsin, Inc. and the National Marrow Donor Program"/><telecom><system value="url"/><value value="http://www.cibmtr.org"/></telecom></contact><contact><name value="Bob Milius"/><telecom><system value="email"/><value value="bmilius@nmdp.org"/></telecom></contact><description value="NIH Common Data Elements for CIBMTR"/><copyright value="National Cancer Institute (NCI)"/><content value="fragment"/><concept><code value="2603692"/><display value="Acute Graft Versus Host Disease Maximum Overall Grade"/></concept><concept><code value="2626409"/><display value="Biopsy Anatomic Site Performed Name"/></concept><concept><code value="2797618"/><display value="Acute Graft Versus Host Disease Skin Involvement Maximum Severity Type"/></concept><concept><code value="2797633"/><display value="Acute Graft Versus Host Disease Lower Gastrointestinal Tract Involvement Maximum Severity Type"/></concept><concept><code value="2797671"/><display value="Acute Graft Versus Host Disease Liver Involvement Maximum Severity Type"/></concept><concept><code value="2980753"/><display value="Therapeutic Procedure Administered Type"/></concept><concept><code value="3005293"/><display value="Graft Versus Host Disease Diagnosis Type"/></concept><concept><code value="5040179"/><display value="Acute Graft Versus Host Disease Stage Upper Gastrointestinal Tract Severity Type"/></concept><concept><code value="5263856"/><display value="Post Infusion Procedure Timepoint Type"/></concept><concept><code value="6975011"/><display value="Concomitant Medication Use Indication Reason"/></concept></CodeSystem>