<?xml version="1.0" encoding="UTF-8"?><ValueSet xmlns="http://hl7.org/fhir"><id value="med-anti-thymocyte-globulin-vs"/><text><status value="generated"/><div xmlns="http://www.w3.org/1999/xhtml"><ul><li>Include these codes as defined in <a href="http://www.nlm.nih.gov/research/umls/rxnorm"><code>http://www.nlm.nih.gov/research/umls/rxnorm</code></a><table class="none"><tr><td style="white-space:nowrap"><b>Code</b></td><td><b>Display</b></td></tr><tr><td>1204</td><td>ATGAM</td></tr><tr><td>1011</td><td>lymphocyte immune globulin, anti-thymocyte globulin</td></tr><tr><td>225741</td><td>Thymoglobulin</td></tr><tr><td>91601</td><td>lymphocyte immune globulin, anti-thymocyte globulin, equine</td></tr><tr><td>206289</td><td>5 ML lymphocyte immune globulin, anti-thymocyte globulin, equine 50 MG/ML Injection [ATGAM]</td></tr><tr><td>1165939</td><td>ATGAM Injectable Product</td></tr><tr><td>2282515</td><td>lymphocyte immune globulin, anti-thymocyte globulin Injectable Product</td></tr><tr><td>2282516</td><td>lymphocyte immune globulin, anti-thymocyte globulin Injection</td></tr><tr><td>2282519</td><td>lymphocyte immune globulin, anti-thymocyte globulin Injection [ATGAM]</td></tr><tr><td>2282528</td><td>lymphocyte immune globulin, anti-thymocyte globulin Injection [Thymoglobulin]</td></tr><tr><td>2282514</td><td>lymphocyte immune globulin, anti-thymocyte globulin, equine 50 MG/ML</td></tr><tr><td>2282518</td><td>lymphocyte immune globulin, anti-thymocyte globulin, equine 50 MG/ML [ATGAM]</td></tr><tr><td>1870646</td><td>lymphocyte immune globulin, anti-thymocyte globulin, equine 50 MG/ML Injection [ATGAM]</td></tr><tr><td>2282525</td><td>rabbit anti-human T-lymphocyte globulin 25 MG</td></tr><tr><td>2282527</td><td>rabbit anti-human T-lymphocyte globulin 25 MG [Thymoglobulin]</td></tr><tr><td>107050</td><td>rabbit anti-human T-lymphocyte globulin 25 MG Injection [Thymoglobulin]</td></tr><tr><td>1177887</td><td>Thymoglobulin Injectable Product</td></tr></table></li></ul></div></text><url value="http://fhir.nmdp.org/ig/cibmtr-reporting/ValueSet/med-anti-thymocyte-globulin-vs"/><version value="0.1.6"/><name value="RxNormAntiThymocyteGlobulinVS"/><title value="RxNorm - Anti-Thymocyte Globulin"/><status value="active"/><experimental value="true"/><date value="2023-05-04T09:48:28-05:00"/><publisher value="The Medical College of Wisconsin, Inc. and the National Marrow Donor Program"/><contact><name value="The Medical College of Wisconsin, Inc. and the National Marrow Donor Program"/><telecom><system value="url"/><value value="http://www.cibmtr.org"/></telecom></contact><contact><name value="Bob Milius"/><telecom><system value="email"/><value value="bmilius@nmdp.org"/></telecom></contact><description value="RxNorm codes for Anti-Thymocyte Globulin"/><compose><include><system value="http://www.nlm.nih.gov/research/umls/rxnorm"/><concept><code value="1204"/><display value="ATGAM"/></concept><concept><code value="1011"/><display value="lymphocyte immune globulin, anti-thymocyte globulin"/></concept><concept><code value="225741"/><display value="Thymoglobulin"/></concept><concept><code value="91601"/><display value="lymphocyte immune globulin, anti-thymocyte globulin, equine"/></concept><concept><code value="206289"/><display value="5 ML lymphocyte immune globulin, anti-thymocyte globulin, equine 50 MG/ML Injection [ATGAM]"/></concept><concept><code value="1165939"/><display value="ATGAM Injectable Product"/></concept><concept><code value="2282515"/><display value="lymphocyte immune globulin, anti-thymocyte globulin Injectable Product"/></concept><concept><code value="2282516"/><display value="lymphocyte immune globulin, anti-thymocyte globulin Injection"/></concept><concept><code value="2282519"/><display value="lymphocyte immune globulin, anti-thymocyte globulin Injection [ATGAM]"/></concept><concept><code value="2282528"/><display value="lymphocyte immune globulin, anti-thymocyte globulin Injection [Thymoglobulin]"/></concept><concept><code value="2282514"/><display value="lymphocyte immune globulin, anti-thymocyte globulin, equine 50 MG/ML"/></concept><concept><code value="2282518"/><display value="lymphocyte immune globulin, anti-thymocyte globulin, equine 50 MG/ML [ATGAM]"/></concept><concept><code value="1870646"/><display value="lymphocyte immune globulin, anti-thymocyte globulin, equine 50 MG/ML Injection [ATGAM]"/></concept><concept><code value="2282525"/><display value="rabbit anti-human T-lymphocyte globulin 25 MG"/></concept><concept><code value="2282527"/><display value="rabbit anti-human T-lymphocyte globulin 25 MG [Thymoglobulin]"/></concept><concept><code value="107050"/><display value="rabbit anti-human T-lymphocyte globulin 25 MG Injection [Thymoglobulin]"/></concept><concept><code value="1177887"/><display value="Thymoglobulin Injectable Product"/></concept></include></compose></ValueSet>