<?xml version="1.0" encoding="UTF-8"?><ValueSet xmlns="http://hl7.org/fhir"><id value="smear-morphology-blood-vs"/><text><status value="generated"/><div xmlns="http://www.w3.org/1999/xhtml"><p>This value set includes codes based on the following rules:</p><ul><li>Include these codes as defined in <a href="http://loinc.org"><code>http://loinc.org</code></a><table class="none"><tr><td style="white-space:nowrap"><b>Code</b></td><td><b>Display</b></td></tr><tr><td><a href="http://details.loinc.org/LOINC/9317-9.html">9317-9</a></td><td>Platelet adequacy [Presence] in Blood by Light microscopy</td></tr><tr><td><a href="http://details.loinc.org/LOINC/18280-8.html">18280-8</a></td><td>Background stain [Presence] in Blood by Light microscopy</td></tr><tr><td><a href="http://details.loinc.org/LOINC/32778-3.html">32778-3</a></td><td>Fibrin strands [Presence] in Blood by Light microscopy</td></tr><tr><td><a href="http://details.loinc.org/LOINC/5909-7.html">5909-7</a></td><td>Blood smear finding [Identifier] in Blood by Light microscopy</td></tr></table></li><li>Import all the codes that are contained in <a href="ValueSet-erythrocyte-morphology-blood-vs.html">http://fhir.nmdp.org/ig/cibmtr-reporting/ValueSet/erythrocyte-morphology-blood-vs</a></li><li>Import all the codes that are contained in <a href="ValueSet-leukocyte-morphology-blood-vs.html">http://fhir.nmdp.org/ig/cibmtr-reporting/ValueSet/leukocyte-morphology-blood-vs</a></li><li>Import all the codes that are contained in <a href="ValueSet-platelet-morphology-blood-vs.html">http://fhir.nmdp.org/ig/cibmtr-reporting/ValueSet/platelet-morphology-blood-vs</a></li></ul></div></text><url value="http://fhir.nmdp.org/ig/cibmtr-reporting/ValueSet/smear-morphology-blood-vs"/><version value="0.1.4a"/><name value="SmearMorphologyBloodVS"/><title value="Smear morphology panel - Blood (34994-4)"/><status value="active"/><date value="2022-08-10T13:05:09-05:00"/><publisher value="The Medical College of Wisconsin, Inc. and the National Marrow Donor Program"/><contact><name value="The Medical College of Wisconsin, Inc. and the National Marrow Donor Program"/><telecom><system value="url"/><value value="http://www.cibmtr.org"/></telecom></contact><contact><name value="Bob Milius"/><telecom><system value="email"/><value value="bmilius@nmdp.org"/></telecom></contact><description value="Smear morphology panel - Blood (34994-4)"/><compose><include><system value="http://loinc.org"/><concept><code value="9317-9"/><display value="Platelet adequacy [Presence] in Blood by Light microscopy"/></concept><concept><code value="18280-8"/><display value="Background stain [Presence] in Blood by Light microscopy"/></concept><concept><code value="32778-3"/><display value="Fibrin strands [Presence] in Blood by Light microscopy"/></concept><concept><code value="5909-7"/><display value="Blood smear finding [Identifier] in Blood by Light microscopy"/></concept></include><include><valueSet value="http://fhir.nmdp.org/ig/cibmtr-reporting/ValueSet/erythrocyte-morphology-blood-vs"/></include><include><valueSet value="http://fhir.nmdp.org/ig/cibmtr-reporting/ValueSet/leukocyte-morphology-blood-vs"/></include><include><valueSet value="http://fhir.nmdp.org/ig/cibmtr-reporting/ValueSet/platelet-morphology-blood-vs"/></include></compose></ValueSet>