{
  "codeSystems" : [
    {
      "url" : "http://hl7.org/fhir/sid/icd-10-cm",
      "version" : "2.0.1",
      "status" : "active",
      "name" : "Icd10CM",
      "title" : "International Classification of Diseases, 10th Revision, Clinical Modification (ICD-10-CM)",
      "description" : "The International Classification of Diseases, 10th Revision, Clinical Modification (ICD-10-CM), describes the classification of morbidity and mortality information for statistical purposes and for the indexing of healthcare records by diseases. The ICD-10-CM codes can be used as the value of the Act.cd attribute.",
      "oids" : ["2.16.840.1.113883.6.90"],
      "uses" : {
      },
      "ValueSet-gvhd-icd10-codes.html" : "GVHD ICD-10 Codes"
    },
    {
      "url" : "http://loinc.org",
      "version" : "3.1.0",
      "status" : "active",
      "name" : "LOINC",
      "title" : "Logical Observation Identifiers, Names and Codes (LOINC)",
      "description" : "LOINC provides a set of universal names and ID codes for identifying laboratory and clinical test results.1,2 LOINC facilitates the exchange and pooling of results, such as blood hemoglobin, serum potassium, or vital signs, for clinical care, outcomes management, and research. LOINC's universal identifiers (names and codes) can be used in the context of order and observation exchanges between information systems that use syntax standards such as HL73, CEN TC251, ISO TC215, ASTM4, and DICOM. Specifically, the identifier can be used as the coded value for an observation in any other standard that uses the observation/observation value paradigm, whether messages, documents, application programming interface (API), etc. For example, LOINC codes are used widely in the OBX segment Observation Identifier field (OBX-3) of an ORU HL7 (HL7 version 2.x or ASTM 1238-9410) message that may be sent between a Clinical Laboratory Information Management Systems (LIMS) and Electronic Health Record Systems (EHR).5, 6 In this way, LOINC codes provide universal identifiers that allow the exchange of clinical data between heterogeneous computing environments.",
      "oids" : ["2.16.840.1.113883.6.1"],
      "uses" : {
      },
      "ValueSet-cbc-w-differential-unspecified-blood-vs.html" : "CBC W Differential panel, method unspecified - Blood (69742-5)",
      "ValueSet-auto-differential-blood-vs.html" : "Auto Differential panel - Blood (57023-4)",
      "ValueSet-platelet-morphology-blood-vs.html" : "Platelet morphology panel - Blood (58406-0)",
      "ValueSet-cibmtr-priority-variables-2022.html" : "CIBMTR Priority Variables Value Set (FY22)",
      "ValueSet-differential-unspecified-blood-vs.html" : "Differential panel, method unspecified - Blood (69738-3)",
      "ValueSet-erythrocyte-morphology-blood-vs.html" : "Erythrocyte morphology panel - Blood (58408-6)",
      "ValueSet-leukocyte-morphology-blood-vs.html" : "Leukocyte morphology panel - Blood (58407-8)",
      "ValueSet-smear-morphology-blood-vs.html" : "Smear morphology panel - Blood (34994-4)",
      "ValueSet-cbc-blood-automated-vs.html" : "CBC panel - Blood by Automated count (58410-2)",
      "ValueSet-presence-valueset.html" : "Presence Answer List",
      "ValueSet-cibmtr-priority-variables-2021.html" : "CIBMTR Priority Variables Value Set (FY21)",
      "ValueSet-cibmtr-priority-variables-epic-2021.html" : "CIBMTR Priority Variables Value Set for Epic App (FY21)",
      "ValueSet-manual-differential-blood-vs.html" : "Manual Differential panel - Blood (24318-8)"
    },
    {
      "url" : "http://snomed.info/sct",
      "version" : null,
      "status" : "active",
      "name" : "SNOMED_CT",
      "title" : "SNOMED CT (all versions)",
      "description" : "SNOMED CT is the most comprehensive and precise clinical health terminology product in the world, owned and distributed around the world by The International Health Terminology Standards Development Organisation (IHTSDO).",
      "oids" : ["2.16.840.1.113883.6.96"],
      "uses" : {
      },
      "ValueSet-presence-valueset.html" : "Presence Answer List",
      "ValueSet-hematopoietic-disorder-vs.html" : "Disorders of hematopoietic structure",
      "ValueSet-snomed-myelodysplastic-diseases-vs.html" : "SNOMED Myelodysplastic Diseases",
      "ValueSet-gvhd-sct-codes.html" : "GVHD SNOMED CT Codes"
    },
    {
      "url" : "http://www.nlm.nih.gov/research/umls/rxnorm",
      "version" : "3.0.1",
      "status" : "active",
      "name" : "RxNorm",
      "title" : "RxNorm",
      "description" : "RxNorm provides normalized names for clinical drugs and links its names to many of the drug vocabularies commonly used in pharmacy management and drug interaction software, including those of First Databank, Micromedex, and Gold Standard Drug Database. By providing links between these vocabularies, RxNorm can mediate messages between systems not using the same software and vocabulary. RxNorm now includes the United States Pharmacopeia (USP) Compendial Nomenclature from the United States Pharmacopeial Convention. USP is a cumulative data set of all Active Pharmaceutical Ingredients (API).",
      "oids" : ["2.16.840.1.113883.6.88"],
      "uses" : {
      },
      "ValueSet-med-etoposide-vs.html" : "RxNorm - Etoposide",
      "ValueSet-med-rituximab-vs.html" : "RxNorm - Rituximab",
      "ValueSet-med-cyclophosphamide-vs.html" : "RxNorm - Cyclophosphamide",
      "ValueSet-med-prep-regimen-vs.html" : "RxNorm - Prep Regimen",
      "ValueSet-med-bortezomib-vs.html" : "RxNorm - Bortezomib",
      "ValueSet-med-thiotepa-vs.html" : "RxNorm - Thiotepa",
      "ValueSet-med-mobilizing-agents-vs.html" : "RxNorm - Mobilizing Agents (auto only)",
      "ValueSet-med-treosulfan-vs.html" : "RxNorm - Treosulfan",
      "ValueSet-med-prior-exposure-vs.html" : "RxNorm - Prior Exposure: Potential Study Eligibility",
      "ValueSet-med-melphalan-vs.html" : "RxNorm - Melphalan",
      "ValueSet-med-cytarabine-vs.html" : "RxNorm - Cytarabine",
      "ValueSet-med-defibrotide-vs.html" : "RxNorm - Defibrotide",
      "ValueSet-med-gvhd-prophylaxis-vs.html" : "RxNorm - GVHD Prophylaxis",
      "ValueSet-med-busulfan-vs.html" : "RxNorm - Busulfan",
      "ValueSet-med-post-hct-disease-therapy-planned-vs.html" : "RxNorm - Post-HCT Disease Therapy Planned",
      "ValueSet-med-ursodiol-vs.html" : "RxNorm - Ursodiol",
      "ValueSet-med-alemtuzumab-vs.html" : "RxNorm - Alemtuzumab",
      "ValueSet-med-anti-thymocyte-globulin-vs.html" : "RxNorm - Anti-Thymocyte Globulin",
      "ValueSet-med-fludarabine-vs.html" : "RxNorm - Fludarabine",
      "ValueSet-med-addition-peri-transplant-vs.html" : "RxNorm - Additional Drugs in Peri-Transplant Period",
      "ValueSet-med-carmustine-vs.html" : "RxNorm - Carmustine"
    }
  ]
}
