{
  "resourceType" : "Observation",
  "id" : "ABORhObservationLOINC",
  "meta" : {
    "profile" : ["http://fhir.nmdp.org/ig/cibmtr-reporting/StructureDefinition/cibmtr-obs-priority-variables"],
    "security" : [{
      "system" : "http://terminology.cibmtr.org/codesystem/transplant-center",
      "code" : "rc_99999",
      "display" : "99999 My Transplant Center"
    }]
  },
  "text" : {
    "status" : "generated",
    "div" : "<div xmlns=\"http://www.w3.org/1999/xhtml\"><p class=\"res-header-id\"><b>Generated Narrative: Observation ABORhObservationLOINC</b></p><a name=\"ABORhObservationLOINC\"> </a><a name=\"hcABORhObservationLOINC\"> </a><a name=\"ABORhObservationLOINC-en-US\"> </a><p><b>status</b>: Final</p><p><b>category</b>: <span title=\"Codes:{http://terminology.hl7.org/CodeSystem/observation-category laboratory}\">Laboratory</span></p><p><b>code</b>: <span title=\"Codes:{http://loinc.org 882-1}\">ABO and Rh group [Type] in Blood</span></p><p><b>subject</b>: <a href=\"Patient-PatientExample6.html\"> Female, DoB Unknown ( http://terminology.cibmtr.org/identifier/CRID#123456)</a></p><p><b>effective</b>: 2020-07-21 14:17:00+0000</p><p><b>value</b>: <span title=\"Codes:{http://loinc.org LA21321-7}\">O Pos</span></p></div>"
  },
  "status" : "final",
  "category" : [{
    "coding" : [{
      "system" : "http://terminology.hl7.org/CodeSystem/observation-category",
      "code" : "laboratory"
    }]
  }],
  "code" : {
    "coding" : [{
      "system" : "http://loinc.org",
      "code" : "882-1",
      "display" : "ABO and Rh group [Type] in Blood"
    }]
  },
  "subject" : {
    "reference" : "Patient/PatientExample6"
  },
  "effectiveDateTime" : "2020-07-21T14:17:00Z",
  "valueCodeableConcept" : {
    "coding" : [{
      "system" : "http://loinc.org",
      "code" : "LA21321-7",
      "display" : "O Pos"
    }]
  }
}