URL,Version,Status,OIDs,Name,Title,Description,Uses,Used,Sources
http://cts.nlm.nih.gov/fhir/ValueSet/2.16.840.1.113762.1.4.1010.4,20170601,active,"2.16.840.1.113762.1.4.1010.4",MedicationClinicalDrug,Medication Clinical Drug,"","StructureDefinition/cibmtr-medication-request,StructureDefinition/cibmtr-medication-administration,StructureDefinition/cibmtr-gvhd-prophylaxis-medication,StructureDefinition/cibmtr-medication,StructureDefinition/cibmtr-prep-regimen-medication,StructureDefinition/cibmtr-medications,StructureDefinition/cibmtr-additional-peri-transplant-medication,StructureDefinition/cibmtr-post-hct-disease-therapy-planned-medication,StructureDefinition/cibmtr-prior-exposure-medication,StructureDefinition/cibmtr-mobilizing-agent-medication",
http://cts.nlm.nih.gov/fhir/ValueSet/2.16.840.1.113883.3.88.12.80.62,20210630,active,"2.16.840.1.113883.3.88.12.80.62",VitalSignResultType,Vital Sign Result Type,"Value Set: HITSP Vital Sign Result Type 2.16.840.1.113883.3.88.12.80.62 DYNAMIC Code System(s): LOINC 2.16.840.1.113883.6.1  Code Code System Print Name 9279-1  LOINC Respiratory Rate  8867-4  LOINC Heart Rate  2710-2  LOINC O2 % BldC Oximetry  8480-6  LOINC BP Systolic  8462-4  LOINC BP Diastolic  8310-5  LOINC Body Temperature  8302-2  LOINC Height  8306-3  LOINC Height (Lying)  8287-5  LOINC Head Circumference  3141-9  LOINC Weight Measured 39156-5 LOINC BMI (Body Mass Index) 3140-1 LOINC BSA (Body Surface Area)","StructureDefinition/cibmtr-vital-signs-height,StructureDefinition/cibmtr-vital-signs,StructureDefinition/cibmtr-vital-signs-weight","LOINC"
http://fhir.nmdp.org/ig/cibmtr-reporting/ValueSet/auto-differential-blood-vs,0.1.12,draft,,AutoDifferentialBloodVS,Auto Differential panel - Blood (57023-4),"Auto Differential panel - Blood (57023-4)","ValueSet/cbc-w-auto-differential-blood-vs","LOINC"
http://fhir.nmdp.org/ig/cibmtr-reporting/ValueSet/cbc-blood-automated-vs,0.1.12,draft,,CBCBloodAutomatedVS,CBC panel - Blood by Automated count (58410-2),"CBC panel - Blood by Automated count (58410-2)","ValueSet/cbc-w-ordered-manual-differential-blood-vs,ValueSet/cbc-w-auto-differential-blood-vs","LOINC"
http://fhir.nmdp.org/ig/cibmtr-reporting/ValueSet/cbc-w-auto-differential-blood-vs,0.1.12,draft,,CBCWAutoDifferentialBloodVS,CBC W Auto Differential panel - Blood (57021-8),"CBC W Auto Differential panel - Blood (57021-8)",,
http://fhir.nmdp.org/ig/cibmtr-reporting/ValueSet/cbc-w-differential-unspecified-blood-vs,0.1.12,draft,,CBCWDifferentialUnspecifiedBloodVS,CBC W Differential panel, method unspecified - Blood (69742-5),"CBC W Differential panel, method unspecified - Blood (69742-5)",,"LOINC"
http://fhir.nmdp.org/ig/cibmtr-reporting/ValueSet/cbc-w-ordered-manual-differential-blood-vs,0.1.12,draft,,CBCWOrderedManualDifferentialBloodVS,CBC W Ordered Manual Differential panel - Blood (57782-5),"CBC W Ordered Manual Differential panel - Blood (57782-5)",,
http://fhir.nmdp.org/ig/cibmtr-reporting/ValueSet/cibmtr-cs-vitalsigns,0.1.12,active,,CIBMTRConceptSet_VitalSigns,CIBMTR Vital Signs Concept Set,"CIBMTR Vital Signs Concept Set",,
http://fhir.nmdp.org/ig/cibmtr-reporting/ValueSet/cibmtr-priority-variables-2021,0.1.12,draft,,PriorityVariables2021,CIBMTR Priority Variables Value Set (FY21),"Priority Variables for CIBMTR (FY21)",,"LOINC"
http://fhir.nmdp.org/ig/cibmtr-reporting/ValueSet/cibmtr-priority-variables-2022,0.1.12,draft,,PriorityVariables2022,CIBMTR Priority Variables Value Set (FY22),"Priority Variables for CIBMTR (FY22)","StructureDefinition/cibmtr-obs-priority-variables","LOINC"
http://fhir.nmdp.org/ig/cibmtr-reporting/ValueSet/cibmtr-priority-variables-epic-2021,0.1.12,draft,,PriorityVariablesEpic2021,CIBMTR Priority Variables Value Set for Epic App (FY21),"Priority Variables for Epic CIBMTR Reporting App (FY21)",,"LOINC"
http://fhir.nmdp.org/ig/cibmtr-reporting/ValueSet/differential-unspecified-blood-vs,0.1.12,draft,,DifferentialUnspecifiedBloodVS,Differential panel, method unspecified - Blood (69738-3),"Differential panel, method unspecified - Blood (69738-3)","ValueSet/cbc-w-differential-unspecified-blood-vs","LOINC"
http://fhir.nmdp.org/ig/cibmtr-reporting/ValueSet/erythrocyte-morphology-blood-vs,0.1.12,draft,,ErythrocyteMorphologyBloodVS,Erythrocyte morphology panel - Blood (58408-6),"Erythrocyte morphology panel - Blood (58408-6)","ValueSet/smear-morphology-blood-vs","LOINC"
http://fhir.nmdp.org/ig/cibmtr-reporting/ValueSet/gvhd-all-valueset,0.1.12,draft,,GVHDTypeValueSet,GVHD Type Value Set,"Permissible values for types of Graft vs Host Disease, from SNOMED CT and ICD-10",,
http://fhir.nmdp.org/ig/cibmtr-reporting/ValueSet/gvhd-icd10-codes,0.1.12,draft,,GVHDICD10VS,GVHD ICD-10 Codes,"GVHD ICD-10 Codes","ValueSet/gvhd-all-valueset","hl7.terminology.r4"
http://fhir.nmdp.org/ig/cibmtr-reporting/ValueSet/gvhd-sct-codes,0.1.12,draft,,GVHDSCTVS,GVHD SNOMED CT Codes,"GVHD SNOMED CT Codes","ValueSet/gvhd-all-valueset","SCT"
http://fhir.nmdp.org/ig/cibmtr-reporting/ValueSet/hematopoietic-disorder-vs,0.1.12,draft,,HematopoieticDisorderVS,Disorders of hematopoietic structure,"SNOMED: Disorders of hematopoietic structure",,"SCT"
http://fhir.nmdp.org/ig/cibmtr-reporting/ValueSet/leukocyte-morphology-blood-vs,0.1.12,draft,,LeukocyteMorphologyBloodVS,Leukocyte morphology panel - Blood (58407-8),"Leukocyte morphology panel - Blood (58407-8)","ValueSet/smear-morphology-blood-vs","LOINC"
http://fhir.nmdp.org/ig/cibmtr-reporting/ValueSet/manual-differential-blood-vs,0.1.12,draft,,ManualDifferentialBloodVS,Manual Differential panel - Blood (24318-8),"Manual Differential panel - Blood (24318-8)","ValueSet/cbc-w-ordered-manual-differential-blood-vs","LOINC"
http://fhir.nmdp.org/ig/cibmtr-reporting/ValueSet/med-addition-peri-transplant-vs,0.1.12,draft,,RxNormAdditionalPeriTransplantVS,RxNorm - Additional Drugs in Peri-Transplant Period,"RxNorm codes for Additional Drugs in Peri-Transplant Period","ValueSet/med-all-form2400-vs,StructureDefinition/cibmtr-additional-peri-transplant-medication","RxNorm"
http://fhir.nmdp.org/ig/cibmtr-reporting/ValueSet/med-alemtuzumab-vs,0.1.12,draft,,RxNormAlemtuzumabVS,RxNorm - Alemtuzumab,"RxNorm codes for Alemtuzumab",,"RxNorm"
http://fhir.nmdp.org/ig/cibmtr-reporting/ValueSet/med-all-form2400-vs,0.1.12,draft,,RxNormAll2400VS,RxNorm - All of Form 2400,"RxNorm codes for all of Form 2400",,
http://fhir.nmdp.org/ig/cibmtr-reporting/ValueSet/med-anti-thymocyte-globulin-vs,0.1.12,draft,,RxNormAntiThymocyteGlobulinVS,RxNorm - Anti-Thymocyte Globulin,"RxNorm codes for Anti-Thymocyte Globulin",,"RxNorm"
http://fhir.nmdp.org/ig/cibmtr-reporting/ValueSet/med-bortezomib-vs,0.1.12,draft,,RxNormBortezomibVS,RxNorm - Bortezomib,"RxNorm codes for Bortezomib",,"RxNorm"
http://fhir.nmdp.org/ig/cibmtr-reporting/ValueSet/med-busulfan-vs,0.1.12,draft,,RxNormBusulfanVS,RxNorm - Busulfan,"RxNorm codes for Busulfan",,"RxNorm"
http://fhir.nmdp.org/ig/cibmtr-reporting/ValueSet/med-carmustine-vs,0.1.12,draft,,RxNormCarmustineVS,RxNorm - Carmustine,"RxNorm codes for Carmustine",,"RxNorm"
http://fhir.nmdp.org/ig/cibmtr-reporting/ValueSet/med-cyclophosphamide-vs,0.1.12,draft,,RxNormCyclophosphamideVS,RxNorm - Cyclophosphamide,"RxNorm codes for Cyclophosphamide",,"RxNorm"
http://fhir.nmdp.org/ig/cibmtr-reporting/ValueSet/med-cytarabine-vs,0.1.12,draft,,RxNormCytarabineVS,RxNorm - Cytarabine,"RxNorm codes for Cytarabine",,"RxNorm"
http://fhir.nmdp.org/ig/cibmtr-reporting/ValueSet/med-defibrotide-vs,0.1.12,draft,,RxNormDefibrotideVS,RxNorm - Defibrotide,"RxNorm codes for Defibrotide",,"RxNorm"
http://fhir.nmdp.org/ig/cibmtr-reporting/ValueSet/med-etoposide-vs,0.1.12,draft,,RxNormEtoposideVS,RxNorm - Etoposide,"RxNorm codes for Etoposide",,"RxNorm"
http://fhir.nmdp.org/ig/cibmtr-reporting/ValueSet/med-fludarabine-vs,0.1.12,draft,,RxNormFludarabineVS,RxNorm - Fludarabine,"RxNorm codes for Fludarabine",,"RxNorm"
http://fhir.nmdp.org/ig/cibmtr-reporting/ValueSet/med-gvhd-prophylaxis-vs,0.1.12,draft,,RxNormGVHDProphylaxisVS,RxNorm - GVHD Prophylaxis,"RxNorm codes for GVHD Prophylaxis","ValueSet/med-all-form2400-vs,StructureDefinition/cibmtr-gvhd-prophylaxis-medication","RxNorm"
http://fhir.nmdp.org/ig/cibmtr-reporting/ValueSet/med-melphalan-vs,0.1.12,draft,,RxNormMelphalanVS,RxNorm - Melphalan,"RxNorm codes for Melphalan",,"RxNorm"
http://fhir.nmdp.org/ig/cibmtr-reporting/ValueSet/med-mobilizing-agents-vs,0.1.12,draft,,RxNormMobilizingAgentsVS,RxNorm - Mobilizing Agents (auto only),"RxNorm codes for Mobilizing Agents (auto only)","ValueSet/med-all-form2400-vs,StructureDefinition/cibmtr-mobilizing-agent-medication","RxNorm"
http://fhir.nmdp.org/ig/cibmtr-reporting/ValueSet/med-post-hct-disease-therapy-planned-vs,0.1.12,draft,,RxNormPostHCTDiseaseTherapyPlannedVS,RxNorm - Post-HCT Disease Therapy Planned,"RxNorm codes for Post-HCT Disease Therapy Planned","ValueSet/med-all-form2400-vs,StructureDefinition/cibmtr-post-hct-disease-therapy-planned-medication","RxNorm"
http://fhir.nmdp.org/ig/cibmtr-reporting/ValueSet/med-prep-regimen-vs,0.1.12,draft,,RxNormPrepRegimenVS,RxNorm - Prep Regimen,"RxNorm codes for Prep Regimen","ValueSet/med-all-form2400-vs,StructureDefinition/cibmtr-prep-regimen-medication","RxNorm"
http://fhir.nmdp.org/ig/cibmtr-reporting/ValueSet/med-prior-exposure-vs,0.1.12,draft,,RxNormPriorExposureVS,RxNorm - Prior Exposure: Potential Study Eligibility,"Prior Exposure: Potential Study Eligibility","ValueSet/med-all-form2400-vs,StructureDefinition/cibmtr-prior-exposure-medication","RxNorm"
http://fhir.nmdp.org/ig/cibmtr-reporting/ValueSet/med-rituximab-vs,0.1.12,draft,,RxNormRituximabVS,RxNorm - Rituximab,"RxNorm codes for Rituximab",,"RxNorm"
http://fhir.nmdp.org/ig/cibmtr-reporting/ValueSet/med-thiotepa-vs,0.1.12,draft,,RxNormThiotepaVS,RxNorm - Thiotepa,"RxNorm codes for Thiotepa",,"RxNorm"
http://fhir.nmdp.org/ig/cibmtr-reporting/ValueSet/med-treosulfan-vs,0.1.12,draft,,RxNormTreosulfanVS,RxNorm - Treosulfan,"RxNorm codes for Treosulfan",,"RxNorm"
http://fhir.nmdp.org/ig/cibmtr-reporting/ValueSet/med-ursodiol-vs,0.1.12,draft,,RxNormUrsodiolVS,RxNorm - Ursodiol,"RxNorm codes for Ursodiol",,"RxNorm"
http://fhir.nmdp.org/ig/cibmtr-reporting/ValueSet/patient,0.1.12,draft,,Patient,CIBMTR Patient Ancestry Value Set,"US Core Race Categories (Intensional).  1. This value set is used by me",,"LOINC"
http://fhir.nmdp.org/ig/cibmtr-reporting/ValueSet/platelet-morphology-blood-vs,0.1.12,draft,,PlateletMorphologyBloodVS,Platelet morphology panel - Blood (58406-0),"Platelet morphology panel - Blood (58406-0)","ValueSet/smear-morphology-blood-vs","LOINC"
http://fhir.nmdp.org/ig/cibmtr-reporting/ValueSet/presence-valueset,0.1.12,draft,,PresenceValueSet,Presence Answer List,"Permissible values for presence",,"SCT,LOINC"
http://fhir.nmdp.org/ig/cibmtr-reporting/ValueSet/smear-morphology-blood-vs,0.1.12,draft,,SmearMorphologyBloodVS,Smear morphology panel - Blood (34994-4),"Smear morphology panel - Blood (34994-4)","ValueSet/manual-differential-blood-vs","LOINC"
http://fhir.nmdp.org/ig/cibmtr-reporting/ValueSet/snomed-myelodysplastic-diseases-vs,0.1.12,draft,,SNOMEDMyelodysplasticDiseasesVS,SNOMED Myelodysplastic Diseases,"The myelodysplastic syndromes (MDS) are a group of clonal hematopoietic stem cell diseases characterized by cytopenia(s), dysplasia (abnormal growth or development leading to an alteration in size, shape, and organization of the cell) in one or more of the major myeloid cell lines (WBC, RBC, and/or platelets), ineffective hematopoiesis, and an increased risk of developing acute myelogenous leukemia (AML). MDS occurs primarily in older adults, with a median age of 70 years. The majority of recipients present with symptoms related to cytopenias. Most recipients present with anemia requiring RBC transfusions.",,"SCT"
http://fhir.nmdp.org/ig/cibmtr-reporting/ValueSet/vital-signs,0.1.12,draft,,VitalSigns,CIBMTR Vital Signs Value Set,"CIBMTR Vital Signs Value Set",,"LOINC"
http://hl7.org/fhir/ValueSet/additional-instruction-codes,4.0.1,draft,"2.16.840.1.113883.4.642.3.95",SNOMEDCTAdditionalDosageInstructions,SNOMED CT Additional Dosage Instructions,"This value set includes all SNOMED CT Additional Dosage Instructions.","StructureDefinition/cibmtr-medication-request,StructureDefinition/cibmtr-medications","SCT"
http://hl7.org/fhir/ValueSet/address-type,4.0.1,active,"2.16.840.1.113883.4.642.3.69",AddressType,AddressType,"The type of an address (physical / postal).","StructureDefinition/cibmtr-patient","hl7.fhir.r4.core"
http://hl7.org/fhir/ValueSet/address-use,4.0.1,active,"2.16.840.1.113883.4.642.3.67",AddressUse,AddressUse,"The use of an address.","StructureDefinition/cibmtr-patient","hl7.fhir.r4.core"
http://hl7.org/fhir/ValueSet/administration-method-codes,4.0.1,draft,"2.16.840.1.113883.4.642.3.97",SNOMEDCTAdministrationMethodCodes,SNOMED CT Administration Method Codes,"This value set includes some method codes from SNOMED CT - provided as an exemplar","StructureDefinition/cibmtr-medication-request,StructureDefinition/cibmtr-medication-administration,StructureDefinition/cibmtr-medications","SCT"
http://hl7.org/fhir/ValueSet/administrative-gender,4.0.1,active,"2.16.840.1.113883.4.642.3.1",AdministrativeGender,AdministrativeGender,"The gender of a person used for administrative purposes.","StructureDefinition/cibmtr-patient","hl7.fhir.r4.core"
http://hl7.org/fhir/ValueSet/approach-site-codes,4.0.1,draft,"2.16.840.1.113883.4.642.3.346",SNOMEDCTAnatomicalStructureForAdministrationSiteCodes,SNOMED CT Anatomical Structure for Administration Site Codes,"This value set includes Anatomical Structure codes from SNOMED CT - provided as an exemplar.","StructureDefinition/cibmtr-medication-request,StructureDefinition/cibmtr-medication-administration,StructureDefinition/cibmtr-medications","SCT"
http://hl7.org/fhir/ValueSet/body-site,4.0.1,draft,"2.16.840.1.113883.4.642.3.141",SNOMEDCTBodyStructures,SNOMED CT Body Structures,"This value set includes all codes from [SNOMED CT](http://snomed.info/sct) where concept is-a 442083009 (Anatomical or acquired body site (body structure)).","StructureDefinition/cibmtr-vital-signs-height,StructureDefinition/cibmtr-vital-signs,StructureDefinition/cibmtr-cytogenetics,StructureDefinition/cibmtr-vital-signs-weight,StructureDefinition/cibmtr-observation-lab,StructureDefinition/cibmtr-obs-priority-variables","SCT"
http://hl7.org/fhir/ValueSet/common-tags,4.0.1,draft,"2.16.840.1.113883.4.642.3.79",CommonTags,Common Tags,"Common Tag Codes defined by FHIR project","StructureDefinition/cibmtr-medication-request,StructureDefinition/cibmtr-vital-signs-height,StructureDefinition/cibmtr-vital-signs,StructureDefinition/cibmtr-gvhd-prophylaxis-medication,StructureDefinition/cibmtr-medication-administration,StructureDefinition/cibmtr-medication,StructureDefinition/cibmtr-medications,StructureDefinition/cibmtr-additional-peri-transplant-medication,StructureDefinition/cibmtr-prior-exposure-medication,StructureDefinition/cibmtr-mobilizing-agent-medication,StructureDefinition/cibmtr-patient,StructureDefinition/cibmtr-cytogenetics,StructureDefinition/cibmtr-vital-signs-weight,StructureDefinition/cibmtr-observation-lab,StructureDefinition/cibmtr-prep-regimen-medication,StructureDefinition/cibmtr-post-hct-disease-therapy-planned-medication,StructureDefinition/cibmtr-obs-priority-variables","THO"
http://hl7.org/fhir/ValueSet/contact-point-system,4.0.1,active,"2.16.840.1.113883.4.642.3.71",ContactPointSystem,ContactPointSystem,"Telecommunications form for contact point.","StructureDefinition/cibmtr-patient","hl7.fhir.r4.core"
http://hl7.org/fhir/ValueSet/contact-point-use,4.0.1,active,"2.16.840.1.113883.4.642.3.73",ContactPointUse,ContactPointUse,"Use of contact point.","StructureDefinition/cibmtr-patient","hl7.fhir.r4.core"
http://hl7.org/fhir/ValueSet/data-absent-reason,4.0.1,active,"2.16.840.1.113883.4.642.3.5",DataAbsentReason,DataAbsentReason,"Used to specify why the normally expected content of the data element is missing.","StructureDefinition/cibmtr-vital-signs-height,StructureDefinition/cibmtr-vital-signs,StructureDefinition/cibmtr-cytogenetics,StructureDefinition/cibmtr-vital-signs-weight,StructureDefinition/cibmtr-observation-lab,StructureDefinition/cibmtr-obs-priority-variables","THO"
http://hl7.org/fhir/ValueSet/dose-rate-type,4.0.1,draft,"2.16.840.1.113883.4.642.3.981",DoseAndRateType,DoseAndRateType,"The kind of dose or rate specified.","StructureDefinition/cibmtr-medication-request,StructureDefinition/cibmtr-medications","THO"
http://hl7.org/fhir/ValueSet/identifier-type,4.0.1,active,"2.16.840.1.113883.4.642.3.45",Identifier Type Codes,IdentifierType,"A coded type for an identifier that can be used to determine which identifier to use for a specific purpose.","StructureDefinition/cibmtr-patient","THO (V2)"
http://hl7.org/fhir/ValueSet/identifier-use,4.0.1,active,"2.16.840.1.113883.4.642.3.57",IdentifierUse,IdentifierUse,"Identifies the purpose for this identifier, if known .","StructureDefinition/cibmtr-patient","hl7.fhir.r4.core"
http://hl7.org/fhir/ValueSet/languages,4.0.1,draft,"2.16.840.1.113883.4.642.3.20",CommonLanguages,Common Languages,"This value set includes common codes from BCP-47 (http://tools.ietf.org/html/bcp47)","StructureDefinition/cibmtr-medication-request,StructureDefinition/cibmtr-vital-signs-height,StructureDefinition/cibmtr-vital-signs,StructureDefinition/cibmtr-gvhd-prophylaxis-medication,StructureDefinition/cibmtr-medication-administration,StructureDefinition/cibmtr-medication,StructureDefinition/cibmtr-medications,StructureDefinition/cibmtr-additional-peri-transplant-medication,StructureDefinition/cibmtr-prior-exposure-medication,StructureDefinition/cibmtr-mobilizing-agent-medication,StructureDefinition/cibmtr-patient,StructureDefinition/cibmtr-cytogenetics,StructureDefinition/cibmtr-vital-signs-weight,StructureDefinition/cibmtr-observation-lab,StructureDefinition/cibmtr-prep-regimen-medication,StructureDefinition/cibmtr-post-hct-disease-therapy-planned-medication,StructureDefinition/cibmtr-obs-priority-variables","hl7.fhir.uv.xver-r5.r4"
http://hl7.org/fhir/ValueSet/link-type,4.0.1,active,"2.16.840.1.113883.4.642.3.423",LinkType,LinkType,"The type of link between this patient resource and another patient resource.","StructureDefinition/cibmtr-patient","hl7.fhir.r4.core"
http://hl7.org/fhir/ValueSet/marital-status,4.0.1,active,"2.16.840.1.113883.4.642.3.29",Marital Status Codes,MaritalStatus,"This value set defines the set of codes that can be used to indicate the marital status of a person.","StructureDefinition/cibmtr-patient","THO (V3)"
http://hl7.org/fhir/ValueSet/med-admin-perform-function,4.0.1,draft,"2.16.840.1.113883.4.642.3.349",MedicationAdministration Performer Function Codes,Medication administration  performer  function  codes,"MedicationAdministration Performer Function Codes","StructureDefinition/cibmtr-medication-administration","THO"
http://hl7.org/fhir/ValueSet/medication-admin-category,4.0.1,draft,"2.16.840.1.113883.4.642.3.347",MedicationAdministration Category Codes,Medication administration  category  codes,"MedicationAdministration Category Codes","StructureDefinition/cibmtr-medication-administration","THO"
http://hl7.org/fhir/ValueSet/medication-admin-status,4.0.1,draft,"2.16.840.1.113883.4.642.3.340",MedicationAdministration Status Codes,Medication administration  status  codes,"MedicationAdministration Status Codes","StructureDefinition/cibmtr-medication-administration","THO"
http://hl7.org/fhir/ValueSet/medication-as-needed-reason,4.0.1,draft,"2.16.840.1.113883.4.642.3.96",SNOMEDCTMedicationAsNeededReasonCodes,SNOMED CT Medication As Needed Reason Codes,"This value set includes all clinical findings from SNOMED CT - provided as an exemplar value set.","StructureDefinition/cibmtr-medication-request,StructureDefinition/cibmtr-medications","SCT"
http://hl7.org/fhir/ValueSet/medication-form-codes,4.0.1,draft,"2.16.840.1.113883.4.642.3.374",SNOMEDCTFormCodes,SNOMED CT Form Codes,"This value set includes all dose form codes from SNOMED CT - provided as an exemplar.","StructureDefinition/cibmtr-gvhd-prophylaxis-medication,StructureDefinition/cibmtr-medication,StructureDefinition/cibmtr-prep-regimen-medication,StructureDefinition/cibmtr-additional-peri-transplant-medication,StructureDefinition/cibmtr-post-hct-disease-therapy-planned-medication,StructureDefinition/cibmtr-prior-exposure-medication,StructureDefinition/cibmtr-mobilizing-agent-medication","SCT"
http://hl7.org/fhir/ValueSet/medication-status,4.0.1,draft,"2.16.840.1.113883.4.642.3.376",Medication Status Codes,Medication  status  codes,"Medication Status Codes","StructureDefinition/cibmtr-gvhd-prophylaxis-medication,StructureDefinition/cibmtr-medication,StructureDefinition/cibmtr-prep-regimen-medication,StructureDefinition/cibmtr-additional-peri-transplant-medication,StructureDefinition/cibmtr-post-hct-disease-therapy-planned-medication,StructureDefinition/cibmtr-prior-exposure-medication,StructureDefinition/cibmtr-mobilizing-agent-medication","hl7.fhir.r4.core"
http://hl7.org/fhir/ValueSet/medicationrequest-category,4.0.1,draft,"2.16.840.1.113883.4.642.3.1322",medicationRequest Category Codes,Medication request  category  codes,"MedicationRequest Category Codes","StructureDefinition/cibmtr-medication-request,StructureDefinition/cibmtr-medications","THO"
http://hl7.org/fhir/ValueSet/medicationrequest-course-of-therapy,4.0.1,draft,"2.16.840.1.113883.4.642.3.1326",medicationRequest Course of Therapy Codes,Medication request  course of  therapy  codes,"MedicationRequest Course of Therapy Codes","StructureDefinition/cibmtr-medication-request,StructureDefinition/cibmtr-medications","THO"
http://hl7.org/fhir/ValueSet/medicationrequest-intent,4.0.1,draft,"2.16.840.1.113883.4.642.3.1321",medicationRequest Intent,Medication request  intent,"MedicationRequest Intent Codes","StructureDefinition/cibmtr-medication-request,StructureDefinition/cibmtr-medications","hl7.fhir.r4.core"
http://hl7.org/fhir/ValueSet/medicationrequest-status,4.0.1,draft,"2.16.840.1.113883.4.642.3.1320",medicationrequest Status,Medicationrequest  status,"MedicationRequest Status Codes","StructureDefinition/cibmtr-medication-request,StructureDefinition/cibmtr-medications","hl7.fhir.r4.core"
http://hl7.org/fhir/ValueSet/name-use,4.0.1,active,"2.16.840.1.113883.4.642.3.65",NameUse,NameUse,"The use of a human name.","StructureDefinition/cibmtr-patient","hl7.fhir.r4.core"
http://hl7.org/fhir/ValueSet/observation-category,4.0.1,draft,"2.16.840.1.113883.4.642.3.403",ObservationCategoryCodes,Observation Category Codes,"Observation Category codes.","StructureDefinition/cibmtr-vital-signs-height,StructureDefinition/cibmtr-vital-signs,StructureDefinition/cibmtr-cytogenetics,StructureDefinition/cibmtr-vital-signs-weight,StructureDefinition/cibmtr-observation-lab,StructureDefinition/cibmtr-obs-priority-variables","THO"
http://hl7.org/fhir/ValueSet/observation-codes,4.0.1,draft,"2.16.840.1.113883.4.642.3.396",LOINCCodes,LOINC Codes,"This value set includes all LOINC codes","StructureDefinition/cibmtr-cytogenetics,StructureDefinition/cibmtr-observation-lab,StructureDefinition/cibmtr-obs-priority-variables","LOINC"
http://hl7.org/fhir/ValueSet/observation-interpretation,4.0.1,active,"2.16.840.1.113883.4.642.3.399",ObservationInterpretationCodes,Observation Interpretation Codes,"A categorical assessment, providing a rough qualitative interpretation of the observation value,    such as “normal”/ “abnormal”,”low” / “high”, “better” / “worse”, “susceptible” / “resistant”, “expected”/ “not expected”.    The value set is intended to be for ANY use where coded representation of an interpretation is needed.             Notes:          This is being communicated in v2.x in OBX-8 (Observation Interpretation), in v3 in ObservationInterpretation (CWE) in R1 (Representative Realm) and in FHIR in    Observation.interpretation. Historically these values come from the laboratory domain, and these codes are extensively    used. The value set binding is extensible, so codes outside the value set that are needed for interpretation concepts    (i.e. particular meanings) that are not included in the value set can be used, and these new codes may also be added to    the value set and published in a future version.","StructureDefinition/cibmtr-vital-signs-height,StructureDefinition/cibmtr-vital-signs,StructureDefinition/cibmtr-cytogenetics,StructureDefinition/cibmtr-vital-signs-weight,StructureDefinition/cibmtr-observation-lab,StructureDefinition/cibmtr-obs-priority-variables","THO (V3)"
http://hl7.org/fhir/ValueSet/observation-methods,4.0.1,draft,"2.16.840.1.113883.4.642.3.395",ObservationMethods,Observation Methods,"Observation Method codes from [SNOMED CT](http://snomed.info/sct) where concept is-a 272394005 (Technique (qualifier value)) or is-a 129264002 (Action (qualifier value)) or is-a 386053000 (Evaluation procedure(procedure))","StructureDefinition/cibmtr-vital-signs-height,StructureDefinition/cibmtr-vital-signs,StructureDefinition/cibmtr-vital-signs-weight,StructureDefinition/cibmtr-observation-lab,StructureDefinition/cibmtr-obs-priority-variables","SCT"
http://hl7.org/fhir/ValueSet/observation-status,4.0.1,active,"2.16.840.1.113883.4.642.3.400",ObservationStatus,ObservationStatus,"Codes providing the status of an observation.","StructureDefinition/cibmtr-vital-signs-height,StructureDefinition/cibmtr-vital-signs,StructureDefinition/cibmtr-cytogenetics,StructureDefinition/cibmtr-vital-signs-weight,StructureDefinition/cibmtr-observation-lab,StructureDefinition/cibmtr-obs-priority-variables","hl7.fhir.r4.core"
http://hl7.org/fhir/ValueSet/patient-contactrelationship,4.0.1,active,"2.16.840.1.113883.4.642.3.1130",PatientContactRelationship,Patient Contact Relationship ,"The nature of the relationship between the patient and the contact person.","StructureDefinition/cibmtr-patient","THO (V2)"
http://hl7.org/fhir/ValueSet/performer-role,4.0.1,draft,"2.16.840.1.113883.4.642.3.433",ProcedurePerformerRoleCodes,Procedure Performer Role Codes,"This example value set defines the set of codes that can be used to indicate a role of a procedure performer.","StructureDefinition/cibmtr-medication-request,StructureDefinition/cibmtr-medications","SCT"
http://hl7.org/fhir/ValueSet/quantity-comparator,4.0.1,active,"2.16.840.1.113883.4.642.3.59",QuantityComparator,QuantityComparator,"How the Quantity should be understood and represented.","StructureDefinition/cibmtr-vital-signs-height,StructureDefinition/cibmtr-cytogenetics,StructureDefinition/cibmtr-vital-signs-weight","hl7.fhir.r4.core"
http://hl7.org/fhir/ValueSet/referencerange-appliesto,4.0.1,draft,"2.16.840.1.113883.4.642.3.407",ObservationReferenceRangeAppliesToCodes,Observation Reference Range Applies To Codes,"This value set defines a set of codes that can be used to indicate the particular target population the reference range applies to.","StructureDefinition/cibmtr-vital-signs-height,StructureDefinition/cibmtr-vital-signs,StructureDefinition/cibmtr-cytogenetics,StructureDefinition/cibmtr-vital-signs-weight,StructureDefinition/cibmtr-observation-lab,StructureDefinition/cibmtr-obs-priority-variables","SCT"
http://hl7.org/fhir/ValueSet/referencerange-meaning,4.0.1,draft,"2.16.840.1.113883.4.642.3.397",ObservationReferenceRangeMeaningCodes,Observation Reference Range Meaning Codes,"This value set defines a set of codes that can be used to indicate the meaning/use of a reference range for a particular target population.","StructureDefinition/cibmtr-vital-signs-height,StructureDefinition/cibmtr-vital-signs,StructureDefinition/cibmtr-cytogenetics,StructureDefinition/cibmtr-vital-signs-weight,StructureDefinition/cibmtr-observation-lab,StructureDefinition/cibmtr-obs-priority-variables","THO"
http://hl7.org/fhir/ValueSet/request-priority,4.0.1,draft,"2.16.840.1.113883.4.642.3.115",RequestPriority,Request priority,"The clinical priority of a diagnostic order.","StructureDefinition/cibmtr-medication-request,StructureDefinition/cibmtr-medications","hl7.fhir.r4.core"
http://hl7.org/fhir/ValueSet/route-codes,4.0.1,draft,"2.16.840.1.113883.4.642.3.98",SNOMEDCTRouteCodes,SNOMED CT Route Codes,"This value set includes all Route codes from SNOMED CT - provided as an exemplar.","StructureDefinition/cibmtr-medication-request,StructureDefinition/cibmtr-medication-administration,StructureDefinition/cibmtr-medications","SCT"
http://hl7.org/fhir/ValueSet/security-labels,4.0.1,active,"2.16.840.1.113883.4.642.3.47",All Security Labels,SecurityLabels,"A single value set for all security labels defined by FHIR.","StructureDefinition/cibmtr-medication-request,StructureDefinition/cibmtr-vital-signs-height,StructureDefinition/cibmtr-vital-signs,StructureDefinition/cibmtr-gvhd-prophylaxis-medication,StructureDefinition/cibmtr-medication-administration,StructureDefinition/cibmtr-medication,StructureDefinition/cibmtr-medications,StructureDefinition/cibmtr-additional-peri-transplant-medication,StructureDefinition/cibmtr-prior-exposure-medication,StructureDefinition/cibmtr-mobilizing-agent-medication,StructureDefinition/cibmtr-patient,StructureDefinition/cibmtr-cytogenetics,StructureDefinition/cibmtr-vital-signs-weight,StructureDefinition/cibmtr-observation-lab,StructureDefinition/cibmtr-prep-regimen-medication,StructureDefinition/cibmtr-post-hct-disease-therapy-planned-medication,StructureDefinition/cibmtr-obs-priority-variables",
http://hl7.org/fhir/ValueSet/ucum-bodylength,4.0.1,draft,"2.16.840.1.113883.4.642.3.958",BodyLengthUnits,Body Length Units,"UCUM units for recording body length measures such as height and head circumference","StructureDefinition/cibmtr-vital-signs-height","UCUM"
http://hl7.org/fhir/ValueSet/ucum-bodyweight,4.0.1,draft,"2.16.840.1.113883.4.642.3.956",BodyWeightUnits,Body Weight Units,"UCUM units for recording Body Weight","StructureDefinition/cibmtr-vital-signs-weight","UCUM"
http://hl7.org/fhir/ValueSet/ucum-common,4.0.1,draft,,Common UCUM units,,"Commonly encountered UCUM units (for purposes of helping populate look ups.","StructureDefinition/cibmtr-medication-request,StructureDefinition/cibmtr-medications","UCUM"
http://hl7.org/fhir/ValueSet/ucum-vitals-common,4.0.1,draft,"2.16.840.1.113883.4.642.3.955",VitalSignsUnits,Vital Signs Units,"Common UCUM units for recording Vital Signs","StructureDefinition/cibmtr-vital-signs-height,StructureDefinition/cibmtr-vital-signs,StructureDefinition/cibmtr-vital-signs-weight","UCUM"
http://hl7.org/fhir/us/core/ValueSet/us-core-clinical-result-observation-category,9.0.0,active,"2.16.840.1.113883.4.642.40.2.48.2",USCoreClinicalResultObservationCategory,US Core Clinical Result Observation Category,"Used to classify the context of clinical result observations.","StructureDefinition/cibmtr-observation-lab,StructureDefinition/cibmtr-obs-priority-variables","THO"
http://hl7.org/fhir/us/core/ValueSet/us-core-laboratory-test-codes,9.0.0,active,"2.16.840.1.113883.4.642.40.2.48.18",USCoreLaboratoryTestCodes,US Core Laboratory Test Codes,"Laboratory LOINC codes: From the introduction to August 2022 LOINC Users' guide; ""The current scope of the existing laboratory portion of the LOINC  database includes all observations reported by clinical laboratories, including the specialty areas: chemistry, including therapeutic drug monitoring and toxicology; hematology; serology; blood bank; microbiology; cytology; surgical pathology; and fertility.","StructureDefinition/cibmtr-observation-lab,StructureDefinition/cibmtr-obs-priority-variables","LOINC"
http://hl7.org/fhir/us/mcode/ValueSet/mcode-cancer-disorder-vs,4.0.0,active,"2.16.840.1.113883.4.642.40.15.48.17",CancerDisorderVS,Cancer Disorder Value Set,"A broad cancer-related value set containing both primary and secondary tumor types, with codes from ICD-10 and SNOMED CT, including both diagnosis and histology/morphology/behavior codes. ICD-O-3 morphology codes may also be used and are considered conformant to the specification. For SNOMED, the value set includes all codes descending from 363346000 'Malignant neoplastic disease (disorder)' and 108369006 'Neoplasm (morphologic abnormality)'.","StructureDefinition/cibmtr-medication-request,StructureDefinition/cibmtr-medication-administration,StructureDefinition/cibmtr-medications",
http://hl7.org/fhir/us/mcode/ValueSet/mcode-treatment-termination-reason-vs,4.0.0,active,"2.16.840.1.113883.4.642.40.15.48.91",TreatmentTerminationReasonVS,Treatment Termination Reason Value Set,"Values used to describe the reasons for stopping a treatment or episode of care. Includes code for 'treatment completed' as well as codes for unplanned (early) stoppage. Applies to medications and other treatments that take place over a period of time, such as radiation treatments.","StructureDefinition/cibmtr-medication-request,StructureDefinition/cibmtr-medication-administration,StructureDefinition/cibmtr-medications","SCT"
http://hl7.org/fhir/uv/genomics-reporting/ValueSet/dna-change-type-vs,2.0.0,active,,DNAChangeTypeVS,DNA Change Type,"DNA Change Type of a variant.","StructureDefinition/cibmtr-cytogenetics","Other"
http://hl7.org/fhir/uv/genomics-reporting/ValueSet/hgnc-vs,2.0.0,active,,HGNCVS,HUGO Gene Nomenclature Committee Gene Names (HGNC),"This value set includes all HGNC Codes, which includes multiple code systems. In this guide, Gene IDs from HGNC are used as CodeableConcepts, which must be sent with the HGNC gene ID including the prefix 'HGNC:' as the code and the HGNC 'gene symbol' as display. CAUTION: HGNC also indexes gene groups by numeric ID (without a prefix), and older systems may send HGNC gene IDs without the prefix, so care must be taken to confirm alignment. We have separately included the genegroup code system to draw attention to this ambiguity and potential error.","StructureDefinition/cibmtr-cytogenetics","hl7.terminology.r4,Other"
http://hl7.org/fhir/uv/genomics-reporting/ValueSet/hgvs-vs,2.0.0,active,,HGVSVS,Human Genome Variation Society (HGVS) Nomenclature,"HGVS-nomenclature is used to report and exchange information regarding variants found in DNA, RNA and protein sequences and serves as an international standard. (source: varnomen.hgvs.org)","StructureDefinition/cibmtr-cytogenetics","hl7.terminology.r4"
http://hl7.org/fhir/uv/genomics-reporting/ValueSet/molecular-consequence-vs,2.0.0,active,,MolecularConsequenceVS,Molecular Consequence,"The calculated or observed effect of a variant on its downstream transcript and, if applicable, ensuing protein sequence.","StructureDefinition/cibmtr-cytogenetics","Other"
http://hl7.org/fhir/uv/genomics-reporting/ValueSet/variant-confidence-status-vs,2.0.0,active,,VariantConfidenceStatusVS,Variant Confidence Status,"A code that classifies the confidence for calling this variant.","StructureDefinition/cibmtr-cytogenetics","hl7.fhir.uv.genomics-reporting"
http://hl7.org/fhir/uv/genomics-reporting/ValueSet/variant-inheritance-vs,2.0.0,active,,VariantInheritanceVS,Variant Inheritances,"By which parent the variant was inherited in the patient, if known.","StructureDefinition/cibmtr-cytogenetics","LOINC"
http://loinc.org/vs/LL1040-6,null,active,,LOINCAnswersLL1040-6,LOINC Answer Codes for LL1040-6,"","StructureDefinition/cibmtr-cytogenetics","LOINC"
http://loinc.org/vs/LL1971-2,null,active,,LOINCAnswersLL1971-2,LOINC Answer Codes for LL1971-2,"","StructureDefinition/cibmtr-cytogenetics","LOINC"
http://loinc.org/vs/LL2938-0,null,active,,LOINCAnswersLL2938-0,LOINC Answer Codes for LL2938-0,"","StructureDefinition/cibmtr-cytogenetics","LOINC"
http://loinc.org/vs/LL378-1,null,active,,LOINCAnswersLL378-1,LOINC Answer Codes for LL378-1,"","StructureDefinition/cibmtr-cytogenetics","LOINC"
http://loinc.org/vs/LL380-7,null,active,,LOINCAnswersLL380-7,LOINC Answer Codes for LL380-7,"","StructureDefinition/cibmtr-cytogenetics","LOINC"
http://loinc.org/vs/LL381-5,null,active,,LOINCAnswersLL381-5,LOINC Answer Codes for LL381-5,"","StructureDefinition/cibmtr-cytogenetics","LOINC"
http://loinc.org/vs/LL4048-6,null,active,,LOINCAnswersLL4048-6,LOINC Answer Codes for LL4048-6,"","StructureDefinition/cibmtr-cytogenetics","LOINC"
http://loinc.org/vs/LL5323-2,null,active,,LOINCAnswersLL5323-2,LOINC Answer Codes for LL5323-2,"","StructureDefinition/cibmtr-cytogenetics","LOINC"
http://terminology.hl7.org/ValueSet/Languages,1.0.0,active,,Languages,Languages,"This value set defines a set of codes for the representation of the names of languages. It uses the list of ISO 639-2 concepts using the ISO 639-1 2-digit code for a concept where possible and the 3-digit terminological code where there is no  2-digit code.","StructureDefinition/cibmtr-patient","hl7.fhir.uv.xver-r5.r4"
http://terminology.hl7.org/ValueSet/USPS-State,2.0.0,active,"2.16.840.1.113883.3.88.12.80",UspsTwoLetterAlphabeticCodes,USPS Two Letter Alphabetic Codes,"This value set defines two letter USPS alphabetic codes.","StructureDefinition/cibmtr-patient","hl7.terminology.r4"
http://terminology.hl7.org/ValueSet/v3-ActSubstanceAdminSubstitutionCode,3.0.0,active,"2.16.840.1.113883.1.11.16621",ActSubstanceAdminSubstitutionCode,ActSubstanceAdminSubstitutionCode,"***No description***","StructureDefinition/cibmtr-medication-request,StructureDefinition/cibmtr-medications","THO (V3)"
http://terminology.hl7.org/ValueSet/v3-SubstanceAdminSubstitutionReason,3.0.0,active,"2.16.840.1.113883.1.11.19377",SubstanceAdminSubstitutionReason,SubstanceAdminSubstitutionReason,"***No description***","StructureDefinition/cibmtr-medication-request,StructureDefinition/cibmtr-medications","THO (V3)"
https://termservices.nmdp.org/atlas/#/conceptset/136/expression,0.1.12,draft,,CIBMTRAncestryValueset,CIBMTR Ancestry ValueSet,"A value set for CIBMTR ancestry information.",,"Internal"
