{
  "resourceType": "ValueSet",
  "id": "cibmtr-priority-variables-extended-vs",
  "text": {
    "status": "generated",
    "div": "<div xmlns=\"http://www.w3.org/1999/xhtml\"><ul><li>Include these codes as defined in <a href=\"http://loinc.org\"><code>http://loinc.org</code></a><table class=\"none\"><tr><td style=\"white-space:nowrap\"><b>Code</b></td><td><b>Display</b></td></tr><tr><td><a href=\"http://details.loinc.org/LOINC/790-6.html\">790-6</a></td><td>Erythrocytes [#/volume] in Blood by Manual count</td></tr><tr><td><a href=\"http://details.loinc.org/LOINC/71865-0.html\">71865-0</a></td><td>Hemoglobin F/Hemoglobin.total [Pure mass fraction] in Blood by Electrophoresis</td></tr><tr><td><a href=\"http://details.loinc.org/LOINC/71864-3.html\">71864-3</a></td><td>Hemoglobin F/Hemoglobin.total [Pure mass fraction] in Blood by HPLC</td></tr><tr><td><a href=\"http://details.loinc.org/LOINC/71863-5.html\">71863-5</a></td><td>Hemoglobin F/Hemoglobin.total [Pure mass fraction] in Blood by Kleihauer-Betke method</td></tr><tr><td><a href=\"http://details.loinc.org/LOINC/4576-5.html\">4576-5</a></td><td>Hemoglobin F/Hemoglobin.total in Blood</td></tr><tr><td><a href=\"http://details.loinc.org/LOINC/32682-7.html\">32682-7</a></td><td>Hemoglobin F/Hemoglobin.total in Blood by Electrophoresis</td></tr><tr><td><a href=\"http://details.loinc.org/LOINC/38524-5.html\">38524-5</a></td><td>Hemoglobin F/Hemoglobin.total in Blood by Electrophoresis alkaline (pH 8.9)</td></tr><tr><td><a href=\"http://details.loinc.org/LOINC/42246-9.html\">42246-9</a></td><td>Hemoglobin F/Hemoglobin.total in Blood by HPLC</td></tr><tr><td><a href=\"http://details.loinc.org/LOINC/4633-4.html\">4633-4</a></td><td>Hemoglobin F/Hemoglobin.total in Blood by Kleihauer-Betke method</td></tr><tr><td><a href=\"http://details.loinc.org/LOINC/71832-0.html\">71832-0</a></td><td>Hematocrit [Pure volume fraction] of Arterial blood</td></tr><tr><td><a href=\"http://details.loinc.org/LOINC/71833-8.html\">71833-8</a></td><td>Hematocrit [Pure volume fraction] of Blood by Automated count</td></tr><tr><td><a href=\"http://details.loinc.org/LOINC/71831-2.html\">71831-2</a></td><td>Hematocrit [Pure volume fraction] of Capillary blood</td></tr><tr><td><a href=\"http://details.loinc.org/LOINC/71830-4.html\">71830-4</a></td><td>Hematocrit [Pure volume fraction] of Mixed venous blood</td></tr><tr><td><a href=\"http://details.loinc.org/LOINC/71829-6.html\">71829-6</a></td><td>Hematocrit [Pure volume fraction] of Venous blood</td></tr><tr><td><a href=\"http://details.loinc.org/LOINC/32354-3.html\">32354-3</a></td><td>Hematocrit [Volume Fraction] of Arterial blood</td></tr><tr><td><a href=\"http://details.loinc.org/LOINC/4545-0.html\">4545-0</a></td><td>Hematocrit [Volume Fraction] of Blood by Centrifugation</td></tr><tr><td><a href=\"http://details.loinc.org/LOINC/48703-3.html\">48703-3</a></td><td>Hematocrit [Volume Fraction] of Blood by Estimated</td></tr><tr><td><a href=\"http://details.loinc.org/LOINC/31100-1.html\">31100-1</a></td><td>Hematocrit [Volume Fraction] of Blood by Impedance</td></tr><tr><td><a href=\"http://details.loinc.org/LOINC/62241-5.html\">62241-5</a></td><td>Hematocrit [Volume Fraction] of Blood from Fetus by Automated count</td></tr><tr><td><a href=\"http://details.loinc.org/LOINC/42908-4.html\">42908-4</a></td><td>Hematocrit [Volume Fraction] of Capillary blood</td></tr><tr><td><a href=\"http://details.loinc.org/LOINC/11151-8.html\">11151-8</a></td><td>Hematocrit [Volume Fraction] of Cord blood</td></tr><tr><td><a href=\"http://details.loinc.org/LOINC/11271-4.html\">11271-4</a></td><td>Hematocrit [Volume Fraction] of Cord blood by Automated count</td></tr><tr><td><a href=\"http://details.loinc.org/LOINC/41655-2.html\">41655-2</a></td><td>Hematocrit [Volume Fraction] of Mixed venous blood</td></tr><tr><td><a href=\"http://details.loinc.org/LOINC/41654-5.html\">41654-5</a></td><td>Hematocrit [Volume Fraction] of Venous blood</td></tr><tr><td><a href=\"http://details.loinc.org/LOINC/62242-3.html\">62242-3</a></td><td>MCV [Entitic volume] in Blood from Fetus by Automated count</td></tr><tr><td><a href=\"http://details.loinc.org/LOINC/47282-9.html\">47282-9</a></td><td>MCV [Entitic volume] in Cord blood</td></tr><tr><td><a href=\"http://details.loinc.org/LOINC/11272-2.html\">11272-2</a></td><td>MCV [Entitic volume] in Cord blood by Automated count</td></tr><tr><td><a href=\"http://details.loinc.org/LOINC/62243-1.html\">62243-1</a></td><td>MCH [Entitic mass] in Blood from Fetus by Automated count</td></tr><tr><td><a href=\"http://details.loinc.org/LOINC/47278-7.html\">47278-7</a></td><td>MCH [Entitic mass] in Cord blood</td></tr><tr><td><a href=\"http://details.loinc.org/LOINC/59468-9.html\">59468-9</a></td><td>MCH [Entitic substance]</td></tr><tr><td><a href=\"http://details.loinc.org/LOINC/62246-4.html\">62246-4</a></td><td>MCHC [Mass/volume] in Blood from Fetus by Automated count</td></tr><tr><td><a href=\"http://details.loinc.org/LOINC/47279-5.html\">47279-5</a></td><td>MCHC [Mass/volume] in Cord blood</td></tr><tr><td><a href=\"http://details.loinc.org/LOINC/59467-1.html\">59467-1</a></td><td>MCHC [Moles/volume]</td></tr><tr><td><a href=\"http://details.loinc.org/LOINC/707-0.html\">707-0</a></td><td>Basophils/100 leukocytes in Blood by Manual count</td></tr><tr><td><a href=\"http://details.loinc.org/LOINC/74462-3.html\">74462-3</a></td><td>Basophils/100 leukocytes in Blood from Fetus</td></tr><tr><td><a href=\"http://details.loinc.org/LOINC/74407-8.html\">74407-8</a></td><td>Basophils/100 leukocytes in Cord blood</td></tr><tr><td><a href=\"http://details.loinc.org/LOINC/714-6.html\">714-6</a></td><td>Eosinophils/100 leukocytes in Blood by Manual count</td></tr><tr><td><a href=\"http://details.loinc.org/LOINC/74405-2.html\">74405-2</a></td><td>Eosinophils/100 leukocytes in Cord blood</td></tr><tr><td><a href=\"http://details.loinc.org/LOINC/30365-1.html\">30365-1</a></td><td>Lymphocytes/100 leukocytes in Blood by Flow cytometry (FC)</td></tr><tr><td><a href=\"http://details.loinc.org/LOINC/737-7.html\">737-7</a></td><td>Lymphocytes/100 leukocytes in Blood by Manual count</td></tr><tr><td><a href=\"http://details.loinc.org/LOINC/74461-5.html\">74461-5</a></td><td>Lymphocytes/100 leukocytes in Blood from Fetus</td></tr><tr><td><a href=\"http://details.loinc.org/LOINC/74402-9.html\">74402-9</a></td><td>Lymphocytes/100 leukocytes in Cord blood</td></tr><tr><td><a href=\"http://details.loinc.org/LOINC/740-1.html\">740-1</a></td><td>Metamyelocytes/100 leukocytes in Blood by Manual count</td></tr><tr><td><a href=\"http://details.loinc.org/LOINC/743-5.html\">743-5</a></td><td>Monocytes [#/volume] in Blood by Manual count</td></tr><tr><td><a href=\"http://details.loinc.org/LOINC/66143-9.html\">66143-9</a></td><td>Monocytes [#/volume] in Blood from Fetus by Manual count</td></tr><tr><td><a href=\"http://details.loinc.org/LOINC/74399-7.html\">74399-7</a></td><td>Monocytes [#/volume] in Cord blood</td></tr><tr><td><a href=\"http://details.loinc.org/LOINC/749-2.html\">749-2</a></td><td>Myelocytes/100 leukocytes in Blood by Manual count</td></tr><tr><td><a href=\"http://details.loinc.org/LOINC/764-1.html\">764-1</a></td><td>Band form neutrophils/100 leukocytes in Blood by Manual count</td></tr><tr><td><a href=\"http://details.loinc.org/LOINC/30450-1.html\">30450-1</a></td><td>Neutrophils.hypersegmented/100 leukocytes in Blood</td></tr><tr><td><a href=\"http://details.loinc.org/LOINC/767-4.html\">767-4</a></td><td>Neutrophils.hypersegmented/100 leukocytes in Blood by Manual count</td></tr><tr><td><a href=\"http://details.loinc.org/LOINC/32200-8.html\">32200-8</a></td><td>Segmented neutrophils/100 leukocytes in Blood by Automated count</td></tr><tr><td><a href=\"http://details.loinc.org/LOINC/769-0.html\">769-0</a></td><td>Segmented neutrophils/100 leukocytes in Blood by Manual count</td></tr><tr><td><a href=\"http://details.loinc.org/LOINC/6746-2.html\">6746-2</a></td><td>Prolymphocytes/100 leukocytes in Blood by Manual count</td></tr><tr><td><a href=\"http://details.loinc.org/LOINC/35209-6.html\">35209-6</a></td><td>Ferritin [Mass or Moles/volume] in Serum or Plasma</td></tr><tr><td><a href=\"http://details.loinc.org/LOINC/24373-3.html\">24373-3</a></td><td>Ferritin [Mass/volume] in Blood</td></tr><tr><td><a href=\"http://details.loinc.org/LOINC/2276-4.html\">2276-4</a></td><td>Ferritin [Mass/volume] in Serum or Plasma</td></tr><tr><td><a href=\"http://details.loinc.org/LOINC/20567-4.html\">20567-4</a></td><td>Ferritin [Mass/volume] in Serum or Plasma by Immunoassay</td></tr><tr><td><a href=\"http://details.loinc.org/LOINC/14723-1.html\">14723-1</a></td><td>Ferritin [Moles/volume] in Serum or Plasma</td></tr><tr><td><a href=\"http://details.loinc.org/LOINC/86914-9.html\">86914-9</a></td><td>Ferritin goal [Mass/volume] Serum or Plasma</td></tr></table></li></ul></div>"
  },
  "url": "http://fhir.nmdp.org/ig/cibmtr-reporting/ValueSet/cibmtr-priority-variables-extended-vs",
  "version": "0.1.2",
  "name": "PriorityVariablesExtendedVS",
  "title": "CIBMTR Priority Variables Extended Value Set V3 (FY21)",
  "status": "active",
  "date": "2021-03-02T13:25:50-06:00",
  "publisher": "NMDP/Be The Match",
  "contact": [
    {
      "name": "NMDP/Be The Match",
      "telecom": [
        {
          "system": "url",
          "value": "http://bethematch.org"
        }
      ]
    },
    {
      "name": "Bob Milius",
      "telecom": [
        {
          "system": "email",
          "value": "bmilius@nmdp.org"
        }
      ]
    }
  ],
  "description": "Priority Variables Extended for CIBMTR V3 (FY21)",
  "compose": {
    "include": [
      {
        "system": "http://loinc.org",
        "concept": [
          {
            "code": "790-6",
            "display": "Erythrocytes [#/volume] in Blood by Manual count"
          },
          {
            "code": "71865-0",
            "display": "Hemoglobin F/Hemoglobin.total [Pure mass fraction] in Blood by Electrophoresis"
          },
          {
            "code": "71864-3",
            "display": "Hemoglobin F/Hemoglobin.total [Pure mass fraction] in Blood by HPLC"
          },
          {
            "code": "71863-5",
            "display": "Hemoglobin F/Hemoglobin.total [Pure mass fraction] in Blood by Kleihauer-Betke method"
          },
          {
            "code": "4576-5",
            "display": "Hemoglobin F/Hemoglobin.total in Blood"
          },
          {
            "code": "32682-7",
            "display": "Hemoglobin F/Hemoglobin.total in Blood by Electrophoresis"
          },
          {
            "code": "38524-5",
            "display": "Hemoglobin F/Hemoglobin.total in Blood by Electrophoresis alkaline (pH 8.9)"
          },
          {
            "code": "42246-9",
            "display": "Hemoglobin F/Hemoglobin.total in Blood by HPLC"
          },
          {
            "code": "4633-4",
            "display": "Hemoglobin F/Hemoglobin.total in Blood by Kleihauer-Betke method"
          },
          {
            "code": "71832-0",
            "display": "Hematocrit [Pure volume fraction] of Arterial blood"
          },
          {
            "code": "71833-8",
            "display": "Hematocrit [Pure volume fraction] of Blood by Automated count"
          },
          {
            "code": "71831-2",
            "display": "Hematocrit [Pure volume fraction] of Capillary blood"
          },
          {
            "code": "71830-4",
            "display": "Hematocrit [Pure volume fraction] of Mixed venous blood"
          },
          {
            "code": "71829-6",
            "display": "Hematocrit [Pure volume fraction] of Venous blood"
          },
          {
            "code": "32354-3",
            "display": "Hematocrit [Volume Fraction] of Arterial blood"
          },
          {
            "code": "4545-0",
            "display": "Hematocrit [Volume Fraction] of Blood by Centrifugation"
          },
          {
            "code": "48703-3",
            "display": "Hematocrit [Volume Fraction] of Blood by Estimated"
          },
          {
            "code": "31100-1",
            "display": "Hematocrit [Volume Fraction] of Blood by Impedance"
          },
          {
            "code": "62241-5",
            "display": "Hematocrit [Volume Fraction] of Blood from Fetus by Automated count"
          },
          {
            "code": "42908-4",
            "display": "Hematocrit [Volume Fraction] of Capillary blood"
          },
          {
            "code": "11151-8",
            "display": "Hematocrit [Volume Fraction] of Cord blood"
          },
          {
            "code": "11271-4",
            "display": "Hematocrit [Volume Fraction] of Cord blood by Automated count"
          },
          {
            "code": "41655-2",
            "display": "Hematocrit [Volume Fraction] of Mixed venous blood"
          },
          {
            "code": "41654-5",
            "display": "Hematocrit [Volume Fraction] of Venous blood"
          },
          {
            "code": "62242-3",
            "display": "MCV [Entitic volume] in Blood from Fetus by Automated count"
          },
          {
            "code": "47282-9",
            "display": "MCV [Entitic volume] in Cord blood"
          },
          {
            "code": "11272-2",
            "display": "MCV [Entitic volume] in Cord blood by Automated count"
          },
          {
            "code": "62243-1",
            "display": "MCH [Entitic mass] in Blood from Fetus by Automated count"
          },
          {
            "code": "47278-7",
            "display": "MCH [Entitic mass] in Cord blood"
          },
          {
            "code": "59468-9",
            "display": "MCH [Entitic substance]"
          },
          {
            "code": "62246-4",
            "display": "MCHC [Mass/volume] in Blood from Fetus by Automated count"
          },
          {
            "code": "47279-5",
            "display": "MCHC [Mass/volume] in Cord blood"
          },
          {
            "code": "59467-1",
            "display": "MCHC [Moles/volume]"
          },
          {
            "code": "707-0",
            "display": "Basophils/100 leukocytes in Blood by Manual count"
          },
          {
            "code": "74462-3",
            "display": "Basophils/100 leukocytes in Blood from Fetus"
          },
          {
            "code": "74407-8",
            "display": "Basophils/100 leukocytes in Cord blood"
          },
          {
            "code": "714-6",
            "display": "Eosinophils/100 leukocytes in Blood by Manual count"
          },
          {
            "code": "74405-2",
            "display": "Eosinophils/100 leukocytes in Cord blood"
          },
          {
            "code": "30365-1",
            "display": "Lymphocytes/100 leukocytes in Blood by Flow cytometry (FC)"
          },
          {
            "code": "737-7",
            "display": "Lymphocytes/100 leukocytes in Blood by Manual count"
          },
          {
            "code": "74461-5",
            "display": "Lymphocytes/100 leukocytes in Blood from Fetus"
          },
          {
            "code": "74402-9",
            "display": "Lymphocytes/100 leukocytes in Cord blood"
          },
          {
            "code": "740-1",
            "display": "Metamyelocytes/100 leukocytes in Blood by Manual count"
          },
          {
            "code": "743-5",
            "display": "Monocytes [#/volume] in Blood by Manual count"
          },
          {
            "code": "66143-9",
            "display": "Monocytes [#/volume] in Blood from Fetus by Manual count"
          },
          {
            "code": "74399-7",
            "display": "Monocytes [#/volume] in Cord blood"
          },
          {
            "code": "749-2",
            "display": "Myelocytes/100 leukocytes in Blood by Manual count"
          },
          {
            "code": "764-1",
            "display": "Band form neutrophils/100 leukocytes in Blood by Manual count"
          },
          {
            "code": "30450-1",
            "display": "Neutrophils.hypersegmented/100 leukocytes in Blood"
          },
          {
            "code": "767-4",
            "display": "Neutrophils.hypersegmented/100 leukocytes in Blood by Manual count"
          },
          {
            "code": "32200-8",
            "display": "Segmented neutrophils/100 leukocytes in Blood by Automated count"
          },
          {
            "code": "769-0",
            "display": "Segmented neutrophils/100 leukocytes in Blood by Manual count"
          },
          {
            "code": "6746-2",
            "display": "Prolymphocytes/100 leukocytes in Blood by Manual count"
          },
          {
            "code": "35209-6",
            "display": "Ferritin [Mass or Moles/volume] in Serum or Plasma"
          },
          {
            "code": "24373-3",
            "display": "Ferritin [Mass/volume] in Blood"
          },
          {
            "code": "2276-4",
            "display": "Ferritin [Mass/volume] in Serum or Plasma"
          },
          {
            "code": "20567-4",
            "display": "Ferritin [Mass/volume] in Serum or Plasma by Immunoassay"
          },
          {
            "code": "14723-1",
            "display": "Ferritin [Moles/volume] in Serum or Plasma"
          },
          {
            "code": "86914-9",
            "display": "Ferritin goal [Mass/volume] Serum or Plasma"
          }
        ]
      }
    ]
  }
}