<?xml version="1.0" encoding="UTF-8"?>

<ValueSet xmlns="http://hl7.org/fhir">
  <id value="auto-differential-blood-vs"/>
  <text>
    <status value="generated"/><div xmlns="http://www.w3.org/1999/xhtml"><ul><li>Include these codes as defined in <a href="http://loinc.org"><code>http://loinc.org</code></a><table class="none"><tr><td style="white-space:nowrap"><b>Code</b></td><td><b>Display</b></td></tr><tr><td><a href="http://details.loinc.org/LOINC/770-8.html">770-8</a></td><td>Neutrophils/100 leukocytes in Blood by Automated count</td></tr><tr><td><a href="http://details.loinc.org/LOINC/35332-6.html">35332-6</a></td><td>Band form neutrophils/100 leukocytes in Blood by Automated count</td></tr><tr><td><a href="http://details.loinc.org/LOINC/19023-1.html">19023-1</a></td><td>Granulocytes/100 leukocytes in Blood by Automated count</td></tr><tr><td><a href="http://details.loinc.org/LOINC/736-9.html">736-9</a></td><td>Lymphocytes/100 leukocytes in Blood by Automated count</td></tr><tr><td><a href="http://details.loinc.org/LOINC/42250-1.html">42250-1</a></td><td>Variant lymphocytes/100 leukocytes in Blood by Automated count</td></tr><tr><td><a href="http://details.loinc.org/LOINC/5905-5.html">5905-5</a></td><td>Monocytes/100 leukocytes in Blood by Automated count</td></tr><tr><td><a href="http://details.loinc.org/LOINC/713-8.html">713-8</a></td><td>Eosinophils/100 leukocytes in Blood by Automated count</td></tr><tr><td><a href="http://details.loinc.org/LOINC/706-2.html">706-2</a></td><td>Basophils/100 leukocytes in Blood by Automated count</td></tr><tr><td><a href="http://details.loinc.org/LOINC/58409-4.html">58409-4</a></td><td>Other cells/100 leukocytes in Blood by Automated count</td></tr><tr><td><a href="http://details.loinc.org/LOINC/751-8.html">751-8</a></td><td>Neutrophils [#/volume] in Blood by Automated count</td></tr><tr><td><a href="http://details.loinc.org/LOINC/30229-9.html">30229-9</a></td><td>Band form neutrophils [#/volume] in Blood by Automated count</td></tr><tr><td><a href="http://details.loinc.org/LOINC/731-0.html">731-0</a></td><td>Lymphocytes [#/volume] in Blood by Automated count</td></tr><tr><td><a href="http://details.loinc.org/LOINC/43743-4.html">43743-4</a></td><td>Variant lymphocytes [#/volume] in Blood by Automated count</td></tr><tr><td><a href="http://details.loinc.org/LOINC/742-7.html">742-7</a></td><td>Monocytes [#/volume] in Blood by Automated count</td></tr><tr><td><a href="http://details.loinc.org/LOINC/711-2.html">711-2</a></td><td>Eosinophils [#/volume] in Blood by Automated count</td></tr><tr><td><a href="http://details.loinc.org/LOINC/704-7.html">704-7</a></td><td>Basophils [#/volume] in Blood by Automated count</td></tr><tr><td><a href="http://details.loinc.org/LOINC/51383-8.html">51383-8</a></td><td>Leukocytes other [#/volume] in Blood by Automated count</td></tr><tr><td><a href="http://details.loinc.org/LOINC/58443-3.html">58443-3</a></td><td>Other cells [#/volume] in Blood by Automated count</td></tr></table></li></ul></div>
  </text>
  <url value="http://fhir.nmdp.org/ig/cibmtr-reporting/ValueSet/auto-differential-blood-vs"/>
  <version value="0.1.4a"/>
  <name value="AutoDifferentialBloodVS"/>
  <title value="Auto Differential panel - Blood (57023-4)"/>
  <status value="active"/>
  <date value="2022-07-29T15:34:16-05:00"/>
  <publisher value="The Medical College of Wisconsin, Inc. and the National Marrow Donor Program"/>
  <contact>
    <name value="The Medical College of Wisconsin, Inc. and the National Marrow Donor Program"/>
    <telecom>
      <system value="url"/>
      <value value="http://www.cibmtr.org"/>
    </telecom>
  </contact>
  <contact>
    <name value="Bob Milius"/>
    <telecom>
      <system value="email"/>
      <value value="bmilius@nmdp.org"/>
    </telecom>
  </contact>
  <description value="Auto Differential panel - Blood (57023-4)"/>
  <compose>
    <include>
      <system value="http://loinc.org"/>
      <concept>
        <code value="770-8"/>
        <display value="Neutrophils/100 leukocytes in Blood by Automated count"/>
      </concept>
      <concept>
        <code value="35332-6"/>
        <display value="Band form neutrophils/100 leukocytes in Blood by Automated count"/>
      </concept>
      <concept>
        <code value="19023-1"/>
        <display value="Granulocytes/100 leukocytes in Blood by Automated count"/>
      </concept>
      <concept>
        <code value="736-9"/>
        <display value="Lymphocytes/100 leukocytes in Blood by Automated count"/>
      </concept>
      <concept>
        <code value="42250-1"/>
        <display value="Variant lymphocytes/100 leukocytes in Blood by Automated count"/>
      </concept>
      <concept>
        <code value="5905-5"/>
        <display value="Monocytes/100 leukocytes in Blood by Automated count"/>
      </concept>
      <concept>
        <code value="713-8"/>
        <display value="Eosinophils/100 leukocytes in Blood by Automated count"/>
      </concept>
      <concept>
        <code value="706-2"/>
        <display value="Basophils/100 leukocytes in Blood by Automated count"/>
      </concept>
      <concept>
        <code value="58409-4"/>
        <display value="Other cells/100 leukocytes in Blood by Automated count"/>
      </concept>
      <concept>
        <code value="751-8"/>
        <display value="Neutrophils [#/volume] in Blood by Automated count"/>
      </concept>
      <concept>
        <code value="30229-9"/>
        <display value="Band form neutrophils [#/volume] in Blood by Automated count"/>
      </concept>
      <concept>
        <code value="731-0"/>
        <display value="Lymphocytes [#/volume] in Blood by Automated count"/>
      </concept>
      <concept>
        <code value="43743-4"/>
        <display value="Variant lymphocytes [#/volume] in Blood by Automated count"/>
      </concept>
      <concept>
        <code value="742-7"/>
        <display value="Monocytes [#/volume] in Blood by Automated count"/>
      </concept>
      <concept>
        <code value="711-2"/>
        <display value="Eosinophils [#/volume] in Blood by Automated count"/>
      </concept>
      <concept>
        <code value="704-7"/>
        <display value="Basophils [#/volume] in Blood by Automated count"/>
      </concept>
      <concept>
        <code value="51383-8"/>
        <display value="Leukocytes other [#/volume] in Blood by Automated count"/>
      </concept>
      <concept>
        <code value="58443-3"/>
        <display value="Other cells [#/volume] in Blood by Automated count"/>
      </concept>
    </include>
  </compose>
</ValueSet>