{"resourceType":"ImplementationGuide","id":"cibmtr-reporting","text":{"status":"extensions","div":"<div xmlns=\"http://www.w3.org/1999/xhtml\"><h2>CIBMTRReporting</h2><p>The official URL for this implementation guide is: </p><pre>http://fhir.nmdp.org/ig/cibmtr-reporting/ImplementationGuide/cibmtr-reporting</pre><div><p>How to report HCT data to CIBMTR</p>\n</div></div>"},"url":"http://fhir.nmdp.org/ig/cibmtr-reporting/ImplementationGuide/cibmtr-reporting","version":"0.1.3","name":"CIBMTRReporting","title":"CIBMTR Reporting Implementation Guide","status":"draft","date":"2021-03-15T17:28:36-05:00","publisher":"NMDP/Be The Match","contact":[{"name":"NMDP/Be The Match","telecom":[{"system":"url","value":"http://bethematch.org"}]},{"name":"Bob Milius","telecom":[{"system":"email","value":"bmilius@nmdp.org"}]}],"description":"How to report HCT data to CIBMTR","packageId":"cibmtr-reporting","license":"Apache-2.0","fhirVersion":["4.0.1"],"dependsOn":[{"id":"uscore","uri":"http://hl7.org/fhir/us/core/ImplementationGuide/hl7.fhir.us.core","packageId":"hl7.fhir.us.core","version":"3.1.1"}],"definition":{"extension":[{"extension":[{"url":"code","valueString":"copyrightyear"},{"url":"value","valueString":"2020+"}],"url":"http://hl7.org/fhir/tools/StructureDefinition/ig-parameter"},{"extension":[{"url":"code","valueString":"releaselabel"},{"url":"value","valueString":"ci-build"}],"url":"http://hl7.org/fhir/tools/StructureDefinition/ig-parameter"},{"extension":[{"url":"code","valueString":"show-inherited-invariants"},{"url":"value","valueString":"false"}],"url":"http://hl7.org/fhir/tools/StructureDefinition/ig-parameter"},{"extension":[{"url":"code","valueString":"path-liquid"},{"url":"value","valueString":"template/liquid"}],"url":"http://hl7.org/fhir/tools/StructureDefinition/ig-parameter"},{"extension":[{"url":"code","valueString":"path-liquid"},{"url":"value","valueString":"input/liquid"}],"url":"http://hl7.org/fhir/tools/StructureDefinition/ig-parameter"},{"extension":[{"url":"code","valueString":"path-qa"},{"url":"value","valueString":"temp/qa"}],"url":"http://hl7.org/fhir/tools/StructureDefinition/ig-parameter"},{"extension":[{"url":"code","valueString":"path-temp"},{"url":"value","valueString":"temp/pages"}],"url":"http://hl7.org/fhir/tools/StructureDefinition/ig-parameter"},{"extension":[{"url":"code","valueString":"path-output"},{"url":"value","valueString":"output"}],"url":"http://hl7.org/fhir/tools/StructureDefinition/ig-parameter"},{"extension":[{"url":"code","valueString":"path-suppressed-warnings"},{"url":"value","valueString":"input/ignoreWarnings.txt"}],"url":"http://hl7.org/fhir/tools/StructureDefinition/ig-parameter"},{"extension":[{"url":"code","valueString":"path-history"},{"url":"value","valueString":"http://fhir.nmdp.org/ig/cibmtr-reporting/history.html"}],"url":"http://hl7.org/fhir/tools/StructureDefinition/ig-parameter"},{"extension":[{"url":"code","valueString":"template-html"},{"url":"value","valueString":"template-page.html"}],"url":"http://hl7.org/fhir/tools/StructureDefinition/ig-parameter"},{"extension":[{"url":"code","valueString":"template-md"},{"url":"value","valueString":"template-page-md.html"}],"url":"http://hl7.org/fhir/tools/StructureDefinition/ig-parameter"},{"extension":[{"url":"code","valueString":"apply-contact"},{"url":"value","valueString":"true"}],"url":"http://hl7.org/fhir/tools/StructureDefinition/ig-parameter"},{"extension":[{"url":"code","valueString":"apply-context"},{"url":"value","valueString":"true"}],"url":"http://hl7.org/fhir/tools/StructureDefinition/ig-parameter"},{"extension":[{"url":"code","valueString":"apply-copyright"},{"url":"value","valueString":"true"}],"url":"http://hl7.org/fhir/tools/StructureDefinition/ig-parameter"},{"extension":[{"url":"code","valueString":"apply-jurisdiction"},{"url":"value","valueString":"true"}],"url":"http://hl7.org/fhir/tools/StructureDefinition/ig-parameter"},{"extension":[{"url":"code","valueString":"apply-license"},{"url":"value","valueString":"true"}],"url":"http://hl7.org/fhir/tools/StructureDefinition/ig-parameter"},{"extension":[{"url":"code","valueString":"apply-publisher"},{"url":"value","valueString":"true"}],"url":"http://hl7.org/fhir/tools/StructureDefinition/ig-parameter"},{"extension":[{"url":"code","valueString":"apply-version"},{"url":"value","valueString":"true"}],"url":"http://hl7.org/fhir/tools/StructureDefinition/ig-parameter"},{"extension":[{"url":"code","valueString":"active-tables"},{"url":"value","valueString":"true"}],"url":"http://hl7.org/fhir/tools/StructureDefinition/ig-parameter"}],"grouping":[{"id":"_str_profile","name":"Structures: Resource Profiles","description":"These define constraints on FHIR resources for systems conforming to this implementation guide"},{"id":"_term_valueset","name":"Terminology: Value Sets","description":"These define sets of codes used by systems conforming to this implementation guide"},{"id":"_term_codesystem","name":"Terminology: Code Systems","description":"These define new code systems used by systems conforming to this implementation guide"},{"id":"_ex_example","name":"Example: Example Instances","description":"These are example instances that show what data produced and consumed by systems conforming with this implementation guide might look like"}],"resource":[{"extension":[{"url":"http://hl7.org/fhir/StructureDefinition/implementationguide-page","valueUri":"StructureDefinition-cibmtr-obs-priority-variables.html"}],"reference":{"reference":"StructureDefinition/cibmtr-obs-priority-variables"},"name":"CIBMTR Observation Laboratory Results: Priority Variables","description":"CIBMTR Observation Laboratory Results: Priority Variables","exampleBoolean":false,"groupingId":"_str_profile"},{"extension":[{"url":"http://hl7.org/fhir/StructureDefinition/implementationguide-page","valueUri":"StructureDefinition-cibmtr-observation-lab.html"}],"reference":{"reference":"StructureDefinition/cibmtr-observation-lab"},"name":"CIBMTR Observation Laboratory Results Profile (us-core)","description":"CIBMTR Observation Laboratory Results Profile (us-core)","exampleBoolean":false,"groupingId":"_str_profile"},{"extension":[{"url":"http://hl7.org/fhir/StructureDefinition/implementationguide-page","valueUri":"StructureDefinition-cibmtr-patient.html"}],"reference":{"reference":"StructureDefinition/cibmtr-patient"},"name":"CIBMTR Patient Profile (us-core)","description":"CIBMTR Patient Profile for CRID assignment (us-core)","exampleBoolean":false,"groupingId":"_str_profile"},{"extension":[{"url":"http://hl7.org/fhir/StructureDefinition/implementationguide-page","valueUri":"ValueSet-auto-differential-blood-vs.html"}],"reference":{"reference":"ValueSet/auto-differential-blood-vs"},"name":"Auto Differential panel - Blood (57023-4)","description":"Auto Differential panel - Blood (57023-4)","exampleBoolean":false,"groupingId":"_term_valueset"},{"extension":[{"url":"http://hl7.org/fhir/StructureDefinition/implementationguide-page","valueUri":"ValueSet-cbc-blood-automated-vs.html"}],"reference":{"reference":"ValueSet/cbc-blood-automated-vs"},"name":"CBC panel - Blood by Automated count (58410-2)","description":"CBC panel - Blood by Automated count (58410-2)","exampleBoolean":false,"groupingId":"_term_valueset"},{"extension":[{"url":"http://hl7.org/fhir/StructureDefinition/implementationguide-page","valueUri":"ValueSet-cbc-w-auto-differential-blood-vs.html"}],"reference":{"reference":"ValueSet/cbc-w-auto-differential-blood-vs"},"name":"CBC W Auto Differential panel - Blood (57021-8)","description":"CBC W Auto Differential panel - Blood (57021-8)","exampleBoolean":false,"groupingId":"_term_valueset"},{"extension":[{"url":"http://hl7.org/fhir/StructureDefinition/implementationguide-page","valueUri":"ValueSet-cbc-w-differential-unspecified-blood-vs.html"}],"reference":{"reference":"ValueSet/cbc-w-differential-unspecified-blood-vs"},"name":"CBC W Differential panel, method unspecified - Blood (69742-5)","description":"CBC W Differential panel, method unspecified - Blood (69742-5)","exampleBoolean":false,"groupingId":"_term_valueset"},{"extension":[{"url":"http://hl7.org/fhir/StructureDefinition/implementationguide-page","valueUri":"ValueSet-cbc-w-ordered-manual-differential-blood-vs.html"}],"reference":{"reference":"ValueSet/cbc-w-ordered-manual-differential-blood-vs"},"name":"CBC W Ordered Manual Differential panel - Blood (57782-5)","description":"CBC W Ordered Manual Differential panel - Blood (57782-5)","exampleBoolean":false,"groupingId":"_term_valueset"},{"extension":[{"url":"http://hl7.org/fhir/StructureDefinition/implementationguide-page","valueUri":"ValueSet-differential-unspecified-blood-vs.html"}],"reference":{"reference":"ValueSet/differential-unspecified-blood-vs"},"name":"Differential panel, method unspecified - Blood (69738-3)","description":"Differential panel, method unspecified - Blood (69738-3)","exampleBoolean":false,"groupingId":"_term_valueset"},{"extension":[{"url":"http://hl7.org/fhir/StructureDefinition/implementationguide-page","valueUri":"ValueSet-erythrocyte-morphology-blood-vs.html"}],"reference":{"reference":"ValueSet/erythrocyte-morphology-blood-vs"},"name":"Erythrocyte morphology panel - Blood (58408-6)","description":"Erythrocyte morphology panel - Blood (58408-6)","exampleBoolean":false,"groupingId":"_term_valueset"},{"extension":[{"url":"http://hl7.org/fhir/StructureDefinition/implementationguide-page","valueUri":"ValueSet-gvhdtype-valueset.html"}],"reference":{"reference":"ValueSet/gvhdtype-valueset"},"name":"GVHD Type Value Set","description":"Permissible values for types of Graft vs Host Disease, from NIH caDSR","exampleBoolean":false,"groupingId":"_term_valueset"},{"extension":[{"url":"http://hl7.org/fhir/StructureDefinition/implementationguide-page","valueUri":"ValueSet-leukocyte-morphology-blood-vs.html"}],"reference":{"reference":"ValueSet/leukocyte-morphology-blood-vs"},"name":"Leukocyte morphology panel - Blood (58407-8)","description":"Leukocyte morphology panel - Blood (58407-8)","exampleBoolean":false,"groupingId":"_term_valueset"},{"extension":[{"url":"http://hl7.org/fhir/StructureDefinition/implementationguide-page","valueUri":"ValueSet-manual-differential-blood-vs.html"}],"reference":{"reference":"ValueSet/manual-differential-blood-vs"},"name":"Manual Differential panel - Blood (24318-8)","description":"Manual Differential panel - Blood (24318-8)","exampleBoolean":false,"groupingId":"_term_valueset"},{"extension":[{"url":"http://hl7.org/fhir/StructureDefinition/implementationguide-page","valueUri":"ValueSet-platelet-morphology-blood-vs.html"}],"reference":{"reference":"ValueSet/platelet-morphology-blood-vs"},"name":"Platelet morphology panel - Blood (58406-0)","description":"Platelet morphology panel - Blood (58406-0)","exampleBoolean":false,"groupingId":"_term_valueset"},{"extension":[{"url":"http://hl7.org/fhir/StructureDefinition/implementationguide-page","valueUri":"ValueSet-cibmtr-priority-variables-vs.html"}],"reference":{"reference":"ValueSet/cibmtr-priority-variables-vs"},"name":"CIBMTR Priority Variables Value Set (FY21)","description":"Priority Variables for CIBMTR (FY21)","exampleBoolean":false,"groupingId":"_term_valueset"},{"extension":[{"url":"http://hl7.org/fhir/StructureDefinition/implementationguide-page","valueUri":"ValueSet-smear-morphology-blood-vs.html"}],"reference":{"reference":"ValueSet/smear-morphology-blood-vs"},"name":"Smear morphology panel - Blood (34994-4)","description":"Smear morphology panel - Blood (34994-4)","exampleBoolean":false,"groupingId":"_term_valueset"},{"extension":[{"url":"http://hl7.org/fhir/StructureDefinition/implementationguide-page","valueUri":"CodeSystem-cibmtr-cadsr-cde.html"}],"reference":{"reference":"CodeSystem/cibmtr-cadsr-cde"},"name":"NIH Common Data Elements for CIBMTR","description":"NIH Common Data Elements for CIBMTR","exampleBoolean":false,"groupingId":"_term_codesystem"},{"extension":[{"url":"http://hl7.org/fhir/StructureDefinition/implementationguide-page","valueUri":"CodeSystem-cibmtr-cadsr-vm.html"}],"reference":{"reference":"CodeSystem/cibmtr-cadsr-vm"},"name":"NIH Common Data Element Value Meanings for CIBMTR","description":"NIH Common Data Element Value Meanings for CIBMTR","exampleBoolean":false,"groupingId":"_term_codesystem"},{"extension":[{"url":"http://hl7.org/fhir/StructureDefinition/implementationguide-page","valueUri":"Observation-AlbuminObservation.html"}],"reference":{"reference":"Observation/AlbuminObservation"},"name":"AlbuminObservation","description":"Albumin observation","exampleCanonical":"http://fhir.nmdp.org/ig/cibmtr-reporting/StructureDefinition/cibmtr-obs-priority-variables","groupingId":"_ex_example"},{"extension":[{"url":"http://hl7.org/fhir/StructureDefinition/implementationguide-page","valueUri":"Observation-LeukocytesObservation.html"}],"reference":{"reference":"Observation/LeukocytesObservation"},"name":"LeukocytesObservation","description":"Leukocytes observation","exampleCanonical":"http://fhir.nmdp.org/ig/cibmtr-reporting/StructureDefinition/cibmtr-observation-lab","groupingId":"_ex_example"},{"extension":[{"url":"http://hl7.org/fhir/StructureDefinition/implementationguide-page","valueUri":"Patient-MyPatientExample1.html"}],"reference":{"reference":"Patient/MyPatientExample1"},"name":"MyPatientExample1","description":"example using CIBMTR center number","exampleCanonical":"http://fhir.nmdp.org/ig/cibmtr-reporting/StructureDefinition/cibmtr-patient","groupingId":"_ex_example"},{"extension":[{"url":"http://hl7.org/fhir/StructureDefinition/implementationguide-page","valueUri":"Patient-MyPatientExample2.html"}],"reference":{"reference":"Patient/MyPatientExample2"},"name":"MyPatientExample2","description":"example using CIBMTR CRID","exampleCanonical":"http://fhir.nmdp.org/ig/cibmtr-reporting/StructureDefinition/cibmtr-patient","groupingId":"_ex_example"},{"extension":[{"url":"http://hl7.org/fhir/StructureDefinition/implementationguide-page","valueUri":"Patient-MyPatientExample3.html"}],"reference":{"reference":"Patient/MyPatientExample3"},"name":"MyPatientExample3","description":"example using MRN and CRID, Race=White, Ethnicity=Unknown","exampleCanonical":"http://fhir.nmdp.org/ig/cibmtr-reporting/StructureDefinition/cibmtr-patient","groupingId":"_ex_example"},{"extension":[{"url":"http://hl7.org/fhir/StructureDefinition/implementationguide-page","valueUri":"Patient-MyPatientExample4.html"}],"reference":{"reference":"Patient/MyPatientExample4"},"name":"MyPatientExample4","description":"example using CRID and MRN, Race=Black or African American, Ethnicity=Unknown","exampleCanonical":"http://fhir.nmdp.org/ig/cibmtr-reporting/StructureDefinition/cibmtr-patient","groupingId":"_ex_example"},{"extension":[{"url":"http://hl7.org/fhir/StructureDefinition/implementationguide-page","valueUri":"Patient-MyPatientExample5.html"}],"reference":{"reference":"Patient/MyPatientExample5"},"name":"MyPatientExample5","description":"example using CRID & MRN, Race=Mixed, Ethnicity=Not Hispanic or Latino","exampleCanonical":"http://fhir.nmdp.org/ig/cibmtr-reporting/StructureDefinition/cibmtr-patient","groupingId":"_ex_example"},{"extension":[{"url":"http://hl7.org/fhir/StructureDefinition/implementationguide-page","valueUri":"Observation-NeutrophilsObservation.html"}],"reference":{"reference":"Observation/NeutrophilsObservation"},"name":"NeutrophilsObservation","description":"Neutrophils observation","exampleCanonical":"http://fhir.nmdp.org/ig/cibmtr-reporting/StructureDefinition/cibmtr-obs-priority-variables","groupingId":"_ex_example"}],"page":{"nameUrl":"toc.html","title":"Table of Contents","generation":"html","page":[{"nameUrl":"index.html","title":"Home","generation":"html"},{"nameUrl":"Direct-FHIR-STU3.html","title":"Direct FHIR STU 3","generation":"html"},{"nameUrl":"artifacts.html","title":"Artifacts Summary","generation":"html","page":[{"nameUrl":"StructureDefinition-cibmtr-obs-priority-variables.html","title":"CIBMTR Observation Laboratory Results: Priority Variables","generation":"generated"},{"nameUrl":"StructureDefinition-cibmtr-observation-lab.html","title":"CIBMTR Observation Laboratory Results Profile (us-core)","generation":"generated"},{"nameUrl":"StructureDefinition-cibmtr-patient.html","title":"CIBMTR Patient Profile (us-core)","generation":"generated"},{"nameUrl":"ValueSet-auto-differential-blood-vs.html","title":"Auto Differential panel - Blood (57023-4)","generation":"generated"},{"nameUrl":"ValueSet-cbc-blood-automated-vs.html","title":"CBC panel - Blood by Automated count (58410-2)","generation":"generated"},{"nameUrl":"ValueSet-cbc-w-auto-differential-blood-vs.html","title":"CBC W Auto Differential panel - Blood (57021-8)","generation":"generated"},{"nameUrl":"ValueSet-cbc-w-differential-unspecified-blood-vs.html","title":"CBC W Differential panel, method unspecified - Blood (69742-5)","generation":"generated"},{"nameUrl":"ValueSet-cbc-w-ordered-manual-differential-blood-vs.html","title":"CBC W Ordered Manual Differential panel - Blood (57782-5)","generation":"generated"},{"nameUrl":"ValueSet-differential-unspecified-blood-vs.html","title":"Differential panel, method unspecified - Blood (69738-3)","generation":"generated"},{"nameUrl":"ValueSet-erythrocyte-morphology-blood-vs.html","title":"Erythrocyte morphology panel - Blood (58408-6)","generation":"generated"},{"nameUrl":"ValueSet-gvhdtype-valueset.html","title":"GVHD Type Value Set","generation":"generated"},{"nameUrl":"ValueSet-leukocyte-morphology-blood-vs.html","title":"Leukocyte morphology panel - Blood (58407-8)","generation":"generated"},{"nameUrl":"ValueSet-manual-differential-blood-vs.html","title":"Manual Differential panel - Blood (24318-8)","generation":"generated"},{"nameUrl":"ValueSet-platelet-morphology-blood-vs.html","title":"Platelet morphology panel - Blood (58406-0)","generation":"generated"},{"nameUrl":"ValueSet-cibmtr-priority-variables-vs.html","title":"CIBMTR Priority Variables Value Set (FY21)","generation":"generated"},{"nameUrl":"ValueSet-smear-morphology-blood-vs.html","title":"Smear morphology panel - Blood (34994-4)","generation":"generated"},{"nameUrl":"CodeSystem-cibmtr-cadsr-cde.html","title":"NIH Common Data Elements for CIBMTR","generation":"generated"},{"nameUrl":"CodeSystem-cibmtr-cadsr-vm.html","title":"NIH Common Data Element Value Meanings for CIBMTR","generation":"generated"},{"nameUrl":"Observation-AlbuminObservation.html","title":"AlbuminObservation","generation":"generated"},{"nameUrl":"Observation-LeukocytesObservation.html","title":"LeukocytesObservation","generation":"generated"},{"nameUrl":"Patient-MyPatientExample1.html","title":"MyPatientExample1","generation":"generated"},{"nameUrl":"Patient-MyPatientExample2.html","title":"MyPatientExample2","generation":"generated"},{"nameUrl":"Patient-MyPatientExample3.html","title":"MyPatientExample3","generation":"generated"},{"nameUrl":"Patient-MyPatientExample4.html","title":"MyPatientExample4","generation":"generated"},{"nameUrl":"Patient-MyPatientExample5.html","title":"MyPatientExample5","generation":"generated"},{"nameUrl":"Observation-NeutrophilsObservation.html","title":"NeutrophilsObservation","generation":"generated"}]}]},"parameter":[{"code":"path-resource","value":"input/capabilities"},{"code":"path-resource","value":"input/examples"},{"code":"path-resource","value":"input/extensions"},{"code":"path-resource","value":"input/models"},{"code":"path-resource","value":"input/operations"},{"code":"path-resource","value":"input/profiles"},{"code":"path-resource","value":"input/resources"},{"code":"path-resource","value":"input/vocabulary"},{"code":"path-resource","value":"input/maps"},{"code":"path-resource","value":"input/testing"},{"code":"path-resource","value":"input/history"},{"code":"path-resource","value":"fsh-generated/resources"},{"code":"path-pages","value":"template/config"},{"code":"path-pages","value":"input/images"},{"code":"path-tx-cache","value":"input-cache/txcache"}]}}