{"resourceType":"ValueSet","id":"cbc-w-differential-unspecified-blood-vs","text":{"status":"generated","div":"<div xmlns=\"http://www.w3.org/1999/xhtml\"><p>This value set includes codes based on the following rules:</p><ul><li>Include these codes as defined in <a href=\"http://loinc.org\"><code>http://loinc.org</code></a><table class=\"none\"><tr><td style=\"white-space:nowrap\"><b>Code</b></td><td><b>Display</b></td></tr><tr><td><a href=\"http://details.loinc.org/LOINC/20570-8.html\">20570-8</a></td><td>Hematocrit [Volume Fraction] of Blood</td></tr><tr><td><a href=\"http://details.loinc.org/LOINC/26453-1.html\">26453-1</a></td><td>Erythrocytes [#/volume] in Blood</td></tr><tr><td><a href=\"http://details.loinc.org/LOINC/718-7.html\">718-7</a></td><td>Hemoglobin [Mass/volume] in Blood</td></tr><tr><td><a href=\"http://details.loinc.org/LOINC/26515-7.html\">26515-7</a></td><td>Platelets [#/volume] in Blood</td></tr><tr><td><a href=\"http://details.loinc.org/LOINC/28539-5.html\">28539-5</a></td><td>MCH [Entitic mass]</td></tr><tr><td><a href=\"http://details.loinc.org/LOINC/28540-3.html\">28540-3</a></td><td>MCHC [Mass/volume]</td></tr><tr><td><a href=\"http://details.loinc.org/LOINC/28542-9.html\">28542-9</a></td><td>Platelet mean volume [Entitic volume] in Blood</td></tr><tr><td><a href=\"http://details.loinc.org/LOINC/30384-2.html\">30384-2</a></td><td>Erythrocyte distribution width [Entitic volume]</td></tr><tr><td><a href=\"http://details.loinc.org/LOINC/30385-9.html\">30385-9</a></td><td>Erythrocyte distribution width [Ratio]</td></tr><tr><td><a href=\"http://details.loinc.org/LOINC/30428-7.html\">30428-7</a></td><td>MCV [Entitic volume]</td></tr></table></li><li>Import all the codes that are contained in <a href=\"ValueSet-differential-unspecified-blood-vs.html\">http://fhir.nmdp.org/ig/cibmtr-reporting/ValueSet/differential-unspecified-blood-vs</a></li></ul></div>"},"url":"http://fhir.nmdp.org/ig/cibmtr-reporting/ValueSet/cbc-w-differential-unspecified-blood-vs","version":"0.1.6","name":"CBCWDifferentialUnspecifiedBloodVS","title":"CBC W Differential panel, method unspecified - Blood (69742-5)","status":"active","date":"2021-06-04T14:42:41-05:00","publisher":"The Medical College of Wisconsin, Inc. and the National Marrow Donor Program","contact":[{"name":"The Medical College of Wisconsin, Inc. and the National Marrow Donor Program","telecom":[{"system":"url","value":"http://www.cibmtr.org"}]},{"name":"Bob Milius","telecom":[{"system":"email","value":"bmilius@nmdp.org"}]}],"description":"CBC W Differential panel, method unspecified - Blood (69742-5)","compose":{"include":[{"system":"http://loinc.org","concept":[{"code":"20570-8","display":"Hematocrit [Volume Fraction] of Blood"},{"code":"26453-1","display":"Erythrocytes [#/volume] in Blood"},{"code":"718-7","display":"Hemoglobin [Mass/volume] in Blood"},{"code":"26515-7","display":"Platelets [#/volume] in Blood"},{"code":"28539-5","display":"MCH [Entitic mass]"},{"code":"28540-3","display":"MCHC [Mass/volume]"},{"code":"28542-9","display":"Platelet mean volume [Entitic volume] in Blood"},{"code":"30384-2","display":"Erythrocyte distribution width [Entitic volume]"},{"code":"30385-9","display":"Erythrocyte distribution width [Ratio]"},{"code":"30428-7","display":"MCV [Entitic volume]"}]},{"valueSet":["http://fhir.nmdp.org/ig/cibmtr-reporting/ValueSet/differential-unspecified-blood-vs"]}]}}