<?xml version="1.0" encoding="UTF-8"?><ValueSet xmlns="http://hl7.org/fhir"><id value="cbc-blood-automated-vs"/><text><status value="generated"/><div xmlns="http://www.w3.org/1999/xhtml"><p class="res-header-id"><b>Generated Narrative: ValueSet cbc-blood-automated-vs</b></p><a name="cbc-blood-automated-vs"> </a><a name="hccbc-blood-automated-vs"> </a><a name="cbc-blood-automated-vs-en-US"> </a><ul><li>Include these codes as defined in <a href="http://loinc.org"><code>http://loinc.org</code></a><table class="none"><tr><td style="white-space:nowrap"><b>Code</b></td><td><b>Display</b></td></tr><tr><td><a href="https://loinc.org/6690-2/">6690-2</a></td><td>Leukocytes [#/volume] in Blood by Automated count</td></tr><tr><td><a href="https://loinc.org/789-8/">789-8</a></td><td>Erythrocytes [#/volume] in Blood by Automated count</td></tr><tr><td><a href="https://loinc.org/718-7/">718-7</a></td><td>Hemoglobin [Mass/volume] in Blood</td></tr><tr><td><a href="https://loinc.org/4544-3/">4544-3</a></td><td>Hematocrit [Volume Fraction] of Blood by Automated count</td></tr><tr><td><a href="https://loinc.org/787-2/">787-2</a></td><td>MCV [Entitic volume] by Automated count</td></tr><tr><td><a href="https://loinc.org/785-6/">785-6</a></td><td>MCH [Entitic mass] by Automated count</td></tr><tr><td><a href="https://loinc.org/786-4/">786-4</a></td><td>MCHC [Mass/volume] by Automated count</td></tr><tr><td><a href="https://loinc.org/21000-5/">21000-5</a></td><td>Erythrocyte distribution width [Entitic volume] by Automated count</td></tr><tr><td><a href="https://loinc.org/788-0/">788-0</a></td><td>Erythrocyte distribution width [Ratio] by Automated count</td></tr><tr><td><a href="https://loinc.org/777-3/">777-3</a></td><td>Platelets [#/volume] in Blood by Automated count</td></tr><tr><td><a href="https://loinc.org/32207-3/">32207-3</a></td><td>Platelet distribution width [Entitic volume] in Blood by Automated count</td></tr><tr><td><a href="https://loinc.org/32623-1/">32623-1</a></td><td>Platelet mean volume [Entitic volume] in Blood by Automated count</td></tr></table></li></ul></div></text><url value="http://fhir.nmdp.org/ig/cibmtr-reporting/ValueSet/cbc-blood-automated-vs"/><version value="0.1.7"/><name value="CBCBloodAutomatedVS"/><title value="CBC panel - Blood by Automated count (58410-2)"/><status value="draft"/><experimental value="true"/><date value="2024-08-27T12:23:18-05:00"/><publisher value="The Medical College of Wisconsin, Inc. and the National Marrow Donor Program"/><contact><name value="The Medical College of Wisconsin, Inc. and the National Marrow Donor Program"/><telecom><system value="url"/><value value="http://www.cibmtr.org"/></telecom></contact><contact><name value="Bob Milius"/><telecom><system value="email"/><value value="bmilius@nmdp.org"/></telecom></contact><description value="CBC panel - Blood by Automated count (58410-2)"/><compose><include><system value="http://loinc.org"/><concept><code value="6690-2"/><display value="Leukocytes [#/volume] in Blood by Automated count"/></concept><concept><code value="789-8"/><display value="Erythrocytes [#/volume] in Blood by Automated count"/></concept><concept><code value="718-7"/><display value="Hemoglobin [Mass/volume] in Blood"/></concept><concept><code value="4544-3"/><display value="Hematocrit [Volume Fraction] of Blood by Automated count"/></concept><concept><code value="787-2"/><display value="MCV [Entitic volume] by Automated count"/></concept><concept><code value="785-6"/><display value="MCH [Entitic mass] by Automated count"/></concept><concept><code value="786-4"/><display value="MCHC [Mass/volume] by Automated count"/></concept><concept><code value="21000-5"/><display value="Erythrocyte distribution width [Entitic volume] by Automated count"/></concept><concept><code value="788-0"/><display value="Erythrocyte distribution width [Ratio] by Automated count"/></concept><concept><code value="777-3"/><display value="Platelets [#/volume] in Blood by Automated count"/></concept><concept><code value="32207-3"/><display value="Platelet distribution width [Entitic volume] in Blood by Automated count"/></concept><concept><code value="32623-1"/><display value="Platelet mean volume [Entitic volume] in Blood by Automated count"/></concept></include></compose></ValueSet>