<?xml version="1.0" encoding="UTF-8"?><ValueSet xmlns="http://hl7.org/fhir"><id value="cibmtr-priority-variables-2022"/><text><status value="generated"/><div xmlns="http://www.w3.org/1999/xhtml"><p class="res-header-id"><b>Generated Narrative: ValueSet cibmtr-priority-variables-2022</b></p><a name="cibmtr-priority-variables-2022"> </a><a name="hccibmtr-priority-variables-2022"> </a><a name="cibmtr-priority-variables-2022-en-US"> </a><ul><li>Include these codes as defined in <a href="http://loinc.org"><code>http://loinc.org</code></a><table class="none"><tr><td style="white-space:nowrap"><b>Code</b></td><td><b>Display</b></td></tr><tr><td><a href="https://loinc.org/50190-8/">50190-8</a></td><td>Iron and Iron binding capacity panel - Serum or Plasma</td></tr><tr><td><a href="https://loinc.org/14800-7/">14800-7</a></td><td>Iron binding capacity [Moles/volume] in Serum or Plasma</td></tr><tr><td><a href="https://loinc.org/2500-7/">2500-7</a></td><td>Iron binding capacity [Mass/volume] in Serum or Plasma</td></tr><tr><td><a href="https://loinc.org/22753-8/">22753-8</a></td><td>Iron binding capacity.unsaturated [Moles/volume] in Serum or Plasma</td></tr><tr><td><a href="https://loinc.org/2501-5/">2501-5</a></td><td>Iron binding capacity.unsaturated [Mass/volume] in Serum or Plasma</td></tr><tr><td><a href="https://loinc.org/14801-5/">14801-5</a></td><td>Iron saturation [Molar fraction] in Serum or Plasma</td></tr><tr><td><a href="https://loinc.org/2502-3/">2502-3</a></td><td>Iron saturation [Mass Fraction] in Serum or Plasma</td></tr><tr><td><a href="https://loinc.org/2498-4/">2498-4</a></td><td>Iron [Mass/volume] in Serum or Plasma</td></tr><tr><td><a href="https://loinc.org/44326-7/">44326-7</a></td><td>Iron [Presence] in Serum or Plasma</td></tr><tr><td><a href="https://loinc.org/14798-3/">14798-3</a></td><td>Iron [Moles/volume] in Serum or Plasma</td></tr><tr><td><a href="https://loinc.org/34442-4/">34442-4</a></td><td>Bilirubin.conjugated/Bilirubin.total in Serum or Plasma</td></tr><tr><td><a href="https://loinc.org/35672-5/">35672-5</a></td><td>Bilirubin.direct/Bilirubin.total in Serum or Plasma</td></tr><tr><td><a href="https://loinc.org/14631-6/">14631-6</a></td><td>Bilirubin.total [Moles/volume] in Serum or Plasma</td></tr><tr><td><a href="https://loinc.org/1975-2/">1975-2</a></td><td>Bilirubin.total [Mass/volume] in Serum or Plasma</td></tr><tr><td><a href="https://loinc.org/77137-8/">77137-8</a></td><td>Bilirubin.total [Moles/volume] in Serum, Plasma or Blood</td></tr><tr><td><a href="https://loinc.org/50189-0/">50189-0</a></td><td>Neonatal bilirubin panel [Mass/volume] - Serum or Plasma</td></tr><tr><td><a href="https://loinc.org/78961-0/">78961-0</a></td><td>IgG clearance/Albumin clearance [Ratio] in Urine and Serum or Plasma</td></tr><tr><td><a href="https://loinc.org/1754-1/">1754-1</a></td><td>Albumin [Mass/volume] in Urine</td></tr><tr><td><a href="https://loinc.org/1753-3/">1753-3</a></td><td>Albumin [Presence] in Urine</td></tr><tr><td><a href="https://loinc.org/50949-7/">50949-7</a></td><td>Albumin [Presence] in Urine by Test strip</td></tr><tr><td><a href="https://loinc.org/6942-7/">6942-7</a></td><td>Albumin [Mass/volume] in Urine by Electrophoresis</td></tr><tr><td><a href="https://loinc.org/77158-4/">77158-4</a></td><td>Albumin [Moles/volume] in Urine by Detection limit &lt;= 3.0 mg/L</td></tr><tr><td><a href="https://loinc.org/14957-5/">14957-5</a></td><td>Microalbumin [Mass/volume] in Urine</td></tr><tr><td><a href="https://loinc.org/53531-0/">53531-0</a></td><td>Microalbumin [Mass/volume] in Urine by Detection limit &lt;= 1.0 mg/L</td></tr><tr><td><a href="https://loinc.org/11218-5/">11218-5</a></td><td>Microalbumin [Mass/volume] in Urine by Test strip</td></tr><tr><td><a href="https://loinc.org/95232-5/">95232-5</a></td><td>Microalbumin [Presence] in Urine by Test strip</td></tr><tr><td><a href="https://loinc.org/1755-8/">1755-8</a></td><td>Albumin [Mass/time] in 24 hour Urine</td></tr><tr><td><a href="https://loinc.org/89999-7/">89999-7</a></td><td>Albumin [Mass/volume] in Urine by Detection limit &lt;= 3.0 mg/L</td></tr><tr><td><a href="https://loinc.org/9318-7/">9318-7</a></td><td>Albumin/Creatinine [Mass Ratio] in Urine</td></tr><tr><td><a href="https://loinc.org/1916-6/">1916-6</a></td><td>Aspartate aminotransferase/Alanine aminotransferase [Enzymatic activity ratio] in Serum or Plasma</td></tr><tr><td><a href="https://loinc.org/16325-3/">16325-3</a></td><td>Alanine aminotransferase/Aspartate aminotransferase [Enzymatic activity ratio] in Serum or Plasma</td></tr><tr><td><a href="https://loinc.org/2325-9/">2325-9</a></td><td>Gamma glutamyl transferase/Aspartate aminotransferase [Enzymatic activity ratio] in Serum or Plasma</td></tr><tr><td><a href="https://loinc.org/1920-8/">1920-8</a></td><td>Aspartate aminotransferase [Enzymatic activity/volume] in Serum or Plasma</td></tr><tr><td><a href="https://loinc.org/44786-2/">44786-2</a></td><td>Aspartate aminotransferase [Enzymatic activity/volume] (Maximum value during study) in Serum or Plasma</td></tr><tr><td><a href="https://loinc.org/30239-8/">30239-8</a></td><td>Aspartate aminotransferase [Enzymatic activity/volume] in Serum or Plasma by With P-5'-P</td></tr><tr><td><a href="https://loinc.org/88112-8/">88112-8</a></td><td>Aspartate aminotransferase [Enzymatic activity/volume] in Serum or Plasma by No addition of P-5'-P</td></tr><tr><td><a href="https://loinc.org/48136-6/">48136-6</a></td><td>Aspartate aminotransferase.macromolecular [Enzymatic activity/volume] in Serum or Plasma</td></tr><tr><td><a href="https://loinc.org/54500-4/">54500-4</a></td><td>Aspartate aminotransferase.macromolecular/Aspartate aminotransferase.total in Serum or Plasma</td></tr><tr><td><a href="https://loinc.org/76625-3/">76625-3</a></td><td>Alanine aminotransferase [Enzymatic activity/volume] in Blood</td></tr><tr><td><a href="https://loinc.org/16324-6/">16324-6</a></td><td>Alanine aminotransferase [Enzymatic activity/volume] in Red Blood Cells</td></tr><tr><td><a href="https://loinc.org/96586-3/">96586-3</a></td><td>Alanine aminotransferase [Enzymatic activity/volume] in DBS</td></tr><tr><td><a href="https://loinc.org/77144-4/">77144-4</a></td><td>Alanine aminotransferase [Enzymatic activity/volume] in Serum, Plasma or Blood</td></tr><tr><td><a href="https://loinc.org/48134-1/">48134-1</a></td><td>Alanine aminotransferase.macromolecular [Enzymatic activity/volume] in Serum or Plasma</td></tr><tr><td><a href="https://loinc.org/1742-6/">1742-6</a></td><td>Alanine aminotransferase [Enzymatic activity/volume] in Serum or Plasma</td></tr><tr><td><a href="https://loinc.org/1743-4/">1743-4</a></td><td>Alanine aminotransferase [Enzymatic activity/volume] in Serum or Plasma by With P-5'-P</td></tr><tr><td><a href="https://loinc.org/1744-2/">1744-2</a></td><td>Alanine aminotransferase [Enzymatic activity/volume] in Serum or Plasma by No addition of P-5'-P</td></tr><tr><td><a href="https://loinc.org/44785-4/">44785-4</a></td><td>Alanine aminotransferase [Enzymatic activity/volume] (Maximum value during study) in Serum or Plasma by No addition of P-5'-P</td></tr><tr><td><a href="https://loinc.org/14119-2/">14119-2</a></td><td>Lactate dehydrogenase 1/Lactate dehydrogenase 2 [Enzymatic activity ratio] in Serum or Plasma</td></tr><tr><td><a href="https://loinc.org/2540-3/">2540-3</a></td><td>Lactate dehydrogenase 2 [Enzymatic activity/volume] in Serum or Plasma</td></tr><tr><td><a href="https://loinc.org/2549-4/">2549-4</a></td><td>Lactate dehydrogenase 5 [Enzymatic activity/volume] in Serum or Plasma</td></tr><tr><td><a href="https://loinc.org/2537-9/">2537-9</a></td><td>Lactate dehydrogenase 1 [Enzymatic activity/volume] in Serum or Plasma</td></tr><tr><td><a href="https://loinc.org/2543-7/">2543-7</a></td><td>Lactate dehydrogenase 3 [Enzymatic activity/volume] in Serum or Plasma</td></tr><tr><td><a href="https://loinc.org/2546-0/">2546-0</a></td><td>Lactate dehydrogenase 4 [Enzymatic activity/volume] in Serum or Plasma</td></tr><tr><td><a href="https://loinc.org/14804-9/">14804-9</a></td><td>Lactate dehydrogenase [Enzymatic activity/volume] in Serum or Plasma by Lactate to pyruvate reaction</td></tr><tr><td><a href="https://loinc.org/14805-6/">14805-6</a></td><td>Lactate dehydrogenase [Enzymatic activity/volume] in Serum or Plasma by Pyruvate to lactate reaction</td></tr><tr><td><a href="https://loinc.org/2541-1/">2541-1</a></td><td>Lactate dehydrogenase 3 [Enzymatic activity/volume] in Serum or Plasma by Chemical separation</td></tr><tr><td><a href="https://loinc.org/2544-5/">2544-5</a></td><td>Lactate dehydrogenase 4 [Enzymatic activity/volume] in Serum or Plasma by Chemical separation</td></tr><tr><td><a href="https://loinc.org/2547-8/">2547-8</a></td><td>Lactate dehydrogenase 5 [Enzymatic activity/volume] in Serum or Plasma by Chemical separation</td></tr><tr><td><a href="https://loinc.org/2535-3/">2535-3</a></td><td>Lactate dehydrogenase 1 [Enzymatic activity/volume] in Serum or Plasma by Chemical separation</td></tr><tr><td><a href="https://loinc.org/2538-7/">2538-7</a></td><td>Lactate dehydrogenase 2 [Enzymatic activity/volume] in Serum or Plasma by Chemical separation</td></tr><tr><td><a href="https://loinc.org/19248-4/">19248-4</a></td><td>Lactate dehydrogenase 2 [Enzymatic activity/volume] in Serum or Plasma by Electrophoresis</td></tr><tr><td><a href="https://loinc.org/93905-8/">93905-8</a></td><td>ABO group [Type] in Blood--during infancy</td></tr><tr><td><a href="https://loinc.org/883-9/">883-9</a></td><td>ABO group [Type] in Blood</td></tr><tr><td><a href="https://loinc.org/14580-5/">14580-5</a></td><td>ABO group [Type] in Blood from Newborn</td></tr><tr><td><a href="https://loinc.org/882-1/">882-1</a></td><td>ABO and Rh group [Type] in Blood</td></tr><tr><td><a href="https://loinc.org/57743-7/">57743-7</a></td><td>ABO group [Type] in Blood by Confirmatory method</td></tr><tr><td><a href="https://loinc.org/51892-8/">51892-8</a></td><td>ABO group [Type] in Cord blood</td></tr><tr><td><a href="https://loinc.org/93906-6/">93906-6</a></td><td>ABO and Rh group [Type] in Blood--during infancy</td></tr><tr><td><a href="https://loinc.org/44086-7/">44086-7</a></td><td>ABO and Rh group [Interpretation] in Blood from Newborn</td></tr><tr><td><a href="https://loinc.org/77397-8/">77397-8</a></td><td>ABO and Rh group [Type] in Blood by Confirmatory method</td></tr><tr><td><a href="https://loinc.org/19057-9/">19057-9</a></td><td>ABO and Rh group [Type] in Blood from Newborn</td></tr><tr><td><a href="https://loinc.org/884-7/">884-7</a></td><td>ABO and Rh group [Type] in Capillary blood</td></tr><tr><td><a href="https://loinc.org/54417-1/">54417-1</a></td><td>ABO and Rh group [Type] in Blood from Fetus</td></tr><tr><td><a href="https://loinc.org/34474-7/">34474-7</a></td><td>ABO and Rh group [Type] in Cord blood</td></tr><tr><td><a href="https://loinc.org/1303-7/">1303-7</a></td><td>Reverse ABO group [Type]</td></tr><tr><td><a href="https://loinc.org/54416-3/">54416-3</a></td><td>Rh [Type] in Blood from Fetus</td></tr><tr><td><a href="https://loinc.org/14906-2/">14906-2</a></td><td>Rh [Type] in Cord blood</td></tr><tr><td><a href="https://loinc.org/13225-8/">13225-8</a></td><td>Cytomegalovirus IgG Ab [Units/volume] in Serum or Plasma --1st specimen</td></tr><tr><td><a href="https://loinc.org/16714-8/">16714-8</a></td><td>Cytomegalovirus Ab [Units/volume] in Serum by Latex agglutination</td></tr><tr><td><a href="https://loinc.org/16715-5/">16715-5</a></td><td>Cytomegalovirus IgG Ab [Units/volume] in Serum or Plasma by Immunofluorescence</td></tr><tr><td><a href="https://loinc.org/16716-3/">16716-3</a></td><td>Cytomegalovirus IgG Ab [Units/volume] in Serum or Plasma by Immunoassay --2nd specimen</td></tr><tr><td><a href="https://loinc.org/22241-4/">22241-4</a></td><td>Cytomegalovirus Ab [Titer] in Serum or Plasma</td></tr><tr><td><a href="https://loinc.org/22246-3/">22246-3</a></td><td>Cytomegalovirus IgG Ab [Titer] in Serum or Plasma</td></tr><tr><td><a href="https://loinc.org/22247-1/">22247-1</a></td><td>Cytomegalovirus IgG Ab [Units/volume] in Serum or Plasma --2nd specimen</td></tr><tr><td><a href="https://loinc.org/22249-7/">22249-7</a></td><td>Cytomegalovirus IgM Ab [Titer] in Serum or Plasma</td></tr><tr><td><a href="https://loinc.org/29590-7/">29590-7</a></td><td>Cytomegalovirus DNA [Mass/volume] (viral load) in Blood by Probe</td></tr><tr><td><a href="https://loinc.org/29604-6/">29604-6</a></td><td>Cytomegalovirus DNA [#/volume] (viral load) in Blood by NAA with probe detection</td></tr><tr><td><a href="https://loinc.org/30247-1/">30247-1</a></td><td>Cytomegalovirus DNA [#/volume] (viral load) in Serum or Plasma by NAA with probe detection</td></tr><tr><td><a href="https://loinc.org/32170-3/">32170-3</a></td><td>Cytomegalovirus Ab [Titer] in Serum or Plasma by Immunofluorescence</td></tr><tr><td><a href="https://loinc.org/49349-4/">49349-4</a></td><td>Cytomegalovirus DNA [#/volume] (viral load) in Bronchoalveolar lavage by NAA with probe detection</td></tr><tr><td><a href="https://loinc.org/5121-9/">5121-9</a></td><td>Cytomegalovirus Ab [Titer] in Serum or Plasma by Latex agglutination</td></tr><tr><td><a href="https://loinc.org/5122-7/">5122-7</a></td><td>Cytomegalovirus Ab [Units/volume] in Serum or Plasma by Immunofluorescence</td></tr><tr><td><a href="https://loinc.org/5124-3/">5124-3</a></td><td>Cytomegalovirus IgG Ab [Units/volume] in Serum or Plasma by Immunoassay</td></tr><tr><td><a href="https://loinc.org/5125-0/">5125-0</a></td><td>Cytomegalovirus IgG Ab [Titer] in Serum or Plasma by Immunofluorescence</td></tr><tr><td><a href="https://loinc.org/5126-8/">5126-8</a></td><td>Cytomegalovirus IgM Ab [Units/volume] in Serum or Plasma by Immunoassay</td></tr><tr><td><a href="https://loinc.org/5127-6/">5127-6</a></td><td>Cytomegalovirus IgM Ab [Titer] in Serum or Plasma by Immunofluorescence</td></tr><tr><td><a href="https://loinc.org/52976-8/">52976-8</a></td><td>Cytomegalovirus Ab [Units/volume] in Serum by Complement fixation</td></tr><tr><td><a href="https://loinc.org/54206-8/">54206-8</a></td><td>Cytomegalovirus DNA [Log #/volume] (viral load) in Serum or Plasma by NAA with probe detection</td></tr><tr><td><a href="https://loinc.org/72493-0/">72493-0</a></td><td>Cytomegalovirus DNA [Units/volume] (viral load) in Plasma by NAA with probe detection</td></tr><tr><td><a href="https://loinc.org/72494-8/">72494-8</a></td><td>Cytomegalovirus DNA [log units/volume] (viral load) in Plasma by NAA with probe detection</td></tr><tr><td><a href="https://loinc.org/7851-9/">7851-9</a></td><td>Cytomegalovirus Ab [Units/volume] in Serum or Plasma</td></tr><tr><td><a href="https://loinc.org/7852-7/">7852-7</a></td><td>Cytomegalovirus IgG Ab [Units/volume] in Serum or Plasma</td></tr><tr><td><a href="https://loinc.org/7853-5/">7853-5</a></td><td>Cytomegalovirus IgM Ab [Units/volume] in Serum or Plasma</td></tr><tr><td><a href="https://loinc.org/88545-9/">88545-9</a></td><td>Cytomegalovirus DNA [#/volume] (viral load) in DBS by NAA with probe detection</td></tr><tr><td><a href="https://loinc.org/9513-3/">9513-3</a></td><td>Cytomegalovirus Ab [Titer] in Serum by Complement fixation</td></tr><tr><td><a href="https://loinc.org/32791-6/">32791-6</a></td><td>Cytomegalovirus IgG Ab [Ratio] in Serum or Plasma by Immunoassay --1st specimen/2nd specimen</td></tr><tr><td><a href="https://loinc.org/32835-1/">32835-1</a></td><td>Cytomegalovirus IgG Ab [Ratio] in Serum or Plasma --1st specimen/2nd specimen</td></tr><tr><td><a href="https://loinc.org/52984-2/">52984-2</a></td><td>Cytomegalovirus IgG Ab avidity [Ratio] in Serum or Plasma by Immunoassay</td></tr><tr><td><a href="https://loinc.org/78445-4/">78445-4</a></td><td>Cytomegalovirus IgG Ab avidity [Presence] in Serum or Plasma by Immunoassay</td></tr><tr><td><a href="https://loinc.org/67805-2/">67805-2</a></td><td>Cytomegalovirus Ag [Presence] in Isolate by Immunofluorescence</td></tr><tr><td><a href="https://loinc.org/59838-3/">59838-3</a></td><td>Cytomegalovirus Ab [Presence] in Serum or Plasma by Latex agglutination</td></tr><tr><td><a href="https://loinc.org/30325-5/">30325-5</a></td><td>Cytomegalovirus IgM Ab [Presence] in Serum or Plasma</td></tr><tr><td><a href="https://loinc.org/13949-3/">13949-3</a></td><td>Cytomegalovirus IgG Ab [Presence] in Serum or Plasma by Immunoassay</td></tr><tr><td><a href="https://loinc.org/22239-8/">22239-8</a></td><td>Cytomegalovirus Ab [Presence] in Serum or Plasma</td></tr><tr><td><a href="https://loinc.org/24119-0/">24119-0</a></td><td>Cytomegalovirus IgM Ab [Presence] in Serum or Plasma by Immunoassay</td></tr><tr><td><a href="https://loinc.org/6377-6/">6377-6</a></td><td>Cytomegalovirus Ag [Presence] in Serum or Plasma by Immunofluorescence</td></tr><tr><td><a href="https://loinc.org/6376-8/">6376-8</a></td><td>Cytomegalovirus Ag [Presence] in Serum or Plasma by Immunoassay</td></tr><tr><td><a href="https://loinc.org/5835-4/">5835-4</a></td><td>Cytomegalovirus [Presence] in Blood by Organism specific culture</td></tr><tr><td><a href="https://loinc.org/54164-9/">54164-9</a></td><td>Cytomegalovirus immediate-early Ag [Presence] in Blood</td></tr><tr><td><a href="https://loinc.org/4996-5/">4996-5</a></td><td>Cytomegalovirus DNA [Presence] in Blood by NAA with probe detection</td></tr><tr><td><a href="https://loinc.org/49539-0/">49539-0</a></td><td>Cytomegalovirus IgM Ab [Presence] in Serum or Plasma by Immunofluorescence</td></tr><tr><td><a href="https://loinc.org/43703-8/">43703-8</a></td><td>Cytomegalovirus [Presence] in Blood by Shell vial culture</td></tr><tr><td><a href="https://loinc.org/31795-8/">31795-8</a></td><td>Cytomegalovirus Ag [Presence] in Serum or Plasma</td></tr><tr><td><a href="https://loinc.org/30246-3/">30246-3</a></td><td>Cytomegalovirus DNA [Presence] in Serum or Plasma by NAA with probe detection</td></tr><tr><td><a href="https://loinc.org/15377-5/">15377-5</a></td><td>Cytomegalovirus Ab [Presence] in Serum by Latex agglutination</td></tr><tr><td><a href="https://loinc.org/16718-9/">16718-9</a></td><td>Cytomegalovirus Ag [Presence] in Blood</td></tr><tr><td><a href="https://loinc.org/22244-8/">22244-8</a></td><td>Cytomegalovirus IgG Ab [Presence] in Serum or Plasma</td></tr><tr><td><a href="https://loinc.org/28008-1/">28008-1</a></td><td>Cytomegalovirus DNA [Presence] in Blood by Probe with signal amplification</td></tr><tr><td><a href="https://loinc.org/20475-0/">20475-0</a></td><td>Cytomegalovirus IgG Ab [Interpretation] in Serum or Plasma</td></tr><tr><td><a href="https://loinc.org/87424-8/">87424-8</a></td><td>Cytomegalovirus IgG and IgM panel - Serum or Plasma Qualitative</td></tr><tr><td><a href="https://loinc.org/88535-0/">88535-0</a></td><td>Cytomegalovirus DNA [Presence] in DBS by NAA with probe detection</td></tr><tr><td><a href="https://loinc.org/95184-8/">95184-8</a></td><td>Cytomegalovirus T-cell immunodeficiency panel - Blood by Flow cytometry (FC)</td></tr><tr><td><a href="https://loinc.org/78006-4/">78006-4</a></td><td>Isotopic Glomerular filtration rate/1.73 sq M [Volume Rate/Area] in Urine and Serum or Plasma</td></tr><tr><td><a href="https://loinc.org/96591-3/">96591-3</a></td><td>Glomerular filtration rate/1.73 sq M.predicted among blacks [Volume Rate/Area] in DBS</td></tr><tr><td><a href="https://loinc.org/69405-9/">69405-9</a></td><td>Glomerular filtration rate/1.73 sq M.predicted [Volume Rate/Area] in Serum, Plasma or Blood</td></tr><tr><td><a href="https://loinc.org/96592-1/">96592-1</a></td><td>Glomerular filtration rate/1.73 sq M.predicted among non-blacks [Volume Rate/Area] in DBS</td></tr><tr><td><a href="https://loinc.org/50384-7/">50384-7</a></td><td>Glomerular filtration rate/1.73 sq M.predicted [Volume Rate/Area] in Serum, Plasma or Blood by Creatinine-based formula (Schwartz)</td></tr><tr><td><a href="https://loinc.org/50210-4/">50210-4</a></td><td>Glomerular filtration rate/1.73 sq M.predicted [Volume Rate/Area] in Serum, Plasma or Blood by Cystatin-based formula</td></tr><tr><td><a href="https://loinc.org/62238-1/">62238-1</a></td><td>Glomerular filtration rate/1.73 sq M.predicted [Volume Rate/Area] in Serum, Plasma or Blood by Creatinine-based formula (CKD-EPI)</td></tr><tr><td><a href="https://loinc.org/77147-7/">77147-7</a></td><td>Glomerular filtration rate/1.73 sq M.predicted [Volume Rate/Area] in Serum, Plasma or Blood by Creatinine-based formula (MDRD)</td></tr><tr><td><a href="https://loinc.org/88293-6/">88293-6</a></td><td>Glomerular filtration rate/1.73 sq M.predicted among blacks [Volume Rate/Area] in Serum, Plasma or Blood by Creatinine-based formula (CKD-EPI)</td></tr><tr><td><a href="https://loinc.org/48643-1/">48643-1</a></td><td>Glomerular filtration rate/1.73 sq M.predicted among blacks [Volume Rate/Area] in Serum, Plasma or Blood by Creatinine-based formula (MDRD)</td></tr><tr><td><a href="https://loinc.org/50044-7/">50044-7</a></td><td>Glomerular filtration rate/1.73 sq M.predicted among females [Volume Rate/Area] in Serum, Plasma or Blood by Creatinine-based formula (MDRD)</td></tr><tr><td><a href="https://loinc.org/70969-1/">70969-1</a></td><td>Glomerular filtration rate/1.73 sq M.predicted among males [Volume Rate/Area] in Serum, Plasma or Blood by Creatinine-based formula (MDRD)</td></tr><tr><td><a href="https://loinc.org/88294-4/">88294-4</a></td><td>Glomerular filtration rate/1.73 sq M.predicted among non-blacks [Volume Rate/Area] in Serum, Plasma or Blood by Creatinine-based formula (CKD-EPI)</td></tr><tr><td><a href="https://loinc.org/48642-3/">48642-3</a></td><td>Glomerular filtration rate/1.73 sq M.predicted among non-blacks [Volume Rate/Area] in Serum, Plasma or Blood by Creatinine-based formula (MDRD)</td></tr><tr><td><a href="https://loinc.org/87430-5/">87430-5</a></td><td>Cystatin C and Glomerular filtration rate by Cystatin-based formula panel - Serum or Plasma</td></tr><tr><td><a href="https://loinc.org/45066-8/">45066-8</a></td><td>Creatinine and Glomerular filtration rate.predicted panel - Serum, Plasma or Blood</td></tr><tr><td><a href="https://loinc.org/94677-2/">94677-2</a></td><td>Glomerular filtration rate/1.73 sq M.predicted [Volume Rate/Area] in Serum, Plasma or Blood by Creatinine and Cystatin C-based formula (CKD-EPI)</td></tr><tr><td><a href="https://loinc.org/98979-8/">98979-8</a></td><td>Glomerular filtration rate/1.73 sq M.predicted [Volume Rate/Area] in Serum, Plasma or Blood by Creatinine-based formula (CKD-EPI 2021)</td></tr><tr><td><a href="https://loinc.org/2164-2/">2164-2</a></td><td>Creatinine renal clearance in 24 hour Urine and Serum or Plasma</td></tr><tr><td><a href="https://loinc.org/6690-2/">6690-2</a></td><td>Leukocytes [#/volume] in Blood by Automated count</td></tr><tr><td><a href="https://loinc.org/804-5/">804-5</a></td><td>Leukocytes [#/volume] in Blood by Manual count</td></tr><tr><td><a href="https://loinc.org/26464-8/">26464-8</a></td><td>Leukocytes [#/volume] in Blood</td></tr><tr><td><a href="https://loinc.org/49498-9/">49498-9</a></td><td>Leukocytes [#/volume] in Blood by Estimate</td></tr><tr><td><a href="https://loinc.org/789-8/">789-8</a></td><td>Erythrocytes [#/volume] in Blood by Automated count</td></tr><tr><td><a href="https://loinc.org/26453-1/">26453-1</a></td><td>Erythrocytes [#/volume] in Blood</td></tr><tr><td><a href="https://loinc.org/790-6/">790-6</a></td><td>Erythrocytes [#/volume] in Blood by Manual count</td></tr><tr><td><a href="https://loinc.org/93846-4/">93846-4</a></td><td>Hemoglobin [Moles/volume] in Venous blood</td></tr><tr><td><a href="https://loinc.org/718-7/">718-7</a></td><td>Hemoglobin [Mass/volume] in Blood</td></tr><tr><td><a href="https://loinc.org/30313-1/">30313-1</a></td><td>Hemoglobin [Mass/volume] in Arterial blood</td></tr><tr><td><a href="https://loinc.org/30350-3/">30350-3</a></td><td>Hemoglobin [Mass/volume] in Venous blood</td></tr><tr><td><a href="https://loinc.org/14775-1/">14775-1</a></td><td>Hemoglobin [Mass/volume] in Arterial blood by Oximetry</td></tr><tr><td><a href="https://loinc.org/30351-1/">30351-1</a></td><td>Hemoglobin [Mass/volume] in Mixed venous blood</td></tr><tr><td><a href="https://loinc.org/20509-6/">20509-6</a></td><td>Hemoglobin [Mass/volume] in Blood by calculation</td></tr><tr><td><a href="https://loinc.org/75928-2/">75928-2</a></td><td>Hemoglobin [Moles/volume] in Arterial blood</td></tr><tr><td><a href="https://loinc.org/55782-7/">55782-7</a></td><td>Hemoglobin [Mass/volume] in Blood by Oximetry</td></tr><tr><td><a href="https://loinc.org/59260-0/">59260-0</a></td><td>Hemoglobin [Moles/volume] in Blood</td></tr><tr><td><a href="https://loinc.org/76768-1/">76768-1</a></td><td>Hemoglobin [Mass/volume] in Mixed venous blood by Oximetry</td></tr><tr><td><a href="https://loinc.org/76769-9/">76769-9</a></td><td>Hemoglobin [Mass/volume] in Venous blood by Oximetry</td></tr><tr><td><a href="https://loinc.org/4633-4/">4633-4</a></td><td>Hemoglobin F/Hemoglobin.total in Blood by Kleihauer-Betke method</td></tr><tr><td><a href="https://loinc.org/4576-5/">4576-5</a></td><td>Hemoglobin F/Hemoglobin.total in Blood</td></tr><tr><td><a href="https://loinc.org/42246-9/">42246-9</a></td><td>Hemoglobin F/Hemoglobin.total in Blood by HPLC</td></tr><tr><td><a href="https://loinc.org/32682-7/">32682-7</a></td><td>Hemoglobin F/Hemoglobin.total in Blood by Electrophoresis</td></tr><tr><td><a href="https://loinc.org/38524-5/">38524-5</a></td><td>Hemoglobin F/Hemoglobin.total in Blood by Electrophoresis alkaline (pH 8.9)</td></tr><tr><td><a href="https://loinc.org/71863-5/">71863-5</a></td><td>Hemoglobin F/Hemoglobin.total [Pure mass fraction] in Blood by Kleihauer-Betke method</td></tr><tr><td><a href="https://loinc.org/71864-3/">71864-3</a></td><td>Hemoglobin F/Hemoglobin.total [Pure mass fraction] in Blood by HPLC</td></tr><tr><td><a href="https://loinc.org/71865-0/">71865-0</a></td><td>Hemoglobin F/Hemoglobin.total [Pure mass fraction] in Blood by Electrophoresis</td></tr><tr><td><a href="https://loinc.org/20570-8/">20570-8</a></td><td>Hematocrit [Volume Fraction] of Blood</td></tr><tr><td><a href="https://loinc.org/31100-1/">31100-1</a></td><td>Hematocrit [Volume Fraction] of Blood by Impedance</td></tr><tr><td><a href="https://loinc.org/4545-0/">4545-0</a></td><td>Hematocrit [Volume Fraction] of Blood by Centrifugation</td></tr><tr><td><a href="https://loinc.org/4544-3/">4544-3</a></td><td>Hematocrit [Volume Fraction] of Blood by Automated count</td></tr><tr><td><a href="https://loinc.org/42908-4/">42908-4</a></td><td>Hematocrit [Volume Fraction] of Capillary blood</td></tr><tr><td><a href="https://loinc.org/41654-5/">41654-5</a></td><td>Hematocrit [Volume Fraction] of Venous blood</td></tr><tr><td><a href="https://loinc.org/48703-3/">48703-3</a></td><td>Hematocrit [Volume Fraction] of Blood by Estimated</td></tr><tr><td><a href="https://loinc.org/71829-6/">71829-6</a></td><td>Hematocrit [Pure volume fraction] of Venous blood</td></tr><tr><td><a href="https://loinc.org/71831-2/">71831-2</a></td><td>Hematocrit [Pure volume fraction] of Capillary blood</td></tr><tr><td><a href="https://loinc.org/71833-8/">71833-8</a></td><td>Hematocrit [Pure volume fraction] of Blood by Automated count</td></tr><tr><td><a href="https://loinc.org/26515-7/">26515-7</a></td><td>Platelets [#/volume] in Blood</td></tr><tr><td><a href="https://loinc.org/778-1/">778-1</a></td><td>Platelets [#/volume] in Blood by Manual count</td></tr><tr><td><a href="https://loinc.org/777-3/">777-3</a></td><td>Platelets [#/volume] in Blood by Automated count</td></tr><tr><td><a href="https://loinc.org/49497-1/">49497-1</a></td><td>Platelets [#/volume] in Blood by Estimate</td></tr><tr><td><a href="https://loinc.org/28542-9/">28542-9</a></td><td>Platelet mean volume [Entitic volume] in Blood</td></tr><tr><td><a href="https://loinc.org/32623-1/">32623-1</a></td><td>Platelet mean volume [Entitic volume] in Blood by Automated count</td></tr><tr><td><a href="https://loinc.org/732-8/">732-8</a></td><td>Lymphocytes [#/volume] in Blood by Manual count</td></tr><tr><td><a href="https://loinc.org/731-0/">731-0</a></td><td>Lymphocytes [#/volume] in Blood by Automated count</td></tr><tr><td><a href="https://loinc.org/26474-7/">26474-7</a></td><td>Lymphocytes [#/volume] in Blood</td></tr><tr><td><a href="https://loinc.org/26478-8/">26478-8</a></td><td>Lymphocytes/100 leukocytes in Blood</td></tr><tr><td><a href="https://loinc.org/736-9/">736-9</a></td><td>Lymphocytes/100 leukocytes in Blood by Automated count</td></tr><tr><td><a href="https://loinc.org/737-7/">737-7</a></td><td>Lymphocytes/100 leukocytes in Blood by Manual count</td></tr><tr><td><a href="https://loinc.org/26484-6/">26484-6</a></td><td>Monocytes [#/volume] in Blood</td></tr><tr><td><a href="https://loinc.org/742-7/">742-7</a></td><td>Monocytes [#/volume] in Blood by Automated count</td></tr><tr><td><a href="https://loinc.org/743-5/">743-5</a></td><td>Monocytes [#/volume] in Blood by Manual count</td></tr><tr><td><a href="https://loinc.org/5905-5/">5905-5</a></td><td>Monocytes/100 leukocytes in Blood by Automated count</td></tr><tr><td><a href="https://loinc.org/26485-3/">26485-3</a></td><td>Monocytes/100 leukocytes in Blood</td></tr><tr><td><a href="https://loinc.org/744-3/">744-3</a></td><td>Monocytes/100 leukocytes in Blood by Manual count</td></tr><tr><td><a href="https://loinc.org/751-8/">751-8</a></td><td>Neutrophils [#/volume] in Blood by Automated count</td></tr><tr><td><a href="https://loinc.org/753-4/">753-4</a></td><td>Neutrophils [#/volume] in Blood by Manual count</td></tr><tr><td><a href="https://loinc.org/26499-4/">26499-4</a></td><td>Neutrophils [#/volume] in Blood</td></tr><tr><td><a href="https://loinc.org/770-8/">770-8</a></td><td>Neutrophils/100 leukocytes in Blood by Automated count</td></tr><tr><td><a href="https://loinc.org/26511-6/">26511-6</a></td><td>Neutrophils/100 leukocytes in Blood</td></tr><tr><td><a href="https://loinc.org/23761-0/">23761-0</a></td><td>Neutrophils/100 leukocytes in Blood by Manual count</td></tr><tr><td><a href="https://loinc.org/26508-2/">26508-2</a></td><td>Band form neutrophils/100 leukocytes in Blood</td></tr><tr><td><a href="https://loinc.org/764-1/">764-1</a></td><td>Band form neutrophils/100 leukocytes in Blood by Manual count</td></tr><tr><td><a href="https://loinc.org/35332-6/">35332-6</a></td><td>Band form neutrophils/100 leukocytes in Blood by Automated count</td></tr><tr><td><a href="https://loinc.org/32200-8/">32200-8</a></td><td>Segmented neutrophils/100 leukocytes in Blood by Automated count</td></tr><tr><td><a href="https://loinc.org/26505-8/">26505-8</a></td><td>Segmented neutrophils/100 leukocytes in Blood</td></tr><tr><td><a href="https://loinc.org/769-0/">769-0</a></td><td>Segmented neutrophils/100 leukocytes in Blood by Manual count</td></tr><tr><td><a href="https://loinc.org/709-6/">709-6</a></td><td>Blasts/100 leukocytes in Blood</td></tr><tr><td><a href="https://loinc.org/26446-5/">26446-5</a></td><td>Blasts/100 leukocytes in Blood</td></tr><tr><td><a href="https://loinc.org/707-0/">707-0</a></td><td>Basophils/100 leukocytes in Blood by Manual count</td></tr><tr><td><a href="https://loinc.org/706-2/">706-2</a></td><td>Basophils/100 leukocytes in Blood by Automated count</td></tr><tr><td><a href="https://loinc.org/30180-4/">30180-4</a></td><td>Basophils/100 leukocytes in Blood</td></tr><tr><td><a href="https://loinc.org/712-0/">712-0</a></td><td>Eosinophils [#/volume] in Blood by Manual count</td></tr><tr><td><a href="https://loinc.org/26449-9/">26449-9</a></td><td>Eosinophils [#/volume] in Blood</td></tr><tr><td><a href="https://loinc.org/711-2/">711-2</a></td><td>Eosinophils [#/volume] in Blood by Automated count</td></tr><tr><td><a href="https://loinc.org/26450-7/">26450-7</a></td><td>Eosinophils/100 leukocytes in Blood</td></tr><tr><td><a href="https://loinc.org/713-8/">713-8</a></td><td>Eosinophils/100 leukocytes in Blood by Automated count</td></tr><tr><td><a href="https://loinc.org/714-6/">714-6</a></td><td>Eosinophils/100 leukocytes in Blood by Manual count</td></tr><tr><td><a href="https://loinc.org/30458-4/">30458-4</a></td><td>Plasma cells [#/volume] in Blood</td></tr><tr><td><a href="https://loinc.org/24103-4/">24103-4</a></td><td>Plasma cells [#/volume] in Blood by Manual count</td></tr><tr><td><a href="https://loinc.org/13047-6/">13047-6</a></td><td>Plasma cells/100 leukocytes in Blood</td></tr><tr><td><a href="https://loinc.org/79426-3/">79426-3</a></td><td>Plasma cells/100 leukocytes in Blood by Manual count</td></tr><tr><td><a href="https://loinc.org/33855-8/">33855-8</a></td><td>Promonocytes [#/volume] in Blood by Manual count</td></tr><tr><td><a href="https://loinc.org/34926-6/">34926-6</a></td><td>Promonocytes [#/volume] in Blood</td></tr><tr><td><a href="https://loinc.org/13599-6/">13599-6</a></td><td>Promonocytes/100 leukocytes in Blood by Manual count</td></tr><tr><td><a href="https://loinc.org/30466-7/">30466-7</a></td><td>Promonocytes/100 leukocytes in Blood</td></tr><tr><td><a href="https://loinc.org/26523-1/">26523-1</a></td><td>Promyelocytes [#/volume] in Blood</td></tr><tr><td><a href="https://loinc.org/781-5/">781-5</a></td><td>Promyelocytes [#/volume] in Blood by Manual count</td></tr><tr><td><a href="https://loinc.org/783-1/">783-1</a></td><td>Promyelocytes/100 leukocytes in Blood by Manual count</td></tr><tr><td><a href="https://loinc.org/71666-2/">71666-2</a></td><td>Promyelocytes/Leukocytes [Pure number fraction] in Blood by Manual count</td></tr><tr><td><a href="https://loinc.org/26524-9/">26524-9</a></td><td>Promyelocytes/100 leukocytes in Blood by Manual count</td></tr><tr><td><a href="https://loinc.org/30444-4/">30444-4</a></td><td>Myeloblasts [#/volume] in Blood</td></tr><tr><td><a href="https://loinc.org/746-8/">746-8</a></td><td>Myeloblasts [#/volume] in Blood by Manual count</td></tr><tr><td><a href="https://loinc.org/30445-1/">30445-1</a></td><td>Myeloblasts/100 leukocytes in Blood</td></tr><tr><td><a href="https://loinc.org/747-6/">747-6</a></td><td>Myeloblasts/100 leukocytes in Blood by Manual count</td></tr><tr><td><a href="https://loinc.org/748-4/">748-4</a></td><td>Myelocytes [#/volume] in Blood by Manual count</td></tr><tr><td><a href="https://loinc.org/30446-9/">30446-9</a></td><td>Myelocytes [#/volume] in Blood</td></tr><tr><td><a href="https://loinc.org/26498-6/">26498-6</a></td><td>Myelocytes/100 leukocytes in Blood</td></tr><tr><td><a href="https://loinc.org/749-2/">749-2</a></td><td>Myelocytes/100 leukocytes in Blood by Manual count</td></tr><tr><td><a href="https://loinc.org/71667-0/">71667-0</a></td><td>Myelocytes/Leukocytes [Pure number fraction] in Blood by Manual count</td></tr><tr><td><a href="https://loinc.org/739-3/">739-3</a></td><td>Metamyelocytes [#/volume] in Blood by Manual count</td></tr><tr><td><a href="https://loinc.org/30433-7/">30433-7</a></td><td>Metamyelocytes [#/volume] in Blood</td></tr><tr><td><a href="https://loinc.org/740-1/">740-1</a></td><td>Metamyelocytes/100 leukocytes in Blood by Manual count</td></tr><tr><td><a href="https://loinc.org/28541-1/">28541-1</a></td><td>Metamyelocytes/100 leukocytes in Blood</td></tr><tr><td><a href="https://loinc.org/71668-8/">71668-8</a></td><td>Metamyelocytes/Leukocytes [Pure number fraction] in Blood by Manual count</td></tr><tr><td><a href="https://loinc.org/6746-2/">6746-2</a></td><td>Prolymphocytes/100 leukocytes in Blood by Manual count</td></tr><tr><td><a href="https://loinc.org/30465-9/">30465-9</a></td><td>Prolymphocytes/100 leukocytes in Blood</td></tr><tr><td><a href="https://loinc.org/14196-0/">14196-0</a></td><td>Reticulocytes [#/volume] in Blood</td></tr><tr><td><a href="https://loinc.org/40665-2/">40665-2</a></td><td>Reticulocytes [#/volume] in Blood by Manual count</td></tr><tr><td><a href="https://loinc.org/60474-4/">60474-4</a></td><td>Reticulocytes [#/volume] in Blood by Automated count</td></tr><tr><td><a href="https://loinc.org/31112-6/">31112-6</a></td><td>Reticulocytes/100 erythrocytes in Blood by Manual</td></tr><tr><td><a href="https://loinc.org/17849-1/">17849-1</a></td><td>Reticulocytes/100 erythrocytes in Blood by Automated count</td></tr><tr><td><a href="https://loinc.org/4679-7/">4679-7</a></td><td>Reticulocytes/100 erythrocytes in Blood</td></tr><tr><td><a href="https://loinc.org/1751-7/">1751-7</a></td><td>Albumin [Mass/volume] in Serum or Plasma</td></tr><tr><td><a href="https://loinc.org/2862-1/">2862-1</a></td><td>Albumin [Mass/volume] in Serum or Plasma by Electrophoresis</td></tr><tr><td><a href="https://loinc.org/61151-7/">61151-7</a></td><td>Albumin [Mass/volume] in Serum or Plasma by Bromocresol green (BCG) dye binding method</td></tr><tr><td><a href="https://loinc.org/61152-5/">61152-5</a></td><td>Albumin [Mass/volume] in Serum or Plasma by Bromocresol purple (BCP) dye binding method</td></tr><tr><td><a href="https://loinc.org/1952-1/">1952-1</a></td><td>Beta-2-Microglobulin [Mass/volume] in Serum or Plasma</td></tr><tr><td><a href="https://loinc.org/76484-5/">76484-5</a></td><td>Beta-2-Microglobulin [Moles/volume] in Serum or Plasma</td></tr><tr><td><a href="https://loinc.org/2276-4/">2276-4</a></td><td>Ferritin [Mass/volume] in Serum or Plasma</td></tr><tr><td><a href="https://loinc.org/24373-3/">24373-3</a></td><td>Ferritin [Mass/volume] in Blood</td></tr><tr><td><a href="https://loinc.org/20567-4/">20567-4</a></td><td>Ferritin [Mass/volume] in Serum or Plasma by Immunoassay</td></tr><tr><td><a href="https://loinc.org/11150-0/">11150-0</a></td><td>Blasts/100 cells in Bone marrow</td></tr><tr><td><a href="https://loinc.org/57028-3/">57028-3</a></td><td>Iron [Mass/mass] in Liver</td></tr><tr><td><a href="https://loinc.org/2160-0/">2160-0</a></td><td>Creatinine [Mass/volume] in Serum or Plasma</td></tr><tr><td><a href="https://loinc.org/14682-9/">14682-9</a></td><td>Creatinine [Moles/volume] in Serum or Plasma</td></tr><tr><td><a href="https://loinc.org/77140-2/">77140-2</a></td><td>Creatinine [Moles/volume] in Serum, Plasma or Blood</td></tr></table></li></ul></div></text><url value="http://fhir.nmdp.org/ig/cibmtr-reporting/ValueSet/cibmtr-priority-variables-2022"/><version value="0.1.7"/><name value="PriorityVariables2022"/><title value="CIBMTR Priority Variables Value Set (FY22)"/><status value="draft"/><experimental value="false"/><date value="2024-08-23T10:17:11-05:00"/><publisher value="The Medical College of Wisconsin, Inc. and the National Marrow Donor Program"/><contact><name value="The Medical College of Wisconsin, Inc. and the National Marrow Donor Program"/><telecom><system value="url"/><value value="http://www.cibmtr.org"/></telecom></contact><contact><name value="Bob Milius"/><telecom><system value="email"/><value value="bmilius@nmdp.org"/></telecom></contact><description value="Priority Variables for CIBMTR (FY22)"/><compose><include><system value="http://loinc.org"/><concept><code value="50190-8"/><display value="Iron and Iron binding capacity panel - Serum or Plasma"/></concept><concept><code value="14800-7"/><display value="Iron binding capacity [Moles/volume] in Serum or Plasma"/></concept><concept><code value="2500-7"/><display value="Iron binding capacity [Mass/volume] in Serum or Plasma"/></concept><concept><code value="22753-8"/><display value="Iron binding capacity.unsaturated [Moles/volume] in Serum or Plasma"/></concept><concept><code value="2501-5"/><display value="Iron binding capacity.unsaturated [Mass/volume] in Serum or Plasma"/></concept><concept><code value="14801-5"/><display value="Iron saturation [Molar fraction] in Serum or Plasma"/></concept><concept><code value="2502-3"/><display value="Iron saturation [Mass Fraction] in Serum or Plasma"/></concept><concept><code value="2498-4"/><display value="Iron [Mass/volume] in Serum or Plasma"/></concept><concept><code value="44326-7"/><display value="Iron [Presence] in Serum or Plasma"/></concept><concept><code value="14798-3"/><display value="Iron [Moles/volume] in Serum or Plasma"/></concept><concept><code value="34442-4"/><display value="Bilirubin.conjugated/Bilirubin.total in Serum or Plasma"/></concept><concept><code value="35672-5"/><display value="Bilirubin.direct/Bilirubin.total in Serum or Plasma"/></concept><concept><code value="14631-6"/><display value="Bilirubin.total [Moles/volume] in Serum or Plasma"/></concept><concept><code value="1975-2"/><display value="Bilirubin.total [Mass/volume] in Serum or Plasma"/></concept><concept><code value="77137-8"/><display value="Bilirubin.total [Moles/volume] in Serum, Plasma or Blood"/></concept><concept><code value="50189-0"/><display value="Neonatal bilirubin panel [Mass/volume] - Serum or Plasma"/></concept><concept><code value="78961-0"/><display value="IgG clearance/Albumin clearance [Ratio] in Urine and Serum or Plasma"/></concept><concept><code value="1754-1"/><display value="Albumin [Mass/volume] in Urine"/></concept><concept><code value="1753-3"/><display value="Albumin [Presence] in Urine"/></concept><concept><code value="50949-7"/><display value="Albumin [Presence] in Urine by Test strip"/></concept><concept><code value="6942-7"/><display value="Albumin [Mass/volume] in Urine by Electrophoresis"/></concept><concept><code value="77158-4"/><display value="Albumin [Moles/volume] in Urine by Detection limit &lt;= 3.0 mg/L"/></concept><concept><code value="14957-5"/><display value="Microalbumin [Mass/volume] in Urine"/></concept><concept><code value="53531-0"/><display value="Microalbumin [Mass/volume] in Urine by Detection limit &lt;= 1.0 mg/L"/></concept><concept><code value="11218-5"/><display value="Microalbumin [Mass/volume] in Urine by Test strip"/></concept><concept><code value="95232-5"/><display value="Microalbumin [Presence] in Urine by Test strip"/></concept><concept><code value="1755-8"/><display value="Albumin [Mass/time] in 24 hour Urine"/></concept><concept><code value="89999-7"/><display value="Albumin [Mass/volume] in Urine by Detection limit &lt;= 3.0 mg/L"/></concept><concept><code value="9318-7"/><display value="Albumin/Creatinine [Mass Ratio] in Urine"/></concept><concept><code value="1916-6"/><display value="Aspartate aminotransferase/Alanine aminotransferase [Enzymatic activity ratio] in Serum or Plasma"/></concept><concept><code value="16325-3"/><display value="Alanine aminotransferase/Aspartate aminotransferase [Enzymatic activity ratio] in Serum or Plasma"/></concept><concept><code value="2325-9"/><display value="Gamma glutamyl transferase/Aspartate aminotransferase [Enzymatic activity ratio] in Serum or Plasma"/></concept><concept><code value="1920-8"/><display value="Aspartate aminotransferase [Enzymatic activity/volume] in Serum or Plasma"/></concept><concept><code value="44786-2"/><display value="Aspartate aminotransferase [Enzymatic activity/volume] (Maximum value during study) in Serum or Plasma"/></concept><concept><code value="30239-8"/><display value="Aspartate aminotransferase [Enzymatic activity/volume] in Serum or Plasma by With P-5'-P"/></concept><concept><code value="88112-8"/><display value="Aspartate aminotransferase [Enzymatic activity/volume] in Serum or Plasma by No addition of P-5'-P"/></concept><concept><code value="48136-6"/><display value="Aspartate aminotransferase.macromolecular [Enzymatic activity/volume] in Serum or Plasma"/></concept><concept><code value="54500-4"/><display value="Aspartate aminotransferase.macromolecular/Aspartate aminotransferase.total in Serum or Plasma"/></concept><concept><code value="76625-3"/><display value="Alanine aminotransferase [Enzymatic activity/volume] in Blood"/></concept><concept><code value="16324-6"/><display value="Alanine aminotransferase [Enzymatic activity/volume] in Red Blood Cells"/></concept><concept><code value="96586-3"/><display value="Alanine aminotransferase [Enzymatic activity/volume] in DBS"/></concept><concept><code value="77144-4"/><display value="Alanine aminotransferase [Enzymatic activity/volume] in Serum, Plasma or Blood"/></concept><concept><code value="48134-1"/><display value="Alanine aminotransferase.macromolecular [Enzymatic activity/volume] in Serum or Plasma"/></concept><concept><code value="1742-6"/><display value="Alanine aminotransferase [Enzymatic activity/volume] in Serum or Plasma"/></concept><concept><code value="1743-4"/><display value="Alanine aminotransferase [Enzymatic activity/volume] in Serum or Plasma by With P-5'-P"/></concept><concept><code value="1744-2"/><display value="Alanine aminotransferase [Enzymatic activity/volume] in Serum or Plasma by No addition of P-5'-P"/></concept><concept><code value="44785-4"/><display value="Alanine aminotransferase [Enzymatic activity/volume] (Maximum value during study) in Serum or Plasma by No addition of P-5'-P"/></concept><concept><code value="14119-2"/><display value="Lactate dehydrogenase 1/Lactate dehydrogenase 2 [Enzymatic activity ratio] in Serum or Plasma"/></concept><concept><code value="2540-3"/><display value="Lactate dehydrogenase 2 [Enzymatic activity/volume] in Serum or Plasma"/></concept><concept><code value="2549-4"/><display value="Lactate dehydrogenase 5 [Enzymatic activity/volume] in Serum or Plasma"/></concept><concept><code value="2537-9"/><display value="Lactate dehydrogenase 1 [Enzymatic activity/volume] in Serum or Plasma"/></concept><concept><code value="2543-7"/><display value="Lactate dehydrogenase 3 [Enzymatic activity/volume] in Serum or Plasma"/></concept><concept><code value="2546-0"/><display value="Lactate dehydrogenase 4 [Enzymatic activity/volume] in Serum or Plasma"/></concept><concept><code value="14804-9"/><display value="Lactate dehydrogenase [Enzymatic activity/volume] in Serum or Plasma by Lactate to pyruvate reaction"/></concept><concept><code value="14805-6"/><display value="Lactate dehydrogenase [Enzymatic activity/volume] in Serum or Plasma by Pyruvate to lactate reaction"/></concept><concept><code value="2541-1"/><display value="Lactate dehydrogenase 3 [Enzymatic activity/volume] in Serum or Plasma by Chemical separation"/></concept><concept><code value="2544-5"/><display value="Lactate dehydrogenase 4 [Enzymatic activity/volume] in Serum or Plasma by Chemical separation"/></concept><concept><code value="2547-8"/><display value="Lactate dehydrogenase 5 [Enzymatic activity/volume] in Serum or Plasma by Chemical separation"/></concept><concept><code value="2535-3"/><display value="Lactate dehydrogenase 1 [Enzymatic activity/volume] in Serum or Plasma by Chemical separation"/></concept><concept><code value="2538-7"/><display value="Lactate dehydrogenase 2 [Enzymatic activity/volume] in Serum or Plasma by Chemical separation"/></concept><concept><code value="19248-4"/><display value="Lactate dehydrogenase 2 [Enzymatic activity/volume] in Serum or Plasma by Electrophoresis"/></concept><concept><code value="93905-8"/><display value="ABO group [Type] in Blood--during infancy"/></concept><concept><code value="883-9"/><display value="ABO group [Type] in Blood"/></concept><concept><code value="14580-5"/><display value="ABO group [Type] in Blood from Newborn"/></concept><concept><code value="882-1"/><display value="ABO and Rh group [Type] in Blood"/></concept><concept><code value="57743-7"/><display value="ABO group [Type] in Blood by Confirmatory method"/></concept><concept><code value="51892-8"/><display value="ABO group [Type] in Cord blood"/></concept><concept><code value="93906-6"/><display value="ABO and Rh group [Type] in Blood--during infancy"/></concept><concept><code value="44086-7"/><display value="ABO and Rh group [Interpretation] in Blood from Newborn"/></concept><concept><code value="77397-8"/><display value="ABO and Rh group [Type] in Blood by Confirmatory method"/></concept><concept><code value="19057-9"/><display value="ABO and Rh group [Type] in Blood from Newborn"/></concept><concept><code value="884-7"/><display value="ABO and Rh group [Type] in Capillary blood"/></concept><concept><code value="54417-1"/><display value="ABO and Rh group [Type] in Blood from Fetus"/></concept><concept><code value="34474-7"/><display value="ABO and Rh group [Type] in Cord blood"/></concept><concept><code value="1303-7"/><display value="Reverse ABO group [Type]"/></concept><concept><code value="54416-3"/><display value="Rh [Type] in Blood from Fetus"/></concept><concept><code value="14906-2"/><display value="Rh [Type] in Cord blood"/></concept><concept><code value="13225-8"/><display value="Cytomegalovirus IgG Ab [Units/volume] in Serum or Plasma --1st specimen"/></concept><concept><code value="16714-8"/><display value="Cytomegalovirus Ab [Units/volume] in Serum by Latex agglutination"/></concept><concept><code value="16715-5"/><display value="Cytomegalovirus IgG Ab [Units/volume] in Serum or Plasma by Immunofluorescence"/></concept><concept><code value="16716-3"/><display value="Cytomegalovirus IgG Ab [Units/volume] in Serum or Plasma by Immunoassay --2nd specimen"/></concept><concept><code value="22241-4"/><display value="Cytomegalovirus Ab [Titer] in Serum or Plasma"/></concept><concept><code value="22246-3"/><display value="Cytomegalovirus IgG Ab [Titer] in Serum or Plasma"/></concept><concept><code value="22247-1"/><display value="Cytomegalovirus IgG Ab [Units/volume] in Serum or Plasma --2nd specimen"/></concept><concept><code value="22249-7"/><display value="Cytomegalovirus IgM Ab [Titer] in Serum or Plasma"/></concept><concept><code value="29590-7"/><display value="Cytomegalovirus DNA [Mass/volume] (viral load) in Blood by Probe"/></concept><concept><code value="29604-6"/><display value="Cytomegalovirus DNA [#/volume] (viral load) in Blood by NAA with probe detection"/></concept><concept><code value="30247-1"/><display value="Cytomegalovirus DNA [#/volume] (viral load) in Serum or Plasma by NAA with probe detection"/></concept><concept><code value="32170-3"/><display value="Cytomegalovirus Ab [Titer] in Serum or Plasma by Immunofluorescence"/></concept><concept><code value="49349-4"/><display value="Cytomegalovirus DNA [#/volume] (viral load) in Bronchoalveolar lavage by NAA with probe detection"/></concept><concept><code value="5121-9"/><display value="Cytomegalovirus Ab [Titer] in Serum or Plasma by Latex agglutination"/></concept><concept><code value="5122-7"/><display value="Cytomegalovirus Ab [Units/volume] in Serum or Plasma by Immunofluorescence"/></concept><concept><code value="5124-3"/><display value="Cytomegalovirus IgG Ab [Units/volume] in Serum or Plasma by Immunoassay"/></concept><concept><code value="5125-0"/><display value="Cytomegalovirus IgG Ab [Titer] in Serum or Plasma by Immunofluorescence"/></concept><concept><code value="5126-8"/><display value="Cytomegalovirus IgM Ab [Units/volume] in Serum or Plasma by Immunoassay"/></concept><concept><code value="5127-6"/><display value="Cytomegalovirus IgM Ab [Titer] in Serum or Plasma by Immunofluorescence"/></concept><concept><code value="52976-8"/><display value="Cytomegalovirus Ab [Units/volume] in Serum by Complement fixation"/></concept><concept><code value="54206-8"/><display value="Cytomegalovirus DNA [Log #/volume] (viral load) in Serum or Plasma by NAA with probe detection"/></concept><concept><code value="72493-0"/><display value="Cytomegalovirus DNA [Units/volume] (viral load) in Plasma by NAA with probe detection"/></concept><concept><code value="72494-8"/><display value="Cytomegalovirus DNA [log units/volume] (viral load) in Plasma by NAA with probe detection"/></concept><concept><code value="7851-9"/><display value="Cytomegalovirus Ab [Units/volume] in Serum or Plasma"/></concept><concept><code value="7852-7"/><display value="Cytomegalovirus IgG Ab [Units/volume] in Serum or Plasma"/></concept><concept><code value="7853-5"/><display value="Cytomegalovirus IgM Ab [Units/volume] in Serum or Plasma"/></concept><concept><code value="88545-9"/><display value="Cytomegalovirus DNA [#/volume] (viral load) in DBS by NAA with probe detection"/></concept><concept><code value="9513-3"/><display value="Cytomegalovirus Ab [Titer] in Serum by Complement fixation"/></concept><concept><code value="32791-6"/><display value="Cytomegalovirus IgG Ab [Ratio] in Serum or Plasma by Immunoassay --1st specimen/2nd specimen"/></concept><concept><code value="32835-1"/><display value="Cytomegalovirus IgG Ab [Ratio] in Serum or Plasma --1st specimen/2nd specimen"/></concept><concept><code value="52984-2"/><display value="Cytomegalovirus IgG Ab avidity [Ratio] in Serum or Plasma by Immunoassay"/></concept><concept><code value="78445-4"/><display value="Cytomegalovirus IgG Ab avidity [Presence] in Serum or Plasma by Immunoassay"/></concept><concept><code value="67805-2"/><display value="Cytomegalovirus Ag [Presence] in Isolate by Immunofluorescence"/></concept><concept><code value="59838-3"/><display value="Cytomegalovirus Ab [Presence] in Serum or Plasma by Latex agglutination"/></concept><concept><code value="30325-5"/><display value="Cytomegalovirus IgM Ab [Presence] in Serum or Plasma"/></concept><concept><code value="13949-3"/><display value="Cytomegalovirus IgG Ab [Presence] in Serum or Plasma by Immunoassay"/></concept><concept><code value="22239-8"/><display value="Cytomegalovirus Ab [Presence] in Serum or Plasma"/></concept><concept><code value="24119-0"/><display value="Cytomegalovirus IgM Ab [Presence] in Serum or Plasma by Immunoassay"/></concept><concept><code value="6377-6"/><display value="Cytomegalovirus Ag [Presence] in Serum or Plasma by Immunofluorescence"/></concept><concept><code value="6376-8"/><display value="Cytomegalovirus Ag [Presence] in Serum or Plasma by Immunoassay"/></concept><concept><code value="5835-4"/><display value="Cytomegalovirus [Presence] in Blood by Organism specific culture"/></concept><concept><code value="54164-9"/><display value="Cytomegalovirus immediate-early Ag [Presence] in Blood"/></concept><concept><code value="4996-5"/><display value="Cytomegalovirus DNA [Presence] in Blood by NAA with probe detection"/></concept><concept><code value="49539-0"/><display value="Cytomegalovirus IgM Ab [Presence] in Serum or Plasma by Immunofluorescence"/></concept><concept><code value="43703-8"/><display value="Cytomegalovirus [Presence] in Blood by Shell vial culture"/></concept><concept><code value="31795-8"/><display value="Cytomegalovirus Ag [Presence] in Serum or Plasma"/></concept><concept><code value="30246-3"/><display value="Cytomegalovirus DNA [Presence] in Serum or Plasma by NAA with probe detection"/></concept><concept><code value="15377-5"/><display value="Cytomegalovirus Ab [Presence] in Serum by Latex agglutination"/></concept><concept><code value="16718-9"/><display value="Cytomegalovirus Ag [Presence] in Blood"/></concept><concept><code value="22244-8"/><display value="Cytomegalovirus IgG Ab [Presence] in Serum or Plasma"/></concept><concept><code value="28008-1"/><display value="Cytomegalovirus DNA [Presence] in Blood by Probe with signal amplification"/></concept><concept><code value="20475-0"/><display value="Cytomegalovirus IgG Ab [Interpretation] in Serum or Plasma"/></concept><concept><code value="87424-8"/><display value="Cytomegalovirus IgG and IgM panel - Serum or Plasma Qualitative"/></concept><concept><code value="88535-0"/><display value="Cytomegalovirus DNA [Presence] in DBS by NAA with probe detection"/></concept><concept><code value="95184-8"/><display value="Cytomegalovirus T-cell immunodeficiency panel - Blood by Flow cytometry (FC)"/></concept><concept><code value="78006-4"/><display value="Isotopic Glomerular filtration rate/1.73 sq M [Volume Rate/Area] in Urine and Serum or Plasma"/></concept><concept><code value="96591-3"/><display value="Glomerular filtration rate/1.73 sq M.predicted among blacks [Volume Rate/Area] in DBS"/></concept><concept><code value="69405-9"/><display value="Glomerular filtration rate/1.73 sq M.predicted [Volume Rate/Area] in Serum, Plasma or Blood"/></concept><concept><code value="96592-1"/><display value="Glomerular filtration rate/1.73 sq M.predicted among non-blacks [Volume Rate/Area] in DBS"/></concept><concept><code value="50384-7"/><display value="Glomerular filtration rate/1.73 sq M.predicted [Volume Rate/Area] in Serum, Plasma or Blood by Creatinine-based formula (Schwartz)"/></concept><concept><code value="50210-4"/><display value="Glomerular filtration rate/1.73 sq M.predicted [Volume Rate/Area] in Serum, Plasma or Blood by Cystatin-based formula"/></concept><concept><code value="62238-1"/><display value="Glomerular filtration rate/1.73 sq M.predicted [Volume Rate/Area] in Serum, Plasma or Blood by Creatinine-based formula (CKD-EPI)"/></concept><concept><code value="77147-7"/><display value="Glomerular filtration rate/1.73 sq M.predicted [Volume Rate/Area] in Serum, Plasma or Blood by Creatinine-based formula (MDRD)"/></concept><concept><code value="88293-6"/><display value="Glomerular filtration rate/1.73 sq M.predicted among blacks [Volume Rate/Area] in Serum, Plasma or Blood by Creatinine-based formula (CKD-EPI)"/></concept><concept><code value="48643-1"/><display value="Glomerular filtration rate/1.73 sq M.predicted among blacks [Volume Rate/Area] in Serum, Plasma or Blood by Creatinine-based formula (MDRD)"/></concept><concept><code value="50044-7"/><display value="Glomerular filtration rate/1.73 sq M.predicted among females [Volume Rate/Area] in Serum, Plasma or Blood by Creatinine-based formula (MDRD)"/></concept><concept><code value="70969-1"/><display value="Glomerular filtration rate/1.73 sq M.predicted among males [Volume Rate/Area] in Serum, Plasma or Blood by Creatinine-based formula (MDRD)"/></concept><concept><code value="88294-4"/><display value="Glomerular filtration rate/1.73 sq M.predicted among non-blacks [Volume Rate/Area] in Serum, Plasma or Blood by Creatinine-based formula (CKD-EPI)"/></concept><concept><code value="48642-3"/><display value="Glomerular filtration rate/1.73 sq M.predicted among non-blacks [Volume Rate/Area] in Serum, Plasma or Blood by Creatinine-based formula (MDRD)"/></concept><concept><code value="87430-5"/><display value="Cystatin C and Glomerular filtration rate by Cystatin-based formula panel - Serum or Plasma"/></concept><concept><code value="45066-8"/><display value="Creatinine and Glomerular filtration rate.predicted panel - Serum, Plasma or Blood"/></concept><concept><code value="94677-2"/><display value="Glomerular filtration rate/1.73 sq M.predicted [Volume Rate/Area] in Serum, Plasma or Blood by Creatinine and Cystatin C-based formula (CKD-EPI)"/></concept><concept><code value="98979-8"/><display value="Glomerular filtration rate/1.73 sq M.predicted [Volume Rate/Area] in Serum, Plasma or Blood by Creatinine-based formula (CKD-EPI 2021)"/></concept><concept><code value="2164-2"/><display value="Creatinine renal clearance in 24 hour Urine and Serum or Plasma"/></concept><concept><code value="6690-2"/><display value="Leukocytes [#/volume] in Blood by Automated count"/></concept><concept><code value="804-5"/><display value="Leukocytes [#/volume] in Blood by Manual count"/></concept><concept><code value="26464-8"/><display value="Leukocytes [#/volume] in Blood"/></concept><concept><code value="49498-9"/><display value="Leukocytes [#/volume] in Blood by Estimate"/></concept><concept><code value="789-8"/><display value="Erythrocytes [#/volume] in Blood by Automated count"/></concept><concept><code value="26453-1"/><display value="Erythrocytes [#/volume] in Blood"/></concept><concept><code value="790-6"/><display value="Erythrocytes [#/volume] in Blood by Manual count"/></concept><concept><code value="93846-4"/><display value="Hemoglobin [Moles/volume] in Venous blood"/></concept><concept><code value="718-7"/><display value="Hemoglobin [Mass/volume] in Blood"/></concept><concept><code value="30313-1"/><display value="Hemoglobin [Mass/volume] in Arterial blood"/></concept><concept><code value="30350-3"/><display value="Hemoglobin [Mass/volume] in Venous blood"/></concept><concept><code value="14775-1"/><display value="Hemoglobin [Mass/volume] in Arterial blood by Oximetry"/></concept><concept><code value="30351-1"/><display value="Hemoglobin [Mass/volume] in Mixed venous blood"/></concept><concept><code value="20509-6"/><display value="Hemoglobin [Mass/volume] in Blood by calculation"/></concept><concept><code value="75928-2"/><display value="Hemoglobin [Moles/volume] in Arterial blood"/></concept><concept><code value="55782-7"/><display value="Hemoglobin [Mass/volume] in Blood by Oximetry"/></concept><concept><code value="59260-0"/><display value="Hemoglobin [Moles/volume] in Blood"/></concept><concept><code value="76768-1"/><display value="Hemoglobin [Mass/volume] in Mixed venous blood by Oximetry"/></concept><concept><code value="76769-9"/><display value="Hemoglobin [Mass/volume] in Venous blood by Oximetry"/></concept><concept><code value="4633-4"/><display value="Hemoglobin F/Hemoglobin.total in Blood by Kleihauer-Betke method"/></concept><concept><code value="4576-5"/><display value="Hemoglobin F/Hemoglobin.total in Blood"/></concept><concept><code value="42246-9"/><display value="Hemoglobin F/Hemoglobin.total in Blood by HPLC"/></concept><concept><code value="32682-7"/><display value="Hemoglobin F/Hemoglobin.total in Blood by Electrophoresis"/></concept><concept><code value="38524-5"/><display value="Hemoglobin F/Hemoglobin.total in Blood by Electrophoresis alkaline (pH 8.9)"/></concept><concept><code value="71863-5"/><display value="Hemoglobin F/Hemoglobin.total [Pure mass fraction] in Blood by Kleihauer-Betke method"/></concept><concept><code value="71864-3"/><display value="Hemoglobin F/Hemoglobin.total [Pure mass fraction] in Blood by HPLC"/></concept><concept><code value="71865-0"/><display value="Hemoglobin F/Hemoglobin.total [Pure mass fraction] in Blood by Electrophoresis"/></concept><concept><code value="20570-8"/><display value="Hematocrit [Volume Fraction] of Blood"/></concept><concept><code value="31100-1"/><display value="Hematocrit [Volume Fraction] of Blood by Impedance"/></concept><concept><code value="4545-0"/><display value="Hematocrit [Volume Fraction] of Blood by Centrifugation"/></concept><concept><code value="4544-3"/><display value="Hematocrit [Volume Fraction] of Blood by Automated count"/></concept><concept><code value="42908-4"/><display value="Hematocrit [Volume Fraction] of Capillary blood"/></concept><concept><code value="41654-5"/><display value="Hematocrit [Volume Fraction] of Venous blood"/></concept><concept><code value="48703-3"/><display value="Hematocrit [Volume Fraction] of Blood by Estimated"/></concept><concept><code value="71829-6"/><display value="Hematocrit [Pure volume fraction] of Venous blood"/></concept><concept><code value="71831-2"/><display value="Hematocrit [Pure volume fraction] of Capillary blood"/></concept><concept><code value="71833-8"/><display value="Hematocrit [Pure volume fraction] of Blood by Automated count"/></concept><concept><code value="26515-7"/><display value="Platelets [#/volume] in Blood"/></concept><concept><code value="778-1"/><display value="Platelets [#/volume] in Blood by Manual count"/></concept><concept><code value="777-3"/><display value="Platelets [#/volume] in Blood by Automated count"/></concept><concept><code value="49497-1"/><display value="Platelets [#/volume] in Blood by Estimate"/></concept><concept><code value="28542-9"/><display value="Platelet mean volume [Entitic volume] in Blood"/></concept><concept><code value="32623-1"/><display value="Platelet mean volume [Entitic volume] in Blood by Automated count"/></concept><concept><code value="732-8"/><display value="Lymphocytes [#/volume] in Blood by Manual count"/></concept><concept><code value="731-0"/><display value="Lymphocytes [#/volume] in Blood by Automated count"/></concept><concept><code value="26474-7"/><display value="Lymphocytes [#/volume] in Blood"/></concept><concept><code value="26478-8"/><display value="Lymphocytes/100 leukocytes in Blood"/></concept><concept><code value="736-9"/><display value="Lymphocytes/100 leukocytes in Blood by Automated count"/></concept><concept><code value="737-7"/><display value="Lymphocytes/100 leukocytes in Blood by Manual count"/></concept><concept><code value="26484-6"/><display value="Monocytes [#/volume] in Blood"/></concept><concept><code value="742-7"/><display value="Monocytes [#/volume] in Blood by Automated count"/></concept><concept><code value="743-5"/><display value="Monocytes [#/volume] in Blood by Manual count"/></concept><concept><code value="5905-5"/><display value="Monocytes/100 leukocytes in Blood by Automated count"/></concept><concept><code value="26485-3"/><display value="Monocytes/100 leukocytes in Blood"/></concept><concept><code value="744-3"/><display value="Monocytes/100 leukocytes in Blood by Manual count"/></concept><concept><code value="751-8"/><display value="Neutrophils [#/volume] in Blood by Automated count"/></concept><concept><code value="753-4"/><display value="Neutrophils [#/volume] in Blood by Manual count"/></concept><concept><code value="26499-4"/><display value="Neutrophils [#/volume] in Blood"/></concept><concept><code value="770-8"/><display value="Neutrophils/100 leukocytes in Blood by Automated count"/></concept><concept><code value="26511-6"/><display value="Neutrophils/100 leukocytes in Blood"/></concept><concept><code value="23761-0"/><display value="Neutrophils/100 leukocytes in Blood by Manual count"/></concept><concept><code value="26508-2"/><display value="Band form neutrophils/100 leukocytes in Blood"/></concept><concept><code value="764-1"/><display value="Band form neutrophils/100 leukocytes in Blood by Manual count"/></concept><concept><code value="35332-6"/><display value="Band form neutrophils/100 leukocytes in Blood by Automated count"/></concept><concept><code value="32200-8"/><display value="Segmented neutrophils/100 leukocytes in Blood by Automated count"/></concept><concept><code value="26505-8"/><display value="Segmented neutrophils/100 leukocytes in Blood"/></concept><concept><code value="769-0"/><display value="Segmented neutrophils/100 leukocytes in Blood by Manual count"/></concept><concept><code value="709-6"/><display value="Blasts/100 leukocytes in Blood"/></concept><concept><code value="26446-5"/><display value="Blasts/100 leukocytes in Blood"/></concept><concept><code value="707-0"/><display value="Basophils/100 leukocytes in Blood by Manual count"/></concept><concept><code value="706-2"/><display value="Basophils/100 leukocytes in Blood by Automated count"/></concept><concept><code value="30180-4"/><display value="Basophils/100 leukocytes in Blood"/></concept><concept><code value="712-0"/><display value="Eosinophils [#/volume] in Blood by Manual count"/></concept><concept><code value="26449-9"/><display value="Eosinophils [#/volume] in Blood"/></concept><concept><code value="711-2"/><display value="Eosinophils [#/volume] in Blood by Automated count"/></concept><concept><code value="26450-7"/><display value="Eosinophils/100 leukocytes in Blood"/></concept><concept><code value="713-8"/><display value="Eosinophils/100 leukocytes in Blood by Automated count"/></concept><concept><code value="714-6"/><display value="Eosinophils/100 leukocytes in Blood by Manual count"/></concept><concept><code value="30458-4"/><display value="Plasma cells [#/volume] in Blood"/></concept><concept><code value="24103-4"/><display value="Plasma cells [#/volume] in Blood by Manual count"/></concept><concept><code value="13047-6"/><display value="Plasma cells/100 leukocytes in Blood"/></concept><concept><code value="79426-3"/><display value="Plasma cells/100 leukocytes in Blood by Manual count"/></concept><concept><code value="33855-8"/><display value="Promonocytes [#/volume] in Blood by Manual count"/></concept><concept><code value="34926-6"/><display value="Promonocytes [#/volume] in Blood"/></concept><concept><code value="13599-6"/><display value="Promonocytes/100 leukocytes in Blood by Manual count"/></concept><concept><code value="30466-7"/><display value="Promonocytes/100 leukocytes in Blood"/></concept><concept><code value="26523-1"/><display value="Promyelocytes [#/volume] in Blood"/></concept><concept><code value="781-5"/><display value="Promyelocytes [#/volume] in Blood by Manual count"/></concept><concept><code value="783-1"/><display value="Promyelocytes/100 leukocytes in Blood by Manual count"/></concept><concept><code value="71666-2"/><display value="Promyelocytes/Leukocytes [Pure number fraction] in Blood by Manual count"/></concept><concept><code value="26524-9"/><display value="Promyelocytes/100 leukocytes in Blood by Manual count"/></concept><concept><code value="30444-4"/><display value="Myeloblasts [#/volume] in Blood"/></concept><concept><code value="746-8"/><display value="Myeloblasts [#/volume] in Blood by Manual count"/></concept><concept><code value="30445-1"/><display value="Myeloblasts/100 leukocytes in Blood"/></concept><concept><code value="747-6"/><display value="Myeloblasts/100 leukocytes in Blood by Manual count"/></concept><concept><code value="748-4"/><display value="Myelocytes [#/volume] in Blood by Manual count"/></concept><concept><code value="30446-9"/><display value="Myelocytes [#/volume] in Blood"/></concept><concept><code value="26498-6"/><display value="Myelocytes/100 leukocytes in Blood"/></concept><concept><code value="749-2"/><display value="Myelocytes/100 leukocytes in Blood by Manual count"/></concept><concept><code value="71667-0"/><display value="Myelocytes/Leukocytes [Pure number fraction] in Blood by Manual count"/></concept><concept><code value="739-3"/><display value="Metamyelocytes [#/volume] in Blood by Manual count"/></concept><concept><code value="30433-7"/><display value="Metamyelocytes [#/volume] in Blood"/></concept><concept><code value="740-1"/><display value="Metamyelocytes/100 leukocytes in Blood by Manual count"/></concept><concept><code value="28541-1"/><display value="Metamyelocytes/100 leukocytes in Blood"/></concept><concept><code value="71668-8"/><display value="Metamyelocytes/Leukocytes [Pure number fraction] in Blood by Manual count"/></concept><concept><code value="6746-2"/><display value="Prolymphocytes/100 leukocytes in Blood by Manual count"/></concept><concept><code value="30465-9"/><display value="Prolymphocytes/100 leukocytes in Blood"/></concept><concept><code value="14196-0"/><display value="Reticulocytes [#/volume] in Blood"/></concept><concept><code value="40665-2"/><display value="Reticulocytes [#/volume] in Blood by Manual count"/></concept><concept><code value="60474-4"/><display value="Reticulocytes [#/volume] in Blood by Automated count"/></concept><concept><code value="31112-6"/><display value="Reticulocytes/100 erythrocytes in Blood by Manual"/></concept><concept><code value="17849-1"/><display value="Reticulocytes/100 erythrocytes in Blood by Automated count"/></concept><concept><code value="4679-7"/><display value="Reticulocytes/100 erythrocytes in Blood"/></concept><concept><code value="1751-7"/><display value="Albumin [Mass/volume] in Serum or Plasma"/></concept><concept><code value="2862-1"/><display value="Albumin [Mass/volume] in Serum or Plasma by Electrophoresis"/></concept><concept><code value="61151-7"/><display value="Albumin [Mass/volume] in Serum or Plasma by Bromocresol green (BCG) dye binding method"/></concept><concept><code value="61152-5"/><display value="Albumin [Mass/volume] in Serum or Plasma by Bromocresol purple (BCP) dye binding method"/></concept><concept><code value="1952-1"/><display value="Beta-2-Microglobulin [Mass/volume] in Serum or Plasma"/></concept><concept><code value="76484-5"/><display value="Beta-2-Microglobulin [Moles/volume] in Serum or Plasma"/></concept><concept><code value="2276-4"/><display value="Ferritin [Mass/volume] in Serum or Plasma"/></concept><concept><code value="24373-3"/><display value="Ferritin [Mass/volume] in Blood"/></concept><concept><code value="20567-4"/><display value="Ferritin [Mass/volume] in Serum or Plasma by Immunoassay"/></concept><concept><code value="11150-0"/><display value="Blasts/100 cells in Bone marrow"/></concept><concept><code value="57028-3"/><display value="Iron [Mass/mass] in Liver"/></concept><concept><code value="2160-0"/><display value="Creatinine [Mass/volume] in Serum or Plasma"/></concept><concept><code value="14682-9"/><display value="Creatinine [Moles/volume] in Serum or Plasma"/></concept><concept><code value="77140-2"/><display value="Creatinine [Moles/volume] in Serum, Plasma or Blood"/></concept></include></compose></ValueSet>