{"resourceType":"ValueSet","id":"differential-unspecified-blood-vs","text":{"status":"generated","div":"<div xmlns=\"http://www.w3.org/1999/xhtml\"><ul><li>Include these codes as defined in <a href=\"http://loinc.org\"><code>http://loinc.org</code></a><table class=\"none\"><tr><td style=\"white-space:nowrap\"><b>Code</b></td><td><b>Display</b></td></tr><tr><td><a href=\"https://loinc.org/26464-8/\">26464-8</a></td><td>Leukocytes [#/volume] in Blood</td></tr><tr><td><a href=\"https://loinc.org/30180-4/\">30180-4</a></td><td>Basophils/100 leukocytes in Blood</td></tr><tr><td><a href=\"https://loinc.org/26444-0/\">26444-0</a></td><td>Basophils [#/volume] in Blood</td></tr><tr><td><a href=\"https://loinc.org/34911-8/\">34911-8</a></td><td>Immature basophils/100 leukocytes in Blood</td></tr><tr><td><a href=\"https://loinc.org/34910-0/\">34910-0</a></td><td>Immature basophils [#/volume] in Blood</td></tr><tr><td><a href=\"https://loinc.org/26446-5/\">26446-5</a></td><td>Blasts/100 leukocytes in Blood</td></tr><tr><td><a href=\"https://loinc.org/30376-8/\">30376-8</a></td><td>Blasts [#/volume] in Blood</td></tr><tr><td><a href=\"https://loinc.org/26450-7/\">26450-7</a></td><td>Eosinophils/100 leukocytes in Blood</td></tr><tr><td><a href=\"https://loinc.org/26449-9/\">26449-9</a></td><td>Eosinophils [#/volume] in Blood</td></tr><tr><td><a href=\"https://loinc.org/34913-4/\">34913-4</a></td><td>Immature eosinophils/100 leukocytes in Blood</td></tr><tr><td><a href=\"https://loinc.org/34912-6/\">34912-6</a></td><td>Immature eosinophils [#/volume] in Blood</td></tr><tr><td><a href=\"https://loinc.org/30395-8/\">30395-8</a></td><td>Granulocytes/100 leukocytes in Blood</td></tr><tr><td><a href=\"https://loinc.org/30394-1/\">30394-1</a></td><td>Granulocytes [#/volume] in Blood</td></tr><tr><td><a href=\"https://loinc.org/35058-7/\">35058-7</a></td><td>Hairy cells/100 leukocytes in Blood</td></tr><tr><td><a href=\"https://loinc.org/30397-4/\">30397-4</a></td><td>Hairy cells [#/volume] in Blood</td></tr><tr><td><a href=\"https://loinc.org/26463-0/\">26463-0</a></td><td>Large unstained cells/100 leukocytes in Blood</td></tr><tr><td><a href=\"https://loinc.org/26462-2/\">26462-2</a></td><td>Large unstained cells [#/volume] in Blood</td></tr><tr><td><a href=\"https://loinc.org/26471-3/\">26471-3</a></td><td>Leukocytes other/100 leukocytes in Blood</td></tr><tr><td><a href=\"https://loinc.org/30406-3/\">30406-3</a></td><td>Leukocytes other [#/volume] in Blood</td></tr><tr><td><a href=\"https://loinc.org/34922-5/\">34922-5</a></td><td>Lymphoblasts/100 leukocytes in Blood</td></tr><tr><td><a href=\"https://loinc.org/35050-4/\">35050-4</a></td><td>Lymphoblasts [#/volume] in Blood</td></tr><tr><td><a href=\"https://loinc.org/26478-8/\">26478-8</a></td><td>Lymphocytes/100 leukocytes in Blood</td></tr><tr><td><a href=\"https://loinc.org/26474-7/\">26474-7</a></td><td>Lymphocytes [#/volume] in Blood</td></tr><tr><td><a href=\"https://loinc.org/30413-9/\">30413-9</a></td><td>Abnormal lymphocytes/100 leukocytes in Blood</td></tr><tr><td><a href=\"https://loinc.org/30412-1/\">30412-1</a></td><td>Abnormal lymphocytes [#/volume] in Blood</td></tr><tr><td><a href=\"https://loinc.org/13046-8/\">13046-8</a></td><td>Variant lymphocytes/100 leukocytes in Blood</td></tr><tr><td><a href=\"https://loinc.org/26477-0/\">26477-0</a></td><td>Variant lymphocytes [#/volume] in Blood</td></tr><tr><td><a href=\"https://loinc.org/30420-4/\">30420-4</a></td><td>Large granular lymphocytes/100 leukocytes in Blood</td></tr><tr><td><a href=\"https://loinc.org/35082-7/\">35082-7</a></td><td>Large granular lymphocytes [#/volume] in Blood</td></tr><tr><td><a href=\"https://loinc.org/34921-7/\">34921-7</a></td><td>Lymphocytes Plasmacytoid/100 leukocytes in Blood</td></tr><tr><td><a href=\"https://loinc.org/35039-7/\">35039-7</a></td><td>Lymphocytes Plasmacytoid [#/volume] in Blood</td></tr><tr><td><a href=\"https://loinc.org/30423-8/\">30423-8</a></td><td>Lymphoma cells/100 leukocytes in Blood</td></tr><tr><td><a href=\"https://loinc.org/30422-0/\">30422-0</a></td><td>Lymphoma cells [#/volume] in Blood</td></tr><tr><td><a href=\"https://loinc.org/34915-9/\">34915-9</a></td><td>Malignant cells/100 leukocytes in Blood</td></tr><tr><td><a href=\"https://loinc.org/34914-2/\">34914-2</a></td><td>Malignant cells [#/volume] in Blood</td></tr><tr><td><a href=\"https://loinc.org/28541-1/\">28541-1</a></td><td>Metamyelocytes/100 leukocytes in Blood</td></tr><tr><td><a href=\"https://loinc.org/30433-7/\">30433-7</a></td><td>Metamyelocytes [#/volume] in Blood</td></tr><tr><td><a href=\"https://loinc.org/34923-3/\">34923-3</a></td><td>Monoblasts/100 leukocytes in Blood</td></tr><tr><td><a href=\"https://loinc.org/35029-8/\">35029-8</a></td><td>Monoblasts [#/volume] in Blood</td></tr><tr><td><a href=\"https://loinc.org/26485-3/\">26485-3</a></td><td>Monocytes/100 leukocytes in Blood</td></tr><tr><td><a href=\"https://loinc.org/26484-6/\">26484-6</a></td><td>Monocytes [#/volume] in Blood</td></tr><tr><td><a href=\"https://loinc.org/30441-0/\">30441-0</a></td><td>Monocytes Abnormal/100 leukocytes in Blood</td></tr><tr><td><a href=\"https://loinc.org/30440-2/\">30440-2</a></td><td>Monocytes Abnormal [#/volume] in Blood</td></tr><tr><td><a href=\"https://loinc.org/34925-8/\">34925-8</a></td><td>Immature monocytes/100 leukocytes in Blood</td></tr><tr><td><a href=\"https://loinc.org/34924-1/\">34924-1</a></td><td>Immature monocytes [#/volume] in Blood</td></tr><tr><td><a href=\"https://loinc.org/30445-1/\">30445-1</a></td><td>Myeloblasts/100 leukocytes in Blood</td></tr><tr><td><a href=\"https://loinc.org/30444-4/\">30444-4</a></td><td>Myeloblasts [#/volume] in Blood</td></tr><tr><td><a href=\"https://loinc.org/26498-6/\">26498-6</a></td><td>Myelocytes/100 leukocytes in Blood</td></tr><tr><td><a href=\"https://loinc.org/30446-9/\">30446-9</a></td><td>Myelocytes [#/volume] in Blood</td></tr><tr><td><a href=\"https://loinc.org/26511-6/\">26511-6</a></td><td>Neutrophils/100 leukocytes in Blood</td></tr><tr><td><a href=\"https://loinc.org/26499-4/\">26499-4</a></td><td>Neutrophils [#/volume] in Blood</td></tr><tr><td><a href=\"https://loinc.org/26508-2/\">26508-2</a></td><td>Band form neutrophils/100 leukocytes in Blood</td></tr><tr><td><a href=\"https://loinc.org/26507-4/\">26507-4</a></td><td>Band form neutrophils [#/volume] in Blood</td></tr><tr><td><a href=\"https://loinc.org/30450-1/\">30450-1</a></td><td>Neutrophils.hypersegmented/100 leukocytes in Blood</td></tr><tr><td><a href=\"https://loinc.org/30449-3/\">30449-3</a></td><td>Neutrophils.hypersegmented [#/volume] in Blood</td></tr><tr><td><a href=\"https://loinc.org/30451-9/\">30451-9</a></td><td>Segmented neutrophils [#/volume] in Blood</td></tr><tr><td><a href=\"https://loinc.org/26505-8/\">26505-8</a></td><td>Segmented neutrophils/100 leukocytes in Blood</td></tr><tr><td><a href=\"https://loinc.org/34917-5/\">34917-5</a></td><td>Plasma cell precursor/100 leukocytes in Blood</td></tr><tr><td><a href=\"https://loinc.org/34916-7/\">34916-7</a></td><td>Plasma cell precursor [#/volume] in Blood</td></tr><tr><td><a href=\"https://loinc.org/13047-6/\">13047-6</a></td><td>Plasma cells/100 leukocytes in Blood</td></tr><tr><td><a href=\"https://loinc.org/30458-4/\">30458-4</a></td><td>Plasma cells [#/volume] in Blood</td></tr><tr><td><a href=\"https://loinc.org/34999-3/\">34999-3</a></td><td>Polymorphonuclear cells/100 leukocytes in Blood</td></tr><tr><td><a href=\"https://loinc.org/35003-3/\">35003-3</a></td><td>Polymorphonuclear cells [#/volume] in Blood</td></tr><tr><td><a href=\"https://loinc.org/30465-9/\">30465-9</a></td><td>Prolymphocytes/100 leukocytes in Blood</td></tr><tr><td><a href=\"https://loinc.org/30464-2/\">30464-2</a></td><td>Prolymphocytes [#/volume] in Blood</td></tr><tr><td><a href=\"https://loinc.org/30466-7/\">30466-7</a></td><td>Promonocytes/100 leukocytes in Blood</td></tr><tr><td><a href=\"https://loinc.org/34926-6/\">34926-6</a></td><td>Promonocytes [#/volume] in Blood</td></tr><tr><td><a href=\"https://loinc.org/26524-9/\">26524-9</a></td><td>Promyelocytes/100 leukocytes in Blood</td></tr><tr><td><a href=\"https://loinc.org/26523-1/\">26523-1</a></td><td>Promyelocytes [#/volume] in Blood</td></tr><tr><td><a href=\"https://loinc.org/34919-1/\">34919-1</a></td><td>Sezary cells/100 leukocytes in Blood</td></tr><tr><td><a href=\"https://loinc.org/34918-3/\">34918-3</a></td><td>Sezary cells [#/volume] in Blood</td></tr><tr><td><a href=\"https://loinc.org/34992-8/\">34992-8</a></td><td>Smudge cells/100 leukocytes in Blood</td></tr><tr><td><a href=\"https://loinc.org/34993-6/\">34993-6</a></td><td>Smudge cells [#/volume] in Blood</td></tr><tr><td><a href=\"https://loinc.org/33255-1/\">33255-1</a></td><td>Cell Fractions/Differential [Interpretation] in Blood</td></tr></table></li></ul></div>"},"url":"http://fhir.nmdp.org/ig/cibmtr-reporting/ValueSet/differential-unspecified-blood-vs","version":"0.1.6","name":"DifferentialUnspecifiedBloodVS","title":"Differential panel, method unspecified - Blood (69738-3)","status":"active","experimental":true,"date":"2023-05-04T11:11:22-05:00","publisher":"The Medical College of Wisconsin, Inc. and the National Marrow Donor Program","contact":[{"name":"The Medical College of Wisconsin, Inc. and the National Marrow Donor Program","telecom":[{"system":"url","value":"http://www.cibmtr.org"}]},{"name":"Bob Milius","telecom":[{"system":"email","value":"bmilius@nmdp.org"}]}],"description":"Differential panel, method unspecified - Blood (69738-3)","compose":{"include":[{"system":"http://loinc.org","concept":[{"code":"26464-8","display":"Leukocytes [#/volume] in Blood"},{"code":"30180-4","display":"Basophils/100 leukocytes in Blood"},{"code":"26444-0","display":"Basophils [#/volume] in Blood"},{"code":"34911-8","display":"Immature basophils/100 leukocytes in Blood"},{"code":"34910-0","display":"Immature basophils [#/volume] in Blood"},{"code":"26446-5","display":"Blasts/100 leukocytes in Blood"},{"code":"30376-8","display":"Blasts [#/volume] in Blood"},{"code":"26450-7","display":"Eosinophils/100 leukocytes in Blood"},{"code":"26449-9","display":"Eosinophils [#/volume] in Blood"},{"code":"34913-4","display":"Immature eosinophils/100 leukocytes in Blood"},{"code":"34912-6","display":"Immature eosinophils [#/volume] in Blood"},{"code":"30395-8","display":"Granulocytes/100 leukocytes in Blood"},{"code":"30394-1","display":"Granulocytes [#/volume] in Blood"},{"code":"35058-7","display":"Hairy cells/100 leukocytes in Blood"},{"code":"30397-4","display":"Hairy cells [#/volume] in Blood"},{"code":"26463-0","display":"Large unstained cells/100 leukocytes in Blood"},{"code":"26462-2","display":"Large unstained cells [#/volume] in Blood"},{"code":"26471-3","display":"Leukocytes other/100 leukocytes in Blood"},{"code":"30406-3","display":"Leukocytes other [#/volume] in Blood"},{"code":"34922-5","display":"Lymphoblasts/100 leukocytes in Blood"},{"code":"35050-4","display":"Lymphoblasts [#/volume] in Blood"},{"code":"26478-8","display":"Lymphocytes/100 leukocytes in Blood"},{"code":"26474-7","display":"Lymphocytes [#/volume] in Blood"},{"code":"30413-9","display":"Abnormal lymphocytes/100 leukocytes in Blood"},{"code":"30412-1","display":"Abnormal lymphocytes [#/volume] in Blood"},{"code":"13046-8","display":"Variant lymphocytes/100 leukocytes in Blood"},{"code":"26477-0","display":"Variant lymphocytes [#/volume] in Blood"},{"code":"30420-4","display":"Large granular lymphocytes/100 leukocytes in Blood"},{"code":"35082-7","display":"Large granular lymphocytes [#/volume] in Blood"},{"code":"34921-7","display":"Lymphocytes Plasmacytoid/100 leukocytes in Blood"},{"code":"35039-7","display":"Lymphocytes Plasmacytoid [#/volume] in Blood"},{"code":"30423-8","display":"Lymphoma cells/100 leukocytes in Blood"},{"code":"30422-0","display":"Lymphoma cells [#/volume] in Blood"},{"code":"34915-9","display":"Malignant cells/100 leukocytes in Blood"},{"code":"34914-2","display":"Malignant cells [#/volume] in Blood"},{"code":"28541-1","display":"Metamyelocytes/100 leukocytes in Blood"},{"code":"30433-7","display":"Metamyelocytes [#/volume] in Blood"},{"code":"34923-3","display":"Monoblasts/100 leukocytes in Blood"},{"code":"35029-8","display":"Monoblasts [#/volume] in Blood"},{"code":"26485-3","display":"Monocytes/100 leukocytes in Blood"},{"code":"26484-6","display":"Monocytes [#/volume] in Blood"},{"code":"30441-0","display":"Monocytes Abnormal/100 leukocytes in Blood"},{"code":"30440-2","display":"Monocytes Abnormal [#/volume] in Blood"},{"code":"34925-8","display":"Immature monocytes/100 leukocytes in Blood"},{"code":"34924-1","display":"Immature monocytes [#/volume] in Blood"},{"code":"30445-1","display":"Myeloblasts/100 leukocytes in Blood"},{"code":"30444-4","display":"Myeloblasts [#/volume] in Blood"},{"code":"26498-6","display":"Myelocytes/100 leukocytes in Blood"},{"code":"30446-9","display":"Myelocytes [#/volume] in Blood"},{"code":"26511-6","display":"Neutrophils/100 leukocytes in Blood"},{"code":"26499-4","display":"Neutrophils [#/volume] in Blood"},{"code":"26508-2","display":"Band form neutrophils/100 leukocytes in Blood"},{"code":"26507-4","display":"Band form neutrophils [#/volume] in Blood"},{"code":"30450-1","display":"Neutrophils.hypersegmented/100 leukocytes in Blood"},{"code":"30449-3","display":"Neutrophils.hypersegmented [#/volume] in Blood"},{"code":"30451-9","display":"Segmented neutrophils [#/volume] in Blood"},{"code":"26505-8","display":"Segmented neutrophils/100 leukocytes in Blood"},{"code":"34917-5","display":"Plasma cell precursor/100 leukocytes in Blood"},{"code":"34916-7","display":"Plasma cell precursor [#/volume] in Blood"},{"code":"13047-6","display":"Plasma cells/100 leukocytes in Blood"},{"code":"30458-4","display":"Plasma cells [#/volume] in Blood"},{"code":"34999-3","display":"Polymorphonuclear cells/100 leukocytes in Blood"},{"code":"35003-3","display":"Polymorphonuclear cells [#/volume] in Blood"},{"code":"30465-9","display":"Prolymphocytes/100 leukocytes in Blood"},{"code":"30464-2","display":"Prolymphocytes [#/volume] in Blood"},{"code":"30466-7","display":"Promonocytes/100 leukocytes in Blood"},{"code":"34926-6","display":"Promonocytes [#/volume] in Blood"},{"code":"26524-9","display":"Promyelocytes/100 leukocytes in Blood"},{"code":"26523-1","display":"Promyelocytes [#/volume] in Blood"},{"code":"34919-1","display":"Sezary cells/100 leukocytes in Blood"},{"code":"34918-3","display":"Sezary cells [#/volume] in Blood"},{"code":"34992-8","display":"Smudge cells/100 leukocytes in Blood"},{"code":"34993-6","display":"Smudge cells [#/volume] in Blood"},{"code":"33255-1","display":"Cell Fractions/Differential [Interpretation] in Blood"}]}]}}