<?xml version="1.0" encoding="UTF-8"?><ValueSet xmlns="http://hl7.org/fhir"><id value="med-busulfan-vs"/><text><status value="generated"/><div xmlns="http://www.w3.org/1999/xhtml"><p class="res-header-id"><b>Generated Narrative: ValueSet med-busulfan-vs</b></p><a name="med-busulfan-vs"> </a><a name="hcmed-busulfan-vs"> </a><a name="med-busulfan-vs-en-US"> </a><ul><li>Include these codes as defined in <a href="http://www.nlm.nih.gov/research/umls/rxnorm"><code>http://www.nlm.nih.gov/research/umls/rxnorm</code></a><table class="none"><tr><td style="white-space:nowrap"><b>Code</b></td><td><b>Display</b></td></tr><tr><td>1828</td><td>busulfan</td></tr><tr><td>284676</td><td>Busulfex</td></tr><tr><td>203010</td><td>Myleran</td></tr><tr><td>284425</td><td>10 ML busulfan 6 MG/ML Injection [Busulfex]</td></tr><tr><td>332701</td><td>busulfan 0.5 MG</td></tr><tr><td>564077</td><td>busulfan 0.5 MG [Myleran]</td></tr><tr><td>105550</td><td>busulfan 0.5 MG Oral Tablet [Myleran]</td></tr><tr><td>317620</td><td>busulfan 2 MG</td></tr><tr><td>564078</td><td>busulfan 2 MG [Myleran]</td></tr><tr><td>105551</td><td>busulfan 2 MG Oral Tablet [Myleran]</td></tr><tr><td>315503</td><td>busulfan 6 MG/ML</td></tr><tr><td>574864</td><td>busulfan 6 MG/ML [Busulfex]</td></tr><tr><td>1729356</td><td>busulfan 6 MG/ML Injection [Busulfex]</td></tr><tr><td>1151374</td><td>busulfan Injectable Product</td></tr><tr><td>1729351</td><td>busulfan Injection</td></tr><tr><td>1729353</td><td>busulfan Injection [Busulfex]</td></tr><tr><td>1151375</td><td>busulfan Oral Product</td></tr><tr><td>371165</td><td>busulfan Oral Tablet</td></tr><tr><td>368542</td><td>busulfan Oral Tablet [Myleran]</td></tr><tr><td>1151376</td><td>busulfan Pill</td></tr><tr><td>1168702</td><td>Busulfex Injectable Product</td></tr><tr><td>1185666</td><td>Myleran Oral Product</td></tr><tr><td>1185667</td><td>Myleran Pill</td></tr></table></li></ul></div></text><url value="http://fhir.nmdp.org/ig/cibmtr-reporting/ValueSet/med-busulfan-vs"/><version value="0.1.7"/><name value="RxNormBusulfanVS"/><title value="RxNorm - Busulfan"/><status value="draft"/><experimental value="true"/><date value="2024-08-22T12:15:56-05:00"/><publisher value="The Medical College of Wisconsin, Inc. and the National Marrow Donor Program"/><contact><name value="The Medical College of Wisconsin, Inc. and the National Marrow Donor Program"/><telecom><system value="url"/><value value="http://www.cibmtr.org"/></telecom></contact><contact><name value="Bob Milius"/><telecom><system value="email"/><value value="bmilius@nmdp.org"/></telecom></contact><description value="RxNorm codes for Busulfan"/><compose><include><system value="http://www.nlm.nih.gov/research/umls/rxnorm"/><concept><code value="1828"/><display value="busulfan"/></concept><concept><code value="284676"/><display value="Busulfex"/></concept><concept><code value="203010"/><display value="Myleran"/></concept><concept><code value="284425"/><display value="10 ML busulfan 6 MG/ML Injection [Busulfex]"/></concept><concept><code value="332701"/><display value="busulfan 0.5 MG"/></concept><concept><code value="564077"/><display value="busulfan 0.5 MG [Myleran]"/></concept><concept><code value="105550"/><display value="busulfan 0.5 MG Oral Tablet [Myleran]"/></concept><concept><code value="317620"/><display value="busulfan 2 MG"/></concept><concept><code value="564078"/><display value="busulfan 2 MG [Myleran]"/></concept><concept><code value="105551"/><display value="busulfan 2 MG Oral Tablet [Myleran]"/></concept><concept><code value="315503"/><display value="busulfan 6 MG/ML"/></concept><concept><code value="574864"/><display value="busulfan 6 MG/ML [Busulfex]"/></concept><concept><code value="1729356"/><display value="busulfan 6 MG/ML Injection [Busulfex]"/></concept><concept><code value="1151374"/><display value="busulfan Injectable Product"/></concept><concept><code value="1729351"/><display value="busulfan Injection"/></concept><concept><code value="1729353"/><display value="busulfan Injection [Busulfex]"/></concept><concept><code value="1151375"/><display value="busulfan Oral Product"/></concept><concept><code value="371165"/><display value="busulfan Oral Tablet"/></concept><concept><code value="368542"/><display value="busulfan Oral Tablet [Myleran]"/></concept><concept><code value="1151376"/><display value="busulfan Pill"/></concept><concept><code value="1168702"/><display value="Busulfex Injectable Product"/></concept><concept><code value="1185666"/><display value="Myleran Oral Product"/></concept><concept><code value="1185667"/><display value="Myleran Pill"/></concept></include></compose></ValueSet>