<?xml version="1.0" encoding="UTF-8"?>

<Medication xmlns="http://hl7.org/fhir">
  <id value="Medication-Post-HCT-Disease-Therapy-Example"/>
  <meta>
    <profile value="http://fhir.nmdp.org/ig/cibmtr-reporting/StructureDefinition/cibmtr-post-hct-disease-therapy-planned-medication"/>
    <security>
      <system value="http://terminology.nmdp.org/codesystem/transplant-center"/>
      <code value="rc_99999"/>
      <display value="99999 My Transplant Center"/>
    </security>
  </meta>
  <text>
    <status value="generated"/><div xmlns="http://www.w3.org/1999/xhtml"><p><b>Generated Narrative</b></p><div style="display: inline-block; background-color: #d9e0e7; padding: 6px; margin: 4px; border: 1px solid #8da1b4; border-radius: 5px; line-height: 60%"><p style="margin-bottom: 0px">Resource "Medication-Post-HCT-Disease-Therapy-Example" </p><p style="margin-bottom: 0px">Profile: <a href="StructureDefinition-cibmtr-post-hct-disease-therapy-planned-medication.html">CIBMTR Planned Post-HCT Disease Therapy Medication</a></p><p style="margin-bottom: 0px">Security Labels: <span title="{http://terminology.nmdp.org/codesystem/transplant-center http://terminology.nmdp.org/codesystem/transplant-center}">http://terminology.nmdp.org/codesystem/transplant-center</span></p></div><p><b>code</b>: blinatumomab <span style="background: LightGoldenRodYellow; margin: 4px; border: 1px solid khaki"> (<a href="http://terminology.hl7.org/3.1.0/CodeSystem-v3-rxNorm.html">RxNorm</a>#1597258; <a href="http://terminology.hl7.org/3.1.0/CodeSystem-v3-rxNorm.html">RxNorm</a>#1597260 "blinatumomab Injectable Product"; <a href="http://terminology.hl7.org/3.1.0/CodeSystem-v3-rxNorm.html">RxNorm</a>#1597262 "blinatumomab 0.035 MG Injection"; <a href="http://terminology.hl7.org/3.1.0/CodeSystem-v3-rxNorm.html">RxNorm</a>#1597267 "blinatumomab 0.035 MG Injection [Blincyto]"; <a href="http://terminology.hl7.org/3.1.0/CodeSystem-v3-rxNorm.html">RxNorm</a>#1651249 "blinatumomab 0.035 MG"; <a href="http://terminology.hl7.org/3.1.0/CodeSystem-v3-rxNorm.html">RxNorm</a>#1651250 "blinatumomab Injection"; <a href="http://terminology.hl7.org/3.1.0/CodeSystem-v3-rxNorm.html">RxNorm</a>#1651252 "blinatumomab 0.035 MG [Blincyto]"; <a href="http://terminology.hl7.org/3.1.0/CodeSystem-v3-rxNorm.html">RxNorm</a>#1651253 "blinatumomab Injection [Blincyto]")</span></p><h3>Ingredients</h3><table class="grid"><tr><td>-</td><td><b>Item[x]</b></td><td><b>Strength</b></td></tr><tr><td>*</td><td>blinatumomab <span style="background: LightGoldenRodYellow; margin: 4px; border: 1px solid khaki"> (<a href="http://terminology.hl7.org/3.1.0/CodeSystem-v3-rxNorm.html">RxNorm</a>#1597258; <a href="http://terminology.hl7.org/3.1.0/CodeSystem-v3-rxNorm.html">RxNorm</a>#1597260 "blinatumomab Injectable Product"; <a href="http://terminology.hl7.org/3.1.0/CodeSystem-v3-rxNorm.html">RxNorm</a>#1597262 "blinatumomab 0.035 MG Injection"; <a href="http://terminology.hl7.org/3.1.0/CodeSystem-v3-rxNorm.html">RxNorm</a>#1597267 "blinatumomab 0.035 MG Injection [Blincyto]"; <a href="http://terminology.hl7.org/3.1.0/CodeSystem-v3-rxNorm.html">RxNorm</a>#1651249 "blinatumomab 0.035 MG"; <a href="http://terminology.hl7.org/3.1.0/CodeSystem-v3-rxNorm.html">RxNorm</a>#1651250 "blinatumomab Injection"; <a href="http://terminology.hl7.org/3.1.0/CodeSystem-v3-rxNorm.html">RxNorm</a>#1651252 "blinatumomab 0.035 MG [Blincyto]"; <a href="http://terminology.hl7.org/3.1.0/CodeSystem-v3-rxNorm.html">RxNorm</a>#1651253 "blinatumomab Injection [Blincyto]")</span></td><td>0.035 milligram<span style="background: LightGoldenRodYellow"> (Details: UCUM code mg = 'mg')</span>/0.035 milligram<span style="background: LightGoldenRodYellow"> (Details: UCUM code mg = 'mg')</span></td></tr></table></div>
  </text>
  <code>
    <coding>
      <system value="http://www.nlm.nih.gov/research/umls/rxnorm"/>
      <code value="1597258"/>
      <display value="blinatumomab"/>
    </coding>
    <coding>
      <system value="http://www.nlm.nih.gov/research/umls/rxnorm"/>
      <code value="1597260"/>
      <display value="blinatumomab Injectable Product"/>
    </coding>
    <coding>
      <system value="http://www.nlm.nih.gov/research/umls/rxnorm"/>
      <code value="1597262"/>
      <display value="blinatumomab 0.035 MG Injection"/>
    </coding>
    <coding>
      <system value="http://www.nlm.nih.gov/research/umls/rxnorm"/>
      <code value="1597267"/>
      <display value="blinatumomab 0.035 MG Injection [Blincyto]"/>
    </coding>
    <coding>
      <system value="http://www.nlm.nih.gov/research/umls/rxnorm"/>
      <code value="1651249"/>
      <display value="blinatumomab 0.035 MG"/>
    </coding>
    <coding>
      <system value="http://www.nlm.nih.gov/research/umls/rxnorm"/>
      <code value="1651250"/>
      <display value="blinatumomab Injection"/>
    </coding>
    <coding>
      <system value="http://www.nlm.nih.gov/research/umls/rxnorm"/>
      <code value="1651252"/>
      <display value="blinatumomab 0.035 MG [Blincyto]"/>
    </coding>
    <coding>
      <system value="http://www.nlm.nih.gov/research/umls/rxnorm"/>
      <code value="1651253"/>
      <display value="blinatumomab Injection [Blincyto]"/>
    </coding>
    <text value="blinatumomab"/>
  </code>
  <ingredient>
    <itemCodeableConcept>
      <coding>
        <system value="http://www.nlm.nih.gov/research/umls/rxnorm"/>
        <code value="1597258"/>
        <display value="blinatumomab"/>
      </coding>
      <coding>
        <system value="http://www.nlm.nih.gov/research/umls/rxnorm"/>
        <code value="1597260"/>
        <display value="blinatumomab Injectable Product"/>
      </coding>
      <coding>
        <system value="http://www.nlm.nih.gov/research/umls/rxnorm"/>
        <code value="1597262"/>
        <display value="blinatumomab 0.035 MG Injection"/>
      </coding>
      <coding>
        <system value="http://www.nlm.nih.gov/research/umls/rxnorm"/>
        <code value="1597267"/>
        <display value="blinatumomab 0.035 MG Injection [Blincyto]"/>
      </coding>
      <coding>
        <system value="http://www.nlm.nih.gov/research/umls/rxnorm"/>
        <code value="1651249"/>
        <display value="blinatumomab 0.035 MG"/>
      </coding>
      <coding>
        <system value="http://www.nlm.nih.gov/research/umls/rxnorm"/>
        <code value="1651250"/>
        <display value="blinatumomab Injection"/>
      </coding>
      <coding>
        <system value="http://www.nlm.nih.gov/research/umls/rxnorm"/>
        <code value="1651252"/>
        <display value="blinatumomab 0.035 MG [Blincyto]"/>
      </coding>
      <coding>
        <system value="http://www.nlm.nih.gov/research/umls/rxnorm"/>
        <code value="1651253"/>
        <display value="blinatumomab Injection [Blincyto]"/>
      </coding>
      <text value="blinatumomab"/>
    </itemCodeableConcept>
    <strength>
      <numerator>
        <value value="0.035"/>
        <unit value="milligram"/>
        <system value="http://unitsofmeasure.org"/>
        <code value="mg"/>
      </numerator>
      <denominator>
        <value value="0.035"/>
        <unit value="milligram"/>
        <system value="http://unitsofmeasure.org"/>
        <code value="mg"/>
      </denominator>
    </strength>
  </ingredient>
</Medication>