{
  "resourceType": "Observation",
  "id": "AlbuminObservation",
  "meta": {
    "profile": [
      "http://fhir.nmdp.org/ig/cibmtr-reporting/StructureDefinition/cibmtr-obs-priority-variables"
    ],
    "security": [
      {
        "system": "http://terminology.cibmtr.org/codesystem/transplant-center",
        "code": "rc_99999",
        "display": "99999 My Transplant Center"
      }
    ]
  },
  "text": {
    "status": "generated",
    "div": "<div xmlns=\"http://www.w3.org/1999/xhtml\"><p><b>Generated Narrative: Observation</b><a name=\"AlbuminObservation\"> </a></p><div style=\"display: inline-block; background-color: #d9e0e7; padding: 6px; margin: 4px; border: 1px solid #8da1b4; border-radius: 5px; line-height: 60%\"><p style=\"margin-bottom: 0px\">Resource Observation \"AlbuminObservation\" </p><p style=\"margin-bottom: 0px\">Profile: <a href=\"StructureDefinition-cibmtr-obs-priority-variables.html\">CIBMTR Observation Laboratory Results: Priority Variables</a></p><p style=\"margin-bottom: 0px\">Security Labels: <span title=\"{http://terminology.cibmtr.org/codesystem/transplant-center http://terminology.cibmtr.org/codesystem/transplant-center}\">http://terminology.cibmtr.org/codesystem/transplant-center</span></p></div><p><b>status</b>: final</p><p><b>category</b>: Laboratory <span style=\"background: LightGoldenRodYellow; margin: 4px; border: 1px solid khaki\"> (<a href=\"http://terminology.hl7.org/4.0.0/CodeSystem-observation-category.html\">Observation Category Codes</a>#laboratory)</span></p><p><b>code</b>: Albumin [Mass/volume] in Serum or Plasma <span style=\"background: LightGoldenRodYellow; margin: 4px; border: 1px solid khaki\"> (<a href=\"https://loinc.org/\">LOINC</a>#1751-7)</span></p><p><b>subject</b>: <span></span></p><p><b>effective</b>: 2020-07-21 02:17:00+0000</p><p><b>value</b>: 5 gram per deciliter<span style=\"background: LightGoldenRodYellow\"> (Details: UCUM code g/dL = 'g/dL')</span></p></div>"
  },
  "status": "final",
  "category": [
    {
      "coding": [
        {
          "system": "http://terminology.hl7.org/CodeSystem/observation-category",
          "code": "laboratory"
        }
      ]
    }
  ],
  "code": {
    "coding": [
      {
        "system": "http://loinc.org",
        "code": "1751-7",
        "display": "Albumin [Mass/volume] in Serum or Plasma"
      }
    ]
  },
  "subject": {
    "identifier": {
      "system": "http://terminology.cibmtr.org/identifier/CRID",
      "value": "1234567"
    }
  },
  "effectiveDateTime": "2020-07-21T14:17:00Z",
  "valueQuantity": {
    "value": 5,
    "unit": "gram per deciliter",
    "system": "http://unitsofmeasure.org",
    "code": "g/dL"
  }
}