<?xml version="1.0" encoding="UTF-8"?>

<Observation xmlns="http://hl7.org/fhir">
  <id value="ABORhObservationSNOMED"/>
  <meta>
    <profile value="http://fhir.nmdp.org/ig/cibmtr-reporting/StructureDefinition/cibmtr-obs-priority-variables"/>
    <security>
      <system value="http://terminology.cibmtr.org/codesystem/transplant-center"/>
      <code value="rc_99999"/>
      <display value="99999 My Transplant Center"/>
    </security>
  </meta>
  <text>
    <status value="generated"/><div xmlns="http://www.w3.org/1999/xhtml"><p><b>Generated Narrative: Observation</b><a name="ABORhObservationSNOMED"> </a></p><div style="display: inline-block; background-color: #d9e0e7; padding: 6px; margin: 4px; border: 1px solid #8da1b4; border-radius: 5px; line-height: 60%"><p style="margin-bottom: 0px">Resource Observation &quot;ABORhObservationSNOMED&quot; </p><p style="margin-bottom: 0px">Profile: <a href="StructureDefinition-cibmtr-obs-priority-variables.html">CIBMTR Observation Laboratory Results: Priority Variables</a></p><p style="margin-bottom: 0px">Security Labels: <span title="{http://terminology.cibmtr.org/codesystem/transplant-center http://terminology.cibmtr.org/codesystem/transplant-center}">http://terminology.cibmtr.org/codesystem/transplant-center</span></p></div><p><b>status</b>: final</p><p><b>category</b>: Laboratory <span style="background: LightGoldenRodYellow; margin: 4px; border: 1px solid khaki"> (<a href="http://terminology.hl7.org/5.0.0/CodeSystem-observation-category.html">Observation Category Codes</a>#laboratory)</span></p><p><b>code</b>: ABO and Rh group [Type] in Blood <span style="background: LightGoldenRodYellow; margin: 4px; border: 1px solid khaki"> (<a href="https://loinc.org/">LOINC</a>#882-1)</span></p><p><b>subject</b>: <a href="Patient-PatientExample6.html">Patient/PatientExample6</a> &quot;&quot;</p><p><b>effective</b>: 2020-07-21 14:17:00+0000</p><p><b>value</b>: Blood group O Rh(D) positive (finding) <span style="background: LightGoldenRodYellow; margin: 4px; border: 1px solid khaki"> (<a href="https://browser.ihtsdotools.org/">SNOMED CT</a>#278147001)</span></p></div>
  </text>
  <status value="final"/>
  <category>
    <coding>
      <system value="http://terminology.hl7.org/CodeSystem/observation-category"/>
      <code value="laboratory"/>
    </coding>
  </category>
  <code>
    <coding>
      <system value="http://loinc.org"/>
      <code value="882-1"/>
      <display value="ABO and Rh group [Type] in Blood"/>
    </coding>
  </code>
  <subject>
    <reference value="Patient/PatientExample6"/>
  </subject>
  <effectiveDateTime value="2020-07-21T14:17:00Z"/>
  <valueCodeableConcept>
    <coding>
      <system value="http://snomed.info/sct"/>
      <code value="278147001"/>
      <display value="Blood group O Rh(D) positive (finding)"/>
    </coding>
  </valueCodeableConcept>
</Observation>