{
  "package": "cibmtr-reporting",
  "version": "0.1.4a",
  "fhirVersion": "4.0.1",
  "extensions": [],
  "profiles": {
    "Medication": [
      {
        "url": "http://fhir.nmdp.org/ig/cibmtr-reporting/StructureDefinition/cibmtr-post-hct-disease-therapy-planned-medication",
        "title": "CIBMTR Planned Post-HCT Disease Therapy Medication"
      },
      {
        "url": "http://fhir.nmdp.org/ig/cibmtr-reporting/StructureDefinition/cibmtr-prep-regimen-medication",
        "title": "CIBMTR Prep Regimen Medication"
      },
      {
        "url": "http://fhir.nmdp.org/ig/cibmtr-reporting/StructureDefinition/cibmtr-prior-exposure-medication",
        "title": "CIBMTR Prior Exposure Medication"
      }
    ],
    "MedicationAdministration": [
      {
        "url": "http://fhir.nmdp.org/ig/cibmtr-reporting/StructureDefinition/cibmtr-medication-administration",
        "title": "CIBMTR Medication Administration (mcode)"
      }
    ],
    "MedicationDispense": [
      {
        "url": "http://fhir.nmdp.org/ig/cibmtr-reporting/StructureDefinition/cibmtr-medication-dispense",
        "title": "CIBMTR Medication Dispense"
      }
    ],
    "MedicationRequest": [
      {
        "url": "http://fhir.nmdp.org/ig/cibmtr-reporting/StructureDefinition/cibmtr-medication-request",
        "title": "CIBMTR Medication Request (mcode)"
      }
    ],
    "Observation": [
      {
        "url": "http://fhir.nmdp.org/ig/cibmtr-reporting/StructureDefinition/cibmtr-obs-priority-variables",
        "title": "CIBMTR Observation Laboratory Results: Priority Variables"
      },
      {
        "url": "http://fhir.nmdp.org/ig/cibmtr-reporting/StructureDefinition/cibmtr-observation-lab",
        "title": "CIBMTR Observation Laboratory Results Profile (us-core)"
      }
    ],
    "Patient": [
      {
        "url": "http://fhir.nmdp.org/ig/cibmtr-reporting/StructureDefinition/cibmtr-patient",
        "title": "CIBMTR Patient Profile (us-core)"
      }
    ]
  },
  "usage": {
    "http://hl7.org/fhir/StructureDefinition/data-absent-reason": [
      "Patient.name"
    ],
    "http://hl7.org/fhir/StructureDefinition/elementdefinition-bestpractice": [
      "StructureDefinition.snapshot.element.constraint"
    ],
    "http://hl7.org/fhir/StructureDefinition/elementdefinition-bestpractice-explanation": [
      "StructureDefinition.snapshot.element.constraint"
    ],
    "http://hl7.org/fhir/StructureDefinition/elementdefinition-bindingName": [
      "StructureDefinition.snapshot.element.binding"
    ],
    "http://hl7.org/fhir/StructureDefinition/elementdefinition-isCommonBinding": [
      "StructureDefinition.snapshot.element.binding"
    ],
    "http://hl7.org/fhir/StructureDefinition/elementdefinition-maxValueSet": [
      "StructureDefinition.snapshot.element.binding"
    ],
    "http://hl7.org/fhir/StructureDefinition/elementdefinition-translatable": [
      "StructureDefinition.snapshot.element"
    ],
    "http://hl7.org/fhir/StructureDefinition/elementdefinition-type-must-support": [
      "StructureDefinition.differential.element.type",
      "StructureDefinition.snapshot.element.type",
      "StructureDefinition.snapshot.element.type.targetProfile"
    ],
    "http://hl7.org/fhir/StructureDefinition/patient-birthPlace": [
      "Patient"
    ],
    "http://hl7.org/fhir/StructureDefinition/patient-mothersMaidenName": [
      "Patient"
    ],
    "http://hl7.org/fhir/StructureDefinition/structuredefinition-category": [
      "StructureDefinition"
    ],
    "http://hl7.org/fhir/StructureDefinition/structuredefinition-display-hint": [
      "StructureDefinition.snapshot.element"
    ],
    "http://hl7.org/fhir/StructureDefinition/structuredefinition-explicit-type-name": [
      "StructureDefinition.snapshot.element"
    ],
    "http://hl7.org/fhir/StructureDefinition/structuredefinition-fhir-type": [
      "StructureDefinition.snapshot.element.type"
    ],
    "http://hl7.org/fhir/StructureDefinition/structuredefinition-hierarchy": [
      "StructureDefinition.snapshot.element.type"
    ],
    "http://hl7.org/fhir/StructureDefinition/structuredefinition-security-category": [
      "StructureDefinition"
    ],
    "http://hl7.org/fhir/StructureDefinition/structuredefinition-standards-status": [
      "StructureDefinition.snapshot.element"
    ],
    "http://hl7.org/fhir/tools/StructureDefinition/ig-parameter": [
      "ImplementationGuide.definition"
    ],
    "http://hl7.org/fhir/tools/StructureDefinition/resource-information": [
      "ImplementationGuide.definition.resource"
    ],
    "http://hl7.org/fhir/us/core/StructureDefinition/us-core-birthsex": [
      "Patient"
    ],
    "http://hl7.org/fhir/us/core/StructureDefinition/us-core-ethnicity": [
      "Patient"
    ],
    "http://hl7.org/fhir/us/core/StructureDefinition/us-core-race": [
      "Patient"
    ],
    "http://hl7.org/fhir/us/mcode/StructureDefinition/mcode-procedure-intent": [
      "MedicationAdministration",
      "MedicationRequest"
    ],
    "http://hl7.org/fhir/us/mcode/StructureDefinition/mcode-treatment-termination-reason": [
      "MedicationAdministration",
      "MedicationRequest"
    ]
  }
}