{
  "resourceType": "ValueSet",
  "id": "med-anti-thymocyte-globulin-vs",
  "text": {
    "status": "generated",
    "div": "<div xmlns=\"http://www.w3.org/1999/xhtml\"><ul><li>Include these codes as defined in <a href=\"http://www.nlm.nih.gov/research/umls/rxnorm\"><code>http://www.nlm.nih.gov/research/umls/rxnorm</code></a><table class=\"none\"><tr><td style=\"white-space:nowrap\"><b>Code</b></td><td><b>Display</b></td></tr><tr><td>1204</td><td>ATGAM</td></tr><tr><td>1011</td><td>lymphocyte immune globulin, anti-thymocyte globulin</td></tr><tr><td>225741</td><td>Thymoglobulin</td></tr><tr><td>DB00098</td><td>Thymoglobulin</td></tr><tr><td>91601</td><td>lymphocyte immune globulin, anti-thymocyte globulin, equine</td></tr><tr><td>206289</td><td>5 ML lymphocyte immune globulin, anti-thymocyte globulin, equine 50 MG/ML Injection [ATGAM]</td></tr><tr><td>1165939</td><td>ATGAM Injectable Product</td></tr><tr><td>2282515</td><td>lymphocyte immune globulin, anti-thymocyte globulin Injectable Product</td></tr><tr><td>2282516</td><td>lymphocyte immune globulin, anti-thymocyte globulin Injection</td></tr><tr><td>2282519</td><td>lymphocyte immune globulin, anti-thymocyte globulin Injection [ATGAM]</td></tr><tr><td>2282528</td><td>lymphocyte immune globulin, anti-thymocyte globulin Injection [Thymoglobulin]</td></tr><tr><td>2282514</td><td>lymphocyte immune globulin, anti-thymocyte globulin, equine 50 MG/ML</td></tr><tr><td>2282518</td><td>lymphocyte immune globulin, anti-thymocyte globulin, equine 50 MG/ML [ATGAM]</td></tr><tr><td>1870646</td><td>lymphocyte immune globulin, anti-thymocyte globulin, equine 50 MG/ML Injection [ATGAM]</td></tr><tr><td>2282525</td><td>rabbit anti-human T-lymphocyte globulin 25 MG</td></tr><tr><td>2282527</td><td>rabbit anti-human T-lymphocyte globulin 25 MG [Thymoglobulin]</td></tr><tr><td>107050</td><td>rabbit anti-human T-lymphocyte globulin 25 MG Injection [Thymoglobulin]</td></tr><tr><td>1177887</td><td>Thymoglobulin Injectable Product</td></tr></table></li></ul></div>"
  },
  "url": "http://fhir.nmdp.org/ig/cibmtr-reporting/ValueSet/med-anti-thymocyte-globulin-vs",
  "version": "0.1.5",
  "name": "RxNormAntiThymocyteGlobulinVS",
  "title": "RxNorm - Anti-Thymocyte Globulin",
  "status": "active",
  "date": "2022-08-31T14:35:45-05:00",
  "publisher": "The Medical College of Wisconsin, Inc. and the National Marrow Donor Program",
  "contact": [
    {
      "name": "The Medical College of Wisconsin, Inc. and the National Marrow Donor Program",
      "telecom": [
        {
          "system": "url",
          "value": "http://www.cibmtr.org"
        }
      ]
    },
    {
      "name": "Bob Milius",
      "telecom": [
        {
          "system": "email",
          "value": "bmilius@nmdp.org"
        }
      ]
    }
  ],
  "description": "RxNorm codes for Anti-Thymocyte Globulin",
  "compose": {
    "include": [
      {
        "system": "http://www.nlm.nih.gov/research/umls/rxnorm",
        "concept": [
          {
            "code": "1204",
            "display": "ATGAM"
          },
          {
            "code": "1011",
            "display": "lymphocyte immune globulin, anti-thymocyte globulin"
          },
          {
            "code": "225741",
            "display": "Thymoglobulin"
          },
          {
            "code": "DB00098",
            "display": "Thymoglobulin"
          },
          {
            "code": "91601",
            "display": "lymphocyte immune globulin, anti-thymocyte globulin, equine"
          },
          {
            "code": "206289",
            "display": "5 ML lymphocyte immune globulin, anti-thymocyte globulin, equine 50 MG/ML Injection [ATGAM]"
          },
          {
            "code": "1165939",
            "display": "ATGAM Injectable Product"
          },
          {
            "code": "2282515",
            "display": "lymphocyte immune globulin, anti-thymocyte globulin Injectable Product"
          },
          {
            "code": "2282516",
            "display": "lymphocyte immune globulin, anti-thymocyte globulin Injection"
          },
          {
            "code": "2282519",
            "display": "lymphocyte immune globulin, anti-thymocyte globulin Injection [ATGAM]"
          },
          {
            "code": "2282528",
            "display": "lymphocyte immune globulin, anti-thymocyte globulin Injection [Thymoglobulin]"
          },
          {
            "code": "2282514",
            "display": "lymphocyte immune globulin, anti-thymocyte globulin, equine 50 MG/ML"
          },
          {
            "code": "2282518",
            "display": "lymphocyte immune globulin, anti-thymocyte globulin, equine 50 MG/ML [ATGAM]"
          },
          {
            "code": "1870646",
            "display": "lymphocyte immune globulin, anti-thymocyte globulin, equine 50 MG/ML Injection [ATGAM]"
          },
          {
            "code": "2282525",
            "display": "rabbit anti-human T-lymphocyte globulin 25 MG"
          },
          {
            "code": "2282527",
            "display": "rabbit anti-human T-lymphocyte globulin 25 MG [Thymoglobulin]"
          },
          {
            "code": "107050",
            "display": "rabbit anti-human T-lymphocyte globulin 25 MG Injection [Thymoglobulin]"
          },
          {
            "code": "1177887",
            "display": "Thymoglobulin Injectable Product"
          }
        ]
      }
    ]
  }
}