<?xml version="1.0" encoding="UTF-8"?>

<ValueSet xmlns="http://hl7.org/fhir">
  <id value="med-melphalan-vs"/>
  <text>
    <status value="generated"/><div xmlns="http://www.w3.org/1999/xhtml"><ul><li>Include these codes as defined in <a href="http://www.nlm.nih.gov/research/umls/rxnorm"><code>http://www.nlm.nih.gov/research/umls/rxnorm</code></a><table class="none"><tr><td style="white-space:nowrap"><b>Code</b></td><td><b>Display</b></td></tr><tr><td>6718</td><td>melphalan</td></tr><tr><td>151325</td><td>Alkeran</td></tr><tr><td>1745086</td><td>Evomela</td></tr><tr><td>317646</td><td>melphalan 2 MG</td></tr><tr><td>332190</td><td>melphalan 5 MG</td></tr><tr><td>1740948</td><td>melphalan 50 MG</td></tr><tr><td>446276</td><td>melphalan Extended Release Oral Tablet</td></tr><tr><td>1159787</td><td>melphalan Injectable Product</td></tr><tr><td>1740949</td><td>melphalan Injection</td></tr><tr><td>1159788</td><td>melphalan Oral Product</td></tr><tr><td>372756</td><td>melphalan Oral Tablet</td></tr><tr><td>1159789</td><td>melphalan Pill</td></tr></table></li></ul></div>
  </text>
  <url value="http://fhir.nmdp.org/ig/cibmtr-reporting/ValueSet/med-melphalan-vs"/>
  <version value="0.1.4a"/>
  <name value="RxNormMelphalanVS"/>
  <title value="RxNorm - Melphalan"/>
  <status value="active"/>
  <date value="2022-08-10T12:44:20-05:00"/>
  <publisher value="The Medical College of Wisconsin, Inc. and the National Marrow Donor Program"/>
  <contact>
    <name value="The Medical College of Wisconsin, Inc. and the National Marrow Donor Program"/>
    <telecom>
      <system value="url"/>
      <value value="http://www.cibmtr.org"/>
    </telecom>
  </contact>
  <contact>
    <name value="Bob Milius"/>
    <telecom>
      <system value="email"/>
      <value value="bmilius@nmdp.org"/>
    </telecom>
  </contact>
  <description value="RxNorm codes for Melphalan "/>
  <compose>
    <include>
      <system value="http://www.nlm.nih.gov/research/umls/rxnorm"/>
      <concept>
        <code value="6718"/>
        <display value="melphalan"/>
      </concept>
      <concept>
        <code value="151325"/>
        <display value="Alkeran"/>
      </concept>
      <concept>
        <code value="1745086"/>
        <display value="Evomela"/>
      </concept>
      <concept>
        <code value="317646"/>
        <display value="melphalan 2 MG"/>
      </concept>
      <concept>
        <code value="332190"/>
        <display value="melphalan 5 MG"/>
      </concept>
      <concept>
        <code value="1740948"/>
        <display value="melphalan 50 MG"/>
      </concept>
      <concept>
        <code value="446276"/>
        <display value="melphalan Extended Release Oral Tablet"/>
      </concept>
      <concept>
        <code value="1159787"/>
        <display value="melphalan Injectable Product"/>
      </concept>
      <concept>
        <code value="1740949"/>
        <display value="melphalan Injection"/>
      </concept>
      <concept>
        <code value="1159788"/>
        <display value="melphalan Oral Product"/>
      </concept>
      <concept>
        <code value="372756"/>
        <display value="melphalan Oral Tablet"/>
      </concept>
      <concept>
        <code value="1159789"/>
        <display value="melphalan Pill"/>
      </concept>
    </include>
  </compose>
</ValueSet>