<?xml version="1.0" encoding="UTF-8"?>

<ValueSet xmlns="http://hl7.org/fhir">
  <id value="med-fludarabine-vs"/>
  <text>
    <status value="generated"/><div xmlns="http://www.w3.org/1999/xhtml"><ul><li>Include these codes as defined in <a href="http://www.nlm.nih.gov/research/umls/rxnorm"><code>http://www.nlm.nih.gov/research/umls/rxnorm</code></a><table class="none"><tr><td style="white-space:nowrap"><b>Code</b></td><td><b>Display</b></td></tr><tr><td>24698</td><td>fludarabine</td></tr><tr><td>877487</td><td>Oforta</td></tr><tr><td>1165043</td><td>fludarabine Injectable Product</td></tr><tr><td>1740863</td><td>fludarabine Injection</td></tr><tr><td>828708</td><td>fludarabine Oral Capsule</td></tr><tr><td>1165044</td><td>fludarabine Oral Product</td></tr><tr><td>393413</td><td>fludarabine Oral Tablet</td></tr><tr><td>828705</td><td>fludarabine phosphate 10 MG</td></tr><tr><td>328431</td><td>fludarabine phosphate 25 MG/ML</td></tr><tr><td>1740862</td><td>fludarabine phosphate 50 MG</td></tr><tr><td>1165045</td><td>fludarabine Pill</td></tr></table></li></ul></div>
  </text>
  <url value="http://fhir.nmdp.org/ig/cibmtr-reporting/ValueSet/med-fludarabine-vs"/>
  <version value="0.1.4a"/>
  <name value="RxNormFludarabineVS"/>
  <title value="RxNorm - Fludarabine"/>
  <status value="active"/>
  <date value="2022-08-09T17:12:26-05:00"/>
  <publisher value="The Medical College of Wisconsin, Inc. and the National Marrow Donor Program"/>
  <contact>
    <name value="The Medical College of Wisconsin, Inc. and the National Marrow Donor Program"/>
    <telecom>
      <system value="url"/>
      <value value="http://www.cibmtr.org"/>
    </telecom>
  </contact>
  <contact>
    <name value="Bob Milius"/>
    <telecom>
      <system value="email"/>
      <value value="bmilius@nmdp.org"/>
    </telecom>
  </contact>
  <description value="RxNorm codes for Fludarabine "/>
  <compose>
    <include>
      <system value="http://www.nlm.nih.gov/research/umls/rxnorm"/>
      <concept>
        <code value="24698"/>
        <display value="fludarabine"/>
      </concept>
      <concept>
        <code value="877487"/>
        <display value="Oforta"/>
      </concept>
      <concept>
        <code value="1165043"/>
        <display value="fludarabine Injectable Product"/>
      </concept>
      <concept>
        <code value="1740863"/>
        <display value="fludarabine Injection"/>
      </concept>
      <concept>
        <code value="828708"/>
        <display value="fludarabine Oral Capsule"/>
      </concept>
      <concept>
        <code value="1165044"/>
        <display value="fludarabine Oral Product"/>
      </concept>
      <concept>
        <code value="393413"/>
        <display value="fludarabine Oral Tablet"/>
      </concept>
      <concept>
        <code value="828705"/>
        <display value="fludarabine phosphate 10 MG"/>
      </concept>
      <concept>
        <code value="328431"/>
        <display value="fludarabine phosphate 25 MG/ML"/>
      </concept>
      <concept>
        <code value="1740862"/>
        <display value="fludarabine phosphate 50 MG"/>
      </concept>
      <concept>
        <code value="1165045"/>
        <display value="fludarabine Pill"/>
      </concept>
    </include>
  </compose>
</ValueSet>