<?xml version="1.0" encoding="UTF-8"?><ValueSet xmlns="http://hl7.org/fhir"><id value="gvhdtype-valueset"/><text><status value="generated"/><div xmlns="http://www.w3.org/1999/xhtml"><p>This value set includes codes based on the following rules:</p><ul><li>Include codes from <a href="http://www.snomed.org/"><code>http://snomed.info/sct</code></a> where concept  is-a  234646005 (Graft versus host disease)</li><li>Include these codes as defined in <a href="CodeSystem-cibmtr-cadsr-vm.html"><code>http://cdebrowser.nci.nih.gov</code></a><table class="none"><tr><td style="white-space:nowrap"><b>Code</b></td><td><b>Display</b></td></tr><tr><td>CADSR:4722619</td><td>Acute GVHD</td></tr><tr><td>CADSR:2991794</td><td>Classic cGVHD</td></tr><tr><td>CADSR:2991796</td><td>Late Acute GVHD</td></tr><tr><td>CADSR:3261243</td><td>Not Applicable</td></tr><tr><td>CADSR:2991795</td><td>Overlap cGVHD</td></tr></table></li></ul></div></text><url value="http://fhir.nmdp.org/ig/cibmtr-reporting/ValueSet/gvhdtype-valueset"/><version value="0.1.3"/><name value="GVHDTypeValueSet"/><title value="GVHD Type Value Set"/><status value="active"/><date value="2021-03-15T17:28:36-05:00"/><publisher value="NMDP/Be The Match"/><contact><name value="NMDP/Be The Match"/><telecom><system value="url"/><value value="http://bethematch.org"/></telecom></contact><contact><name value="Bob Milius"/><telecom><system value="email"/><value value="bmilius@nmdp.org"/></telecom></contact><description value="Permissible values for types of Graft vs Host Disease, from NIH caDSR"/><compose><include><system value="http://snomed.info/sct"/><filter><property value="concept"/><op value="is-a"/><value value="234646005"/></filter></include><include><system value="http://cdebrowser.nci.nih.gov"/><concept><code value="CADSR:4722619"/><display value="Acute GVHD"/></concept><concept><code value="CADSR:2991794"/><display value="Classic cGVHD"/></concept><concept><code value="CADSR:2991796"/><display value="Late Acute GVHD"/></concept><concept><code value="CADSR:3261243"/><display value="Not Applicable"/></concept><concept><code value="CADSR:2991795"/><display value="Overlap cGVHD"/></concept></include></compose></ValueSet>