{"resourceType":"ValueSet","id":"gvhdtype-valueset","text":{"status":"generated","div":"<div xmlns=\"http://www.w3.org/1999/xhtml\"><p>This value set includes codes based on the following rules:</p><ul><li>Include codes from <a href=\"http://www.snomed.org/\"><code>http://snomed.info/sct</code></a> where concept  is-a  234646005 (Graft versus host disease)</li><li>Include all codes defined in <a href=\"CodeSystem-cibmtr-cadsr-vm.html\"><code>http://cdebrowser.nci.nih.gov</code></a></li></ul></div>"},"url":"http://fhir.nmdp.org/ig/cibmtr-reporting/ValueSet/gvhdtype-valueset","version":"0.1.5","name":"GVHDTypeValueSet","title":"GVHD Type Value Set","status":"active","date":"2022-09-02T15:43:08-05:00","publisher":"The Medical College of Wisconsin, Inc. and the National Marrow Donor Program","contact":[{"name":"The Medical College of Wisconsin, Inc. and the National Marrow Donor Program","telecom":[{"system":"url","value":"http://www.cibmtr.org"}]},{"name":"Bob Milius","telecom":[{"system":"email","value":"bmilius@nmdp.org"}]}],"description":"Permissible values for types of Graft vs Host Disease, from NIH caDSR","compose":{"include":[{"system":"http://snomed.info/sct","filter":[{"property":"concept","op":"is-a","value":"234646005"}]},{"system":"http://cdebrowser.nci.nih.gov"}]}}