{"resourceType":"ValueSet","id":"erythrocyte-morphology-blood-vs","text":{"status":"generated","div":"<div xmlns=\"http://www.w3.org/1999/xhtml\"><ul><li>Include these codes as defined in <a href=\"http://loinc.org\"><code>http://loinc.org</code></a><table class=\"none\"><tr><td style=\"white-space:nowrap\"><b>Code</b></td><td><b>Display</b></td></tr><tr><td><a href=\"https://loinc.org/7789-1/\">7789-1</a></td><td>Acanthocytes [Presence] in Blood by Light microscopy</td></tr><tr><td><a href=\"https://loinc.org/702-1/\">702-1</a></td><td>Anisocytosis [Presence] in Blood by Light microscopy</td></tr><tr><td><a href=\"https://loinc.org/703-9/\">703-9</a></td><td>Basophilic stippling [Presence] in Blood by Light microscopy</td></tr><tr><td><a href=\"https://loinc.org/10371-3/\">10371-3</a></td><td>Bite cells [Presence] in Blood by Light microscopy</td></tr><tr><td><a href=\"https://loinc.org/10372-1/\">10372-1</a></td><td>Blister cells [Presence] in Blood by Light microscopy</td></tr><tr><td><a href=\"https://loinc.org/7790-9/\">7790-9</a></td><td>Burr cells [Presence] in Blood by Light microscopy</td></tr><tr><td><a href=\"https://loinc.org/11280-5/\">11280-5</a></td><td>Cabot rings [Presence] in Blood by Light microscopy</td></tr><tr><td><a href=\"https://loinc.org/7791-7/\">7791-7</a></td><td>Dacrocytes [Presence] in Blood by Light microscopy</td></tr><tr><td><a href=\"https://loinc.org/11274-8/\">11274-8</a></td><td>Elliptocytes [Presence] in Blood by Light microscopy</td></tr><tr><td><a href=\"https://loinc.org/49121-7/\">49121-7</a></td><td>Erythrocyte inclusion bodies [Identifier] in Blood</td></tr><tr><td><a href=\"https://loinc.org/10379-6/\">10379-6</a></td><td>Erythrocytes.dual population [Presence] in Blood by Light microscopy</td></tr><tr><td><a href=\"https://loinc.org/10373-9/\">10373-9</a></td><td>Fragments [Presence] in Blood by Light microscopy</td></tr><tr><td><a href=\"https://loinc.org/716-1/\">716-1</a></td><td>Heinz bodies [Presence] in Blood by Light microscopy</td></tr><tr><td><a href=\"https://loinc.org/10374-7/\">10374-7</a></td><td>Helmet cells [Presence] in Blood by Light microscopy</td></tr><tr><td><a href=\"https://loinc.org/7793-3/\">7793-3</a></td><td>Howell-Jolly bodies [Presence] in Blood by Light microscopy</td></tr><tr><td><a href=\"https://loinc.org/33249-4/\">33249-4</a></td><td>Hyperchromia [Presence] in Blood by Light microscopy</td></tr><tr><td><a href=\"https://loinc.org/728-6/\">728-6</a></td><td>Hypochromia [Presence] in Blood by Light microscopy</td></tr><tr><td><a href=\"https://loinc.org/10375-4/\">10375-4</a></td><td>Irregularly contracted cells [Presence] in Blood by Light microscopy</td></tr><tr><td><a href=\"https://loinc.org/738-5/\">738-5</a></td><td>Macrocytes [Presence] in Blood by Light microscopy</td></tr><tr><td><a href=\"https://loinc.org/10376-2/\">10376-2</a></td><td>Oval macrocytes [Presence] in Blood by Light microscopy</td></tr><tr><td><a href=\"https://loinc.org/741-9/\">741-9</a></td><td>Microcytes [Presence] in Blood by Light microscopy</td></tr><tr><td><a href=\"https://loinc.org/33364-1/\">33364-1</a></td><td>Normochromic [Presence] in Blood by Light microscopy</td></tr><tr><td><a href=\"https://loinc.org/33363-3/\">33363-3</a></td><td>Normocytic [Presence] in Blood by Light microscopy</td></tr><tr><td><a href=\"https://loinc.org/7794-1/\">7794-1</a></td><td>Normocytic/Normochromic polychromasia [Presence] in Blood by Light microscopy</td></tr><tr><td><a href=\"https://loinc.org/774-0/\">774-0</a></td><td>Ovalocytes [Presence] in Blood by Light microscopy</td></tr><tr><td><a href=\"https://loinc.org/7795-8/\">7795-8</a></td><td>Pappenheimer bodies [Presence] in Blood by Light microscopy</td></tr><tr><td><a href=\"https://loinc.org/10377-0/\">10377-0</a></td><td>Pencil cells [Presence] in Blood by Light microscopy</td></tr><tr><td><a href=\"https://loinc.org/779-9/\">779-9</a></td><td>Poikilocytosis [Presence] in Blood by Light microscopy</td></tr><tr><td><a href=\"https://loinc.org/10378-8/\">10378-8</a></td><td>Polychromasia [Presence] in Blood by Light microscopy</td></tr><tr><td><a href=\"https://loinc.org/50260-9/\">50260-9</a></td><td>Prekeratocytes [Presence] in Blood by Light microscopy</td></tr><tr><td><a href=\"https://loinc.org/33044-9/\">33044-9</a></td><td>Pyknosis [Presence] in Blood by Light microscopy</td></tr><tr><td><a href=\"https://loinc.org/7797-4/\">7797-4</a></td><td>Rouleaux [Presence] in Blood by Light microscopy</td></tr><tr><td><a href=\"https://loinc.org/800-3/\">800-3</a></td><td>Schistocytes [Presence] in Blood by Light microscopy</td></tr><tr><td><a href=\"https://loinc.org/801-1/\">801-1</a></td><td>Sickle cells [Presence] in Blood by Light microscopy</td></tr><tr><td><a href=\"https://loinc.org/802-9/\">802-9</a></td><td>Spherocytes [Presence] in Blood by Light microscopy</td></tr><tr><td><a href=\"https://loinc.org/10380-4/\">10380-4</a></td><td>Stomatocytes [Presence] in Blood by Light microscopy</td></tr><tr><td><a href=\"https://loinc.org/10381-2/\">10381-2</a></td><td>Target cells [Presence] in Blood by Light microscopy</td></tr><tr><td><a href=\"https://loinc.org/6742-1/\">6742-1</a></td><td>Erythrocyte morphology finding [Identifier] in Blood</td></tr></table></li></ul></div>"},"url":"http://fhir.nmdp.org/ig/cibmtr-reporting/ValueSet/erythrocyte-morphology-blood-vs","version":"0.1.5","name":"ErythrocyteMorphologyBloodVS","title":"Erythrocyte morphology panel - Blood (58408-6)","status":"active","experimental":true,"date":"2023-03-28T10:36:55-05:00","publisher":"The Medical College of Wisconsin, Inc. and the National Marrow Donor Program","contact":[{"name":"The Medical College of Wisconsin, Inc. and the National Marrow Donor Program","telecom":[{"system":"url","value":"http://www.cibmtr.org"}]},{"name":"Bob Milius","telecom":[{"system":"email","value":"bmilius@nmdp.org"}]}],"description":"Erythrocyte morphology panel - Blood (58408-6)","compose":{"include":[{"system":"http://loinc.org","concept":[{"code":"7789-1","display":"Acanthocytes [Presence] in Blood by Light microscopy"},{"code":"702-1","display":"Anisocytosis [Presence] in Blood by Light microscopy"},{"code":"703-9","display":"Basophilic stippling [Presence] in Blood by Light microscopy"},{"code":"10371-3","display":"Bite cells [Presence] in Blood by Light microscopy"},{"code":"10372-1","display":"Blister cells [Presence] in Blood by Light microscopy"},{"code":"7790-9","display":"Burr cells [Presence] in Blood by Light microscopy"},{"code":"11280-5","display":"Cabot rings [Presence] in Blood by Light microscopy"},{"code":"7791-7","display":"Dacrocytes [Presence] in Blood by Light microscopy"},{"code":"11274-8","display":"Elliptocytes [Presence] in Blood by Light microscopy"},{"code":"49121-7","display":"Erythrocyte inclusion bodies [Identifier] in Blood"},{"code":"10379-6","display":"Erythrocytes.dual population [Presence] in Blood by Light microscopy"},{"code":"10373-9","display":"Fragments [Presence] in Blood by Light microscopy"},{"code":"716-1","display":"Heinz bodies [Presence] in Blood by Light microscopy"},{"code":"10374-7","display":"Helmet cells [Presence] in Blood by Light microscopy"},{"code":"7793-3","display":"Howell-Jolly bodies [Presence] in Blood by Light microscopy"},{"code":"33249-4","display":"Hyperchromia [Presence] in Blood by Light microscopy"},{"code":"728-6","display":"Hypochromia [Presence] in Blood by Light microscopy"},{"code":"10375-4","display":"Irregularly contracted cells [Presence] in Blood by Light microscopy"},{"code":"738-5","display":"Macrocytes [Presence] in Blood by Light microscopy"},{"code":"10376-2","display":"Oval macrocytes [Presence] in Blood by Light microscopy"},{"code":"741-9","display":"Microcytes [Presence] in Blood by Light microscopy"},{"code":"33364-1","display":"Normochromic [Presence] in Blood by Light microscopy"},{"code":"33363-3","display":"Normocytic [Presence] in Blood by Light microscopy"},{"code":"7794-1","display":"Normocytic/Normochromic polychromasia [Presence] in Blood by Light microscopy"},{"code":"774-0","display":"Ovalocytes [Presence] in Blood by Light microscopy"},{"code":"7795-8","display":"Pappenheimer bodies [Presence] in Blood by Light microscopy"},{"code":"10377-0","display":"Pencil cells [Presence] in Blood by Light microscopy"},{"code":"779-9","display":"Poikilocytosis [Presence] in Blood by Light microscopy"},{"code":"10378-8","display":"Polychromasia [Presence] in Blood by Light microscopy"},{"code":"50260-9","display":"Prekeratocytes [Presence] in Blood by Light microscopy"},{"code":"33044-9","display":"Pyknosis [Presence] in Blood by Light microscopy"},{"code":"7797-4","display":"Rouleaux [Presence] in Blood by Light microscopy"},{"code":"800-3","display":"Schistocytes [Presence] in Blood by Light microscopy"},{"code":"801-1","display":"Sickle cells [Presence] in Blood by Light microscopy"},{"code":"802-9","display":"Spherocytes [Presence] in Blood by Light microscopy"},{"code":"10380-4","display":"Stomatocytes [Presence] in Blood by Light microscopy"},{"code":"10381-2","display":"Target cells [Presence] in Blood by Light microscopy"},{"code":"6742-1","display":"Erythrocyte morphology finding [Identifier] in Blood"}]}]}}