{"resourceType":"ValueSet","id":"auto-differential-blood-vs","text":{"status":"generated","div":"<div xmlns=\"http://www.w3.org/1999/xhtml\"><ul><li>Include these codes as defined in <a href=\"http://loinc.org\"><code>http://loinc.org</code></a><table class=\"none\"><tr><td style=\"white-space:nowrap\"><b>Code</b></td><td><b>Display</b></td></tr><tr><td><a href=\"http://details.loinc.org/LOINC/770-8.html\">770-8</a></td><td>Neutrophils/100 leukocytes in Blood by Automated count</td></tr><tr><td><a href=\"http://details.loinc.org/LOINC/35332-6.html\">35332-6</a></td><td>Band form neutrophils/100 leukocytes in Blood by Automated count</td></tr><tr><td><a href=\"http://details.loinc.org/LOINC/19023-1.html\">19023-1</a></td><td>Granulocytes/100 leukocytes in Blood by Automated count</td></tr><tr><td><a href=\"http://details.loinc.org/LOINC/736-9.html\">736-9</a></td><td>Lymphocytes/100 leukocytes in Blood by Automated count</td></tr><tr><td><a href=\"http://details.loinc.org/LOINC/42250-1.html\">42250-1</a></td><td>Variant lymphocytes/100 leukocytes in Blood by Automated count</td></tr><tr><td><a href=\"http://details.loinc.org/LOINC/5905-5.html\">5905-5</a></td><td>Monocytes/100 leukocytes in Blood by Automated count</td></tr><tr><td><a href=\"http://details.loinc.org/LOINC/713-8.html\">713-8</a></td><td>Eosinophils/100 leukocytes in Blood by Automated count</td></tr><tr><td><a href=\"http://details.loinc.org/LOINC/706-2.html\">706-2</a></td><td>Basophils/100 leukocytes in Blood by Automated count</td></tr><tr><td><a href=\"http://details.loinc.org/LOINC/58409-4.html\">58409-4</a></td><td>Other cells/100 leukocytes in Blood by Automated count</td></tr><tr><td><a href=\"http://details.loinc.org/LOINC/751-8.html\">751-8</a></td><td>Neutrophils [#/volume] in Blood by Automated count</td></tr><tr><td><a href=\"http://details.loinc.org/LOINC/30229-9.html\">30229-9</a></td><td>Band form neutrophils [#/volume] in Blood by Automated count</td></tr><tr><td><a href=\"http://details.loinc.org/LOINC/731-0.html\">731-0</a></td><td>Lymphocytes [#/volume] in Blood by Automated count</td></tr><tr><td><a href=\"http://details.loinc.org/LOINC/43743-4.html\">43743-4</a></td><td>Variant lymphocytes [#/volume] in Blood by Automated count</td></tr><tr><td><a href=\"http://details.loinc.org/LOINC/742-7.html\">742-7</a></td><td>Monocytes [#/volume] in Blood by Automated count</td></tr><tr><td><a href=\"http://details.loinc.org/LOINC/711-2.html\">711-2</a></td><td>Eosinophils [#/volume] in Blood by Automated count</td></tr><tr><td><a href=\"http://details.loinc.org/LOINC/704-7.html\">704-7</a></td><td>Basophils [#/volume] in Blood by Automated count</td></tr><tr><td><a href=\"http://details.loinc.org/LOINC/51383-8.html\">51383-8</a></td><td>Leukocytes other [#/volume] in Blood by Automated count</td></tr><tr><td><a href=\"http://details.loinc.org/LOINC/58443-3.html\">58443-3</a></td><td>Other cells [#/volume] in Blood by Automated count</td></tr></table></li></ul></div>"},"url":"http://fhir.nmdp.org/ig/cibmtr-reporting/ValueSet/auto-differential-blood-vs","version":"0.1.5","name":"AutoDifferentialBloodVS","title":"Auto Differential panel - Blood (57023-4)","status":"active","date":"2022-09-02T15:43:08-05:00","publisher":"The Medical College of Wisconsin, Inc. and the National Marrow Donor Program","contact":[{"name":"The Medical College of Wisconsin, Inc. and the National Marrow Donor Program","telecom":[{"system":"url","value":"http://www.cibmtr.org"}]},{"name":"Bob Milius","telecom":[{"system":"email","value":"bmilius@nmdp.org"}]}],"description":"Auto Differential panel - Blood (57023-4)","compose":{"include":[{"system":"http://loinc.org","concept":[{"code":"770-8","display":"Neutrophils/100 leukocytes in Blood by Automated count"},{"code":"35332-6","display":"Band form neutrophils/100 leukocytes in Blood by Automated count"},{"code":"19023-1","display":"Granulocytes/100 leukocytes in Blood by Automated count"},{"code":"736-9","display":"Lymphocytes/100 leukocytes in Blood by Automated count"},{"code":"42250-1","display":"Variant lymphocytes/100 leukocytes in Blood by Automated count"},{"code":"5905-5","display":"Monocytes/100 leukocytes in Blood by Automated count"},{"code":"713-8","display":"Eosinophils/100 leukocytes in Blood by Automated count"},{"code":"706-2","display":"Basophils/100 leukocytes in Blood by Automated count"},{"code":"58409-4","display":"Other cells/100 leukocytes in Blood by Automated count"},{"code":"751-8","display":"Neutrophils [#/volume] in Blood by Automated count"},{"code":"30229-9","display":"Band form neutrophils [#/volume] in Blood by Automated count"},{"code":"731-0","display":"Lymphocytes [#/volume] in Blood by Automated count"},{"code":"43743-4","display":"Variant lymphocytes [#/volume] in Blood by Automated count"},{"code":"742-7","display":"Monocytes [#/volume] in Blood by Automated count"},{"code":"711-2","display":"Eosinophils [#/volume] in Blood by Automated count"},{"code":"704-7","display":"Basophils [#/volume] in Blood by Automated count"},{"code":"51383-8","display":"Leukocytes other [#/volume] in Blood by Automated count"},{"code":"58443-3","display":"Other cells [#/volume] in Blood by Automated count"}]}]}}