{
  "resourceType" : "Medication",
  "id" : "Medication-Cyclophosphamide-Example",
  "meta" : {
    "profile" : ["http://fhir.nmdp.org/ig/cibmtr-reporting/StructureDefinition/cibmtr-medication"],
    "security" : [{
      "system" : "http://terminology.cibmtr.org/codesystem/transplant-center",
      "code" : "rc_99999",
      "display" : "99999 My Transplant Center"
    }]
  },
  "text" : {
    "status" : "generated",
    "div" : "<div xmlns=\"http://www.w3.org/1999/xhtml\"><p class=\"res-header-id\"><b>Generated Narrative: Medication Medication-Cyclophosphamide-Example</b></p><a name=\"Medication-Cyclophosphamide-Example\"> </a><a name=\"hcMedication-Cyclophosphamide-Example\"> </a><a name=\"Medication-Cyclophosphamide-Example-en-US\"> </a><p><b>code</b>: <span title=\"Codes:{http://www.nlm.nih.gov/research/umls/rxnorm 3002}, {http://www.nlm.nih.gov/research/umls/rxnorm 1545988}, {http://www.nlm.nih.gov/research/umls/rxnorm 1734919}\">CYCLOPHOSPHAMIDE 1 G IJ SOLR</span></p><h3>Ingredients</h3><table class=\"grid\"><tr><td style=\"display: none\">-</td><td><b>Item[x]</b></td><td><b>Strength</b></td></tr><tr><td style=\"display: none\">*</td><td><span title=\"Codes:{http://www.nlm.nih.gov/research/umls/rxnorm 3002}, {http://www.nlm.nih.gov/research/umls/rxnorm 1545988}, {http://www.nlm.nih.gov/research/umls/rxnorm 1734919}\">CYCLOPHOSPHAMIDE 1 G IJ SOLR</span></td><td>1 gram<span style=\"background: LightGoldenRodYellow\"> (Details: UCUM  codeg = 'g')</span>/1 gram<span style=\"background: LightGoldenRodYellow\"> (Details: UCUM  codeg = 'g')</span></td></tr></table></div>"
  },
  "code" : {
    "coding" : [{
      "system" : "http://www.nlm.nih.gov/research/umls/rxnorm",
      "code" : "3002",
      "display" : "cyclophosphamide"
    },
    {
      "system" : "http://www.nlm.nih.gov/research/umls/rxnorm",
      "code" : "1545988",
      "display" : "cyclophosphamide anhydrous"
    },
    {
      "system" : "http://www.nlm.nih.gov/research/umls/rxnorm",
      "code" : "1734919",
      "display" : "cyclophosphamide 1000 MG Injection"
    }],
    "text" : "CYCLOPHOSPHAMIDE 1 G IJ SOLR"
  },
  "ingredient" : [{
    "itemCodeableConcept" : {
      "coding" : [{
        "system" : "http://www.nlm.nih.gov/research/umls/rxnorm",
        "code" : "3002",
        "display" : "cyclophosphamide"
      },
      {
        "system" : "http://www.nlm.nih.gov/research/umls/rxnorm",
        "code" : "1545988",
        "display" : "cyclophosphamide anhydrous"
      },
      {
        "system" : "http://www.nlm.nih.gov/research/umls/rxnorm",
        "code" : "1734919",
        "display" : "cyclophosphamide 1000 MG Injection"
      }],
      "text" : "CYCLOPHOSPHAMIDE 1 G IJ SOLR"
    },
    "strength" : {
      "numerator" : {
        "value" : 1,
        "unit" : "gram",
        "system" : "http://unitsofmeasure.org",
        "code" : "g"
      },
      "denominator" : {
        "value" : 1,
        "unit" : "gram",
        "system" : "http://unitsofmeasure.org",
        "code" : "g"
      }
    }
  }]
}