{
  "resourceType" : "Observation",
  "id" : "HeightObservation",
  "meta" : {
    "profile" : ["http://fhir.nmdp.org/ig/cibmtr-reporting/StructureDefinition/cibmtr-obs-priority-variables"],
    "security" : [{
      "system" : "http://terminology.cibmtr.org/codesystem/transplant-center",
      "code" : "rc_99999",
      "display" : "99999 My Transplant Center"
    }]
  },
  "text" : {
    "status" : "generated",
    "div" : "<div xmlns=\"http://www.w3.org/1999/xhtml\"><p class=\"res-header-id\"><b>Generated Narrative: Observation HeightObservation</b></p><a name=\"HeightObservation\"> </a><a name=\"hcHeightObservation\"> </a><a name=\"HeightObservation-en-US\"> </a><p><b>status</b>: Final</p><p><b>category</b>: <span title=\"Codes:{http://terminology.hl7.org/CodeSystem/observation-category laboratory}\">Laboratory</span></p><p><b>code</b>: <span title=\"Codes:{http://loinc.org 8302-2}\">Body height</span></p><p><b>subject</b>: <a href=\"Patient-PatientExample6.html\"> Female, DoB Unknown ( http://terminology.cibmtr.org/identifier/CRID#123456)</a></p><p><b>effective</b>: 2020-07-21 14:17:00+0000</p><p><b>value</b>: 175 centimeter<span style=\"background: LightGoldenRodYellow\"> (Details: UCUM  codecm = 'cm')</span></p></div>"
  },
  "status" : "final",
  "category" : [{
    "coding" : [{
      "system" : "http://terminology.hl7.org/CodeSystem/observation-category",
      "code" : "laboratory"
    }]
  }],
  "code" : {
    "coding" : [{
      "system" : "http://loinc.org",
      "code" : "8302-2",
      "display" : "Body height"
    }]
  },
  "subject" : {
    "reference" : "Patient/PatientExample6"
  },
  "effectiveDateTime" : "2020-07-21T14:17:00Z",
  "valueQuantity" : {
    "value" : 175,
    "unit" : "centimeter",
    "system" : "http://unitsofmeasure.org",
    "code" : "cm"
  }
}