{
  "resourceType": "Medication",
  "id": "Medication-Peri-Transplant-Example",
  "meta": {
    "profile": [
      "http://fhir.nmdp.org/ig/cibmtr-reporting/StructureDefinition/cibmtr-additional-peri-transplant-medication"
    ],
    "security": [
      {
        "system": "http://terminology.nmdp.org/codesystem/transplant-center",
        "code": "rc_99999",
        "display": "99999 My Transplant Center"
      }
    ]
  },
  "text": {
    "status": "generated",
    "div": "<div xmlns=\"http://www.w3.org/1999/xhtml\"><p><b>Generated Narrative</b></p><div style=\"display: inline-block; background-color: #d9e0e7; padding: 6px; margin: 4px; border: 1px solid #8da1b4; border-radius: 5px; line-height: 60%\"><p style=\"margin-bottom: 0px\">Resource \"Medication-Peri-Transplant-Example\" </p><p style=\"margin-bottom: 0px\">Profile: <a href=\"StructureDefinition-cibmtr-additional-peri-transplant-medication.html\">CIBMTR Additional Drugs in Peri-Transplant Period</a></p><p style=\"margin-bottom: 0px\">Security Labels: <span title=\"{http://terminology.nmdp.org/codesystem/transplant-center http://terminology.nmdp.org/codesystem/transplant-center}\">http://terminology.nmdp.org/codesystem/transplant-center</span></p></div><p><b>code</b>: anti-thymocyte globulin Injection <span style=\"background: LightGoldenRodYellow; margin: 4px; border: 1px solid khaki\"> (<a href=\"http://terminology.hl7.org/3.1.0/CodeSystem-v3-rxNorm.html\">RxNorm</a>#2282515 \"lymphocyte immune globulin, anti-thymocyte globulin Injectable Product\"; <a href=\"http://terminology.hl7.org/3.1.0/CodeSystem-v3-rxNorm.html\">RxNorm</a>#2282516 \"lymphocyte immune globulin, anti-thymocyte globulin Injection\"; <a href=\"http://terminology.hl7.org/3.1.0/CodeSystem-v3-rxNorm.html\">RxNorm</a>#2282518 \"lymphocyte immune globulin, anti-thymocyte globulin, equine 50 MG/ML [ATGAM]\"; <a href=\"http://terminology.hl7.org/3.1.0/CodeSystem-v3-rxNorm.html\">RxNorm</a>#2282519 \"lymphocyte immune globulin, anti-thymocyte globulin Injection [ATGAM]\")</span></p><h3>Ingredients</h3><table class=\"grid\"><tr><td>-</td><td><b>Item[x]</b></td><td><b>Strength</b></td></tr><tr><td>*</td><td>anti-thymocyte globulin Injection <span style=\"background: LightGoldenRodYellow; margin: 4px; border: 1px solid khaki\"> (<a href=\"http://terminology.hl7.org/3.1.0/CodeSystem-v3-rxNorm.html\">RxNorm</a>#2282515 \"lymphocyte immune globulin, anti-thymocyte globulin Injectable Product\"; <a href=\"http://terminology.hl7.org/3.1.0/CodeSystem-v3-rxNorm.html\">RxNorm</a>#2282516 \"lymphocyte immune globulin, anti-thymocyte globulin Injection\"; <a href=\"http://terminology.hl7.org/3.1.0/CodeSystem-v3-rxNorm.html\">RxNorm</a>#2282518 \"lymphocyte immune globulin, anti-thymocyte globulin, equine 50 MG/ML [ATGAM]\"; <a href=\"http://terminology.hl7.org/3.1.0/CodeSystem-v3-rxNorm.html\">RxNorm</a>#2282519 \"lymphocyte immune globulin, anti-thymocyte globulin Injection [ATGAM]\")</span></td><td>50 milligram<span style=\"background: LightGoldenRodYellow\"> (Details: UCUM code mg = 'mg')</span>/1 milliliter<span style=\"background: LightGoldenRodYellow\"> (Details: UCUM code mL = 'mL')</span></td></tr></table></div>"
  },
  "code": {
    "coding": [
      {
        "system": "http://www.nlm.nih.gov/research/umls/rxnorm",
        "code": "2282515",
        "display": "lymphocyte immune globulin, anti-thymocyte globulin Injectable Product"
      },
      {
        "system": "http://www.nlm.nih.gov/research/umls/rxnorm",
        "code": "2282516",
        "display": "lymphocyte immune globulin, anti-thymocyte globulin Injection"
      },
      {
        "system": "http://www.nlm.nih.gov/research/umls/rxnorm",
        "code": "2282518",
        "display": "lymphocyte immune globulin, anti-thymocyte globulin, equine 50 MG/ML [ATGAM]"
      },
      {
        "system": "http://www.nlm.nih.gov/research/umls/rxnorm",
        "code": "2282519",
        "display": "lymphocyte immune globulin, anti-thymocyte globulin Injection [ATGAM]"
      }
    ],
    "text": "anti-thymocyte globulin Injection"
  },
  "ingredient": [
    {
      "itemCodeableConcept": {
        "coding": [
          {
            "system": "http://www.nlm.nih.gov/research/umls/rxnorm",
            "code": "2282515",
            "display": "lymphocyte immune globulin, anti-thymocyte globulin Injectable Product"
          },
          {
            "system": "http://www.nlm.nih.gov/research/umls/rxnorm",
            "code": "2282516",
            "display": "lymphocyte immune globulin, anti-thymocyte globulin Injection"
          },
          {
            "system": "http://www.nlm.nih.gov/research/umls/rxnorm",
            "code": "2282518",
            "display": "lymphocyte immune globulin, anti-thymocyte globulin, equine 50 MG/ML [ATGAM]"
          },
          {
            "system": "http://www.nlm.nih.gov/research/umls/rxnorm",
            "code": "2282519",
            "display": "lymphocyte immune globulin, anti-thymocyte globulin Injection [ATGAM]"
          }
        ],
        "text": "anti-thymocyte globulin Injection"
      },
      "strength": {
        "numerator": {
          "value": 50,
          "unit": "milligram",
          "system": "http://unitsofmeasure.org",
          "code": "mg"
        },
        "denominator": {
          "value": 1,
          "unit": "milliliter",
          "system": "http://unitsofmeasure.org",
          "code": "mL"
        }
      }
    }
  ]
}