{
  "resourceType" : "ValueSet",
  "id" : "med-busulfan-vs",
  "text" : {
    "status" : "generated",
    "div" : "<div xmlns=\"http://www.w3.org/1999/xhtml\"><ul><li>Include these codes as defined in <a href=\"http://www.nlm.nih.gov/research/umls/rxnorm\"><code>http://www.nlm.nih.gov/research/umls/rxnorm</code></a><table class=\"none\"><tr><td style=\"white-space:nowrap\"><b>Code</b></td><td><b>Display</b></td></tr><tr><td>1828</td><td>busulfan</td></tr><tr><td>284676</td><td>Busulfex</td></tr><tr><td>203010</td><td>Myleran</td></tr><tr><td>284425</td><td>10 ML busulfan 6 MG/ML Injection [Busulfex]</td></tr><tr><td>332701</td><td>busulfan 0.5 MG</td></tr><tr><td>564077</td><td>busulfan 0.5 MG [Myleran]</td></tr><tr><td>105550</td><td>busulfan 0.5 MG Oral Tablet [Myleran]</td></tr><tr><td>317620</td><td>busulfan 2 MG</td></tr><tr><td>564078</td><td>busulfan 2 MG [Myleran]</td></tr><tr><td>105551</td><td>busulfan 2 MG Oral Tablet [Myleran]</td></tr><tr><td>315503</td><td>busulfan 6 MG/ML</td></tr><tr><td>574864</td><td>busulfan 6 MG/ML [Busulfex]</td></tr><tr><td>1729356</td><td>busulfan 6 MG/ML Injection [Busulfex]</td></tr><tr><td>1151374</td><td>busulfan Injectable Product</td></tr><tr><td>1729351</td><td>busulfan Injection</td></tr><tr><td>1729353</td><td>busulfan Injection [Busulfex]</td></tr><tr><td>1151375</td><td>busulfan Oral Product</td></tr><tr><td>371165</td><td>busulfan Oral Tablet</td></tr><tr><td>368542</td><td>busulfan Oral Tablet [Myleran]</td></tr><tr><td>1151376</td><td>busulfan Pill</td></tr><tr><td>1168702</td><td>Busulfex Injectable Product</td></tr><tr><td>1185666</td><td>Myleran Oral Product</td></tr><tr><td>1185667</td><td>Myleran Pill</td></tr></table></li></ul></div>"
  },
  "url" : "http://fhir.nmdp.org/ig/cibmtr-reporting/ValueSet/med-busulfan-vs",
  "version" : "0.1.6",
  "name" : "RxNormBusulfanVS",
  "title" : "RxNorm - Busulfan",
  "status" : "active",
  "experimental" : true,
  "date" : "2023-05-04T21:27:58-05:00",
  "publisher" : "The Medical College of Wisconsin, Inc. and the National Marrow Donor Program",
  "contact" : [{
    "name" : "The Medical College of Wisconsin, Inc. and the National Marrow Donor Program",
    "telecom" : [{
      "system" : "url",
      "value" : "http://www.cibmtr.org"
    }]
  },
  {
    "name" : "Bob Milius",
    "telecom" : [{
      "system" : "email",
      "value" : "bmilius@nmdp.org"
    }]
  }],
  "description" : "RxNorm codes for Busulfan",
  "compose" : {
    "include" : [{
      "system" : "http://www.nlm.nih.gov/research/umls/rxnorm",
      "concept" : [{
        "code" : "1828",
        "display" : "busulfan"
      },
      {
        "code" : "284676",
        "display" : "Busulfex"
      },
      {
        "code" : "203010",
        "display" : "Myleran"
      },
      {
        "code" : "284425",
        "display" : "10 ML busulfan 6 MG/ML Injection [Busulfex]"
      },
      {
        "code" : "332701",
        "display" : "busulfan 0.5 MG"
      },
      {
        "code" : "564077",
        "display" : "busulfan 0.5 MG [Myleran]"
      },
      {
        "code" : "105550",
        "display" : "busulfan 0.5 MG Oral Tablet [Myleran]"
      },
      {
        "code" : "317620",
        "display" : "busulfan 2 MG"
      },
      {
        "code" : "564078",
        "display" : "busulfan 2 MG [Myleran]"
      },
      {
        "code" : "105551",
        "display" : "busulfan 2 MG Oral Tablet [Myleran]"
      },
      {
        "code" : "315503",
        "display" : "busulfan 6 MG/ML"
      },
      {
        "code" : "574864",
        "display" : "busulfan 6 MG/ML [Busulfex]"
      },
      {
        "code" : "1729356",
        "display" : "busulfan 6 MG/ML Injection [Busulfex]"
      },
      {
        "code" : "1151374",
        "display" : "busulfan Injectable Product"
      },
      {
        "code" : "1729351",
        "display" : "busulfan Injection"
      },
      {
        "code" : "1729353",
        "display" : "busulfan Injection [Busulfex]"
      },
      {
        "code" : "1151375",
        "display" : "busulfan Oral Product"
      },
      {
        "code" : "371165",
        "display" : "busulfan Oral Tablet"
      },
      {
        "code" : "368542",
        "display" : "busulfan Oral Tablet [Myleran]"
      },
      {
        "code" : "1151376",
        "display" : "busulfan Pill"
      },
      {
        "code" : "1168702",
        "display" : "Busulfex Injectable Product"
      },
      {
        "code" : "1185666",
        "display" : "Myleran Oral Product"
      },
      {
        "code" : "1185667",
        "display" : "Myleran Pill"
      }]
    }]
  }
}