{
  "resourceType": "ValueSet",
  "id": "med-rituximab-vs",
  "text": {
    "status": "generated",
    "div": "<div xmlns=\"http://www.w3.org/1999/xhtml\"><ul><li>Include these codes as defined in <a href=\"http://www.nlm.nih.gov/research/umls/rxnorm\"><code>http://www.nlm.nih.gov/research/umls/rxnorm</code></a><table class=\"none\"><tr><td style=\"white-space:nowrap\"><b>Code</b></td><td><b>Display</b></td></tr><tr><td>226754</td><td>Rituxan</td></tr><tr><td>121191</td><td>rituximab</td></tr><tr><td>2105824</td><td>rituximab-abbs</td></tr><tr><td>2105827</td><td>Truxima</td></tr><tr><td>2472325</td><td>rituximab-arrx</td></tr><tr><td>2273510</td><td>rituximab-pvvr</td></tr><tr><td>2472328</td><td>Riabni</td></tr><tr><td>1927886</td><td>Rituxan Hycela</td></tr><tr><td>2273513</td><td>Ruxience</td></tr><tr><td>1657864</td><td>10 ML rituximab 10 MG/ML Injection [Rituxan]</td></tr><tr><td>2105831</td><td>10 ML rituximab-abbs 10 MG/ML Injection [Truxima]</td></tr><tr><td>1657868</td><td>50 ML rituximab 10 MG/ML Injection [Rituxan]</td></tr><tr><td>2105835</td><td>50 ML rituximab-abbs 10 MG/ML Injection [Truxima]</td></tr><tr><td>1927882</td><td>hyaluronidase / rituximab Injectable Product</td></tr><tr><td>1927883</td><td>hyaluronidase / rituximab Injection</td></tr><tr><td>1185345</td><td>Rituxan Injectable Product</td></tr><tr><td>316648</td><td>rituximab 10 MG/ML</td></tr><tr><td>573051</td><td>rituximab 10 MG/ML [Rituxan]</td></tr><tr><td>1657866</td><td>rituximab 10 MG/ML Injection [Rituxan]</td></tr><tr><td>1927881</td><td>rituximab 120 MG/ML</td></tr><tr><td>1157967</td><td>rituximab Injectable Product</td></tr><tr><td>1657861</td><td>rituximab Injection</td></tr><tr><td>1657863</td><td>rituximab Injection [Rituxan]</td></tr><tr><td>2105829</td><td>rituximab Injection [Truxima]</td></tr><tr><td>2105828</td><td>rituximab-abbs 10 MG/ML [Truxima]</td></tr><tr><td>2105833</td><td>rituximab-abbs 10 MG/ML Injection [Truxima]</td></tr><tr><td>2472326</td><td>rituximab-arrx 10 MG/ML</td></tr><tr><td>2273511</td><td>rituximab-pvvr 10 MG/ML</td></tr><tr><td>2105830</td><td>Truxima Injectable Product</td></tr><tr><td>2105825</td><td>rituximab-abbs 10 MG/ML</td></tr></table></li></ul></div>"
  },
  "url": "http://fhir.nmdp.org/ig/cibmtr-reporting/ValueSet/med-rituximab-vs",
  "version": "0.1.5",
  "name": "RxNormRituximabVS",
  "title": "RxNorm - Rituximab",
  "status": "active",
  "date": "2022-11-09T13:32:08-06:00",
  "publisher": "The Medical College of Wisconsin, Inc. and the National Marrow Donor Program",
  "contact": [
    {
      "name": "The Medical College of Wisconsin, Inc. and the National Marrow Donor Program",
      "telecom": [
        {
          "system": "url",
          "value": "http://www.cibmtr.org"
        }
      ]
    },
    {
      "name": "Bob Milius",
      "telecom": [
        {
          "system": "email",
          "value": "bmilius@nmdp.org"
        }
      ]
    }
  ],
  "description": "RxNorm codes for Rituximab",
  "compose": {
    "include": [
      {
        "system": "http://www.nlm.nih.gov/research/umls/rxnorm",
        "concept": [
          {
            "code": "226754",
            "display": "Rituxan"
          },
          {
            "code": "121191",
            "display": "rituximab"
          },
          {
            "code": "2105824",
            "display": "rituximab-abbs"
          },
          {
            "code": "2105827",
            "display": "Truxima"
          },
          {
            "code": "2472325",
            "display": "rituximab-arrx"
          },
          {
            "code": "2273510",
            "display": "rituximab-pvvr"
          },
          {
            "code": "2472328",
            "display": "Riabni"
          },
          {
            "code": "1927886",
            "display": "Rituxan Hycela"
          },
          {
            "code": "2273513",
            "display": "Ruxience"
          },
          {
            "code": "1657864",
            "display": "10 ML rituximab 10 MG/ML Injection [Rituxan]"
          },
          {
            "code": "2105831",
            "display": "10 ML rituximab-abbs 10 MG/ML Injection [Truxima]"
          },
          {
            "code": "1657868",
            "display": "50 ML rituximab 10 MG/ML Injection [Rituxan]"
          },
          {
            "code": "2105835",
            "display": "50 ML rituximab-abbs 10 MG/ML Injection [Truxima]"
          },
          {
            "code": "1927882",
            "display": "hyaluronidase / rituximab Injectable Product"
          },
          {
            "code": "1927883",
            "display": "hyaluronidase / rituximab Injection"
          },
          {
            "code": "1185345",
            "display": "Rituxan Injectable Product"
          },
          {
            "code": "316648",
            "display": "rituximab 10 MG/ML"
          },
          {
            "code": "573051",
            "display": "rituximab 10 MG/ML [Rituxan]"
          },
          {
            "code": "1657866",
            "display": "rituximab 10 MG/ML Injection [Rituxan]"
          },
          {
            "code": "1927881",
            "display": "rituximab 120 MG/ML"
          },
          {
            "code": "1157967",
            "display": "rituximab Injectable Product"
          },
          {
            "code": "1657861",
            "display": "rituximab Injection"
          },
          {
            "code": "1657863",
            "display": "rituximab Injection [Rituxan]"
          },
          {
            "code": "2105829",
            "display": "rituximab Injection [Truxima]"
          },
          {
            "code": "2105828",
            "display": "rituximab-abbs 10 MG/ML [Truxima]"
          },
          {
            "code": "2105833",
            "display": "rituximab-abbs 10 MG/ML Injection [Truxima]"
          },
          {
            "code": "2472326",
            "display": "rituximab-arrx 10 MG/ML"
          },
          {
            "code": "2273511",
            "display": "rituximab-pvvr 10 MG/ML"
          },
          {
            "code": "2105830",
            "display": "Truxima Injectable Product"
          },
          {
            "code": "2105825",
            "display": "rituximab-abbs 10 MG/ML"
          }
        ]
      }
    ]
  }
}