{
  "resourceType" : "ValueSet",
  "id" : "med-all-form2400-vs",
  "text" : {
    "status" : "generated",
    "div" : "<div xmlns=\"http://www.w3.org/1999/xhtml\"><p>This value set includes codes based on the following rules:</p><ul><li>Import all the codes that are contained in <a href=\"ValueSet-med-addition-peri-transplant-vs.html\">http://fhir.nmdp.org/ig/cibmtr-reporting/ValueSet/med-addition-peri-transplant-vs</a></li><li>Import all the codes that are contained in <a href=\"ValueSet-med-gvhd-prophylaxis-vs.html\">http://fhir.nmdp.org/ig/cibmtr-reporting/ValueSet/med-gvhd-prophylaxis-vs</a></li><li>Import all the codes that are contained in <a href=\"ValueSet-med-mobilizing-agents-vs.html\">http://fhir.nmdp.org/ig/cibmtr-reporting/ValueSet/med-mobilizing-agents-vs</a></li><li>Import all the codes that are contained in <a href=\"ValueSet-med-post-hct-disease-therapy-planned-vs.html\">http://fhir.nmdp.org/ig/cibmtr-reporting/ValueSet/med-post-hct-disease-therapy-planned-vs</a></li><li>Import all the codes that are contained in <a href=\"ValueSet-med-prep-regimen-vs.html\">http://fhir.nmdp.org/ig/cibmtr-reporting/ValueSet/med-prep-regimen-vs</a></li><li>Import all the codes that are contained in <a href=\"ValueSet-med-prior-exposure-vs.html\">http://fhir.nmdp.org/ig/cibmtr-reporting/ValueSet/med-prior-exposure-vs</a></li></ul></div>"
  },
  "url" : "http://fhir.nmdp.org/ig/cibmtr-reporting/ValueSet/med-all-form2400-vs",
  "version" : "0.1.5",
  "name" : "RxNormAll2400VS",
  "title" : "RxNorm - All of Form 2400",
  "status" : "active",
  "experimental" : true,
  "date" : "2023-02-01T09:05:11-06:00",
  "publisher" : "The Medical College of Wisconsin, Inc. and the National Marrow Donor Program",
  "contact" : [{
    "name" : "The Medical College of Wisconsin, Inc. and the National Marrow Donor Program",
    "telecom" : [{
      "system" : "url",
      "value" : "http://www.cibmtr.org"
    }]
  },
  {
    "name" : "Bob Milius",
    "telecom" : [{
      "system" : "email",
      "value" : "bmilius@nmdp.org"
    }]
  }],
  "description" : "RxNorm codes for all of Form 2400",
  "compose" : {
    "include" : [{
      "valueSet" : ["http://fhir.nmdp.org/ig/cibmtr-reporting/ValueSet/med-addition-peri-transplant-vs"]
    },
    {
      "valueSet" : ["http://fhir.nmdp.org/ig/cibmtr-reporting/ValueSet/med-gvhd-prophylaxis-vs"]
    },
    {
      "valueSet" : ["http://fhir.nmdp.org/ig/cibmtr-reporting/ValueSet/med-mobilizing-agents-vs"]
    },
    {
      "valueSet" : ["http://fhir.nmdp.org/ig/cibmtr-reporting/ValueSet/med-post-hct-disease-therapy-planned-vs"]
    },
    {
      "valueSet" : ["http://fhir.nmdp.org/ig/cibmtr-reporting/ValueSet/med-prep-regimen-vs"]
    },
    {
      "valueSet" : ["http://fhir.nmdp.org/ig/cibmtr-reporting/ValueSet/med-prior-exposure-vs"]
    }]
  }
}