{
  "resourceType" : "ValueSet",
  "id" : "med-carmustine-vs",
  "text" : {
    "status" : "generated",
    "div" : "<div xmlns=\"http://www.w3.org/1999/xhtml\"><ul><li>Include these codes as defined in <a href=\"http://www.nlm.nih.gov/research/umls/rxnorm\"><code>http://www.nlm.nih.gov/research/umls/rxnorm</code></a><table class=\"none\"><tr><td style=\"white-space:nowrap\"><b>Code</b></td><td><b>Display</b></td></tr><tr><td>2105</td><td>carmustine</td></tr><tr><td>343027</td><td>BiCNU</td></tr><tr><td>217357</td><td>Gliadel</td></tr><tr><td>1173621</td><td>BiCNU Injectable Product</td></tr><tr><td>1729367</td><td>carmustine 100 MG</td></tr><tr><td>1729370</td><td>carmustine 100 MG [BiCNU]</td></tr><tr><td>105552</td><td>carmustine 100 MG Injection [BiCNU]</td></tr><tr><td>337509</td><td>carmustine 3.3 MG/ML</td></tr><tr><td>564079</td><td>carmustine 3.3 MG/ML [BiCNU]</td></tr><tr><td>596881</td><td>carmustine 3.3 MG/ML Injectable Solution [BiCNU]</td></tr><tr><td>340520</td><td>carmustine 7.7 MG</td></tr><tr><td>378774</td><td>carmustine Drug Implant</td></tr><tr><td>1151413</td><td>carmustine Drug Implant Product</td></tr><tr><td>1151727</td><td>carmustine Injectable Product</td></tr><tr><td>370496</td><td>carmustine Injectable Solution</td></tr><tr><td>491188</td><td>carmustine Injectable Solution [BiCNU]</td></tr><tr><td>1729368</td><td>carmustine Injection</td></tr><tr><td>1729371</td><td>carmustine Injection [BiCNU]</td></tr></table></li></ul></div>"
  },
  "url" : "http://fhir.nmdp.org/ig/cibmtr-reporting/ValueSet/med-carmustine-vs",
  "version" : "0.1.5",
  "name" : "RxNormCarmustineVS",
  "title" : "RxNorm - Carmustine",
  "status" : "active",
  "date" : "2023-01-31T11:27:58-06:00",
  "publisher" : "The Medical College of Wisconsin, Inc. and the National Marrow Donor Program",
  "contact" : [{
    "name" : "The Medical College of Wisconsin, Inc. and the National Marrow Donor Program",
    "telecom" : [{
      "system" : "url",
      "value" : "http://www.cibmtr.org"
    }]
  },
  {
    "name" : "Bob Milius",
    "telecom" : [{
      "system" : "email",
      "value" : "bmilius@nmdp.org"
    }]
  }],
  "description" : "RxNorm codes for Carmustine",
  "compose" : {
    "include" : [{
      "system" : "http://www.nlm.nih.gov/research/umls/rxnorm",
      "concept" : [{
        "code" : "2105",
        "display" : "carmustine"
      },
      {
        "code" : "343027",
        "display" : "BiCNU"
      },
      {
        "code" : "217357",
        "display" : "Gliadel"
      },
      {
        "code" : "1173621",
        "display" : "BiCNU Injectable Product"
      },
      {
        "code" : "1729367",
        "display" : "carmustine 100 MG"
      },
      {
        "code" : "1729370",
        "display" : "carmustine 100 MG [BiCNU]"
      },
      {
        "code" : "105552",
        "display" : "carmustine 100 MG Injection [BiCNU]"
      },
      {
        "code" : "337509",
        "display" : "carmustine 3.3 MG/ML"
      },
      {
        "code" : "564079",
        "display" : "carmustine 3.3 MG/ML [BiCNU]"
      },
      {
        "code" : "596881",
        "display" : "carmustine 3.3 MG/ML Injectable Solution [BiCNU]"
      },
      {
        "code" : "340520",
        "display" : "carmustine 7.7 MG"
      },
      {
        "code" : "378774",
        "display" : "carmustine Drug Implant"
      },
      {
        "code" : "1151413",
        "display" : "carmustine Drug Implant Product"
      },
      {
        "code" : "1151727",
        "display" : "carmustine Injectable Product"
      },
      {
        "code" : "370496",
        "display" : "carmustine Injectable Solution"
      },
      {
        "code" : "491188",
        "display" : "carmustine Injectable Solution [BiCNU]"
      },
      {
        "code" : "1729368",
        "display" : "carmustine Injection"
      },
      {
        "code" : "1729371",
        "display" : "carmustine Injection [BiCNU]"
      }]
    }]
  }
}