{
  "resourceType" : "ValueSet",
  "id" : "med-addition-peri-transplant-vs",
  "text" : {
    "status" : "generated",
    "div" : "<div xmlns=\"http://www.w3.org/1999/xhtml\"><ul><li>Include these codes as defined in <a href=\"http://www.nlm.nih.gov/research/umls/rxnorm\"><code>http://www.nlm.nih.gov/research/umls/rxnorm</code></a><table class=\"none\"><tr><td style=\"white-space:nowrap\"><b>Code</b></td><td><b>Display</b></td></tr><tr><td>1011</td><td>lymphocyte immune globulin, anti-thymocyte globulin</td></tr><tr><td>107047</td><td>rabbit anti-human T-lymphocyte globulin 25 MG Injection</td></tr><tr><td>107050</td><td>rabbit anti-human T-lymphocyte globulin 25 MG Injection [Thymoglobulin]</td></tr><tr><td>11065</td><td>ursodiol</td></tr><tr><td>1164265</td><td>alemtuzumab Injectable Product</td></tr><tr><td>1165939</td><td>ATGAM Injectable Product</td></tr><tr><td>117055</td><td>alemtuzumab</td></tr><tr><td>1172298</td><td>Campath Injectable Product</td></tr><tr><td>1177887</td><td>Thymoglobulin Injectable Product</td></tr><tr><td>1204</td><td>ATGAM</td></tr><tr><td>1311089</td><td>defibrotide</td></tr><tr><td>1594657</td><td>alemtuzumab 10 MG/ML</td></tr><tr><td>1594658</td><td>1.2 ML alemtuzumab 10 MG/ML Injection</td></tr><tr><td>1594659</td><td>Lemtrada</td></tr><tr><td>1594660</td><td>alemtuzumab 10 MG/ML [Lemtrada]</td></tr><tr><td>1594662</td><td>Lemtrada Injectable Product</td></tr><tr><td>1594663</td><td>1.2 ML alemtuzumab 10 MG/ML Injection [Lemtrada]</td></tr><tr><td>1656628</td><td>alemtuzumab 30 MG/ML</td></tr><tr><td>1656629</td><td>alemtuzumab Injection</td></tr><tr><td>1656631</td><td>alemtuzumab 30 MG/ML [Campath]</td></tr><tr><td>1656632</td><td>alemtuzumab Injection [Campath]</td></tr><tr><td>1656637</td><td>alemtuzumab Injection [Lemtrada]</td></tr><tr><td>1746523</td><td>defibrotide sodium</td></tr><tr><td>1746524</td><td>defibrotide sodium 80 MG/ML</td></tr><tr><td>1746525</td><td>defibrotide Injectable Product</td></tr><tr><td>1746526</td><td>defibrotide Injection</td></tr><tr><td>1746527</td><td>2.5 ML defibrotide sodium 80 MG/ML Injection</td></tr><tr><td>1746528</td><td>Defitelio</td></tr><tr><td>1746529</td><td>defibrotide sodium 80 MG/ML [Defitelio]</td></tr><tr><td>1746530</td><td>defibrotide Injection [Defitelio]</td></tr><tr><td>1746531</td><td>Defitelio Injectable Product</td></tr><tr><td>1746532</td><td>2.5 ML defibrotide sodium 80 MG/ML Injection [Defitelio]</td></tr><tr><td>1788946</td><td>defibrotide, bovine lung</td></tr><tr><td>197906</td><td>5 ML lymphocyte immune globulin, anti-thymocyte globulin, equine 50 MG/ML Injection</td></tr><tr><td>206289</td><td>5 ML lymphocyte immune globulin, anti-thymocyte globulin, equine 50 MG/ML Injection [ATGAM]</td></tr><tr><td>225741</td><td>Thymoglobulin</td></tr><tr><td>2282514</td><td>lymphocyte immune globulin, anti-thymocyte globulin, equine 50 MG/ML</td></tr><tr><td>2282515</td><td>lymphocyte immune globulin, anti-thymocyte globulin Injectable Product</td></tr><tr><td>2282516</td><td>lymphocyte immune globulin, anti-thymocyte globulin Injection</td></tr><tr><td>2282518</td><td>lymphocyte immune globulin, anti-thymocyte globulin, equine 50 MG/ML [ATGAM]</td></tr><tr><td>2282519</td><td>lymphocyte immune globulin, anti-thymocyte globulin Injection [ATGAM]</td></tr><tr><td>2282525</td><td>rabbit anti-human T-lymphocyte globulin 25 MG</td></tr><tr><td>2282527</td><td>rabbit anti-human T-lymphocyte globulin 25 MG [Thymoglobulin]</td></tr><tr><td>2282528</td><td>lymphocyte immune globulin, anti-thymocyte globulin Injection [Thymoglobulin]</td></tr><tr><td>2376942</td><td>ursodiol 400 MG Oral Capsule</td></tr><tr><td>2477892</td><td>ursodiol 200 MG [Reltone]</td></tr><tr><td>2477896</td><td>ursodiol 200 MG Oral Capsule [Reltone]</td></tr><tr><td>2477897</td><td>ursodiol 400 MG [Reltone]</td></tr><tr><td>2477898</td><td>ursodiol 400 MG Oral Capsule [Reltone]</td></tr><tr><td>284679</td><td>Campath</td></tr><tr><td>360513</td><td>ursodiol 250 MG</td></tr><tr><td>412174</td><td>ursodiol 200 MG Oral Capsule</td></tr><tr><td>452499</td><td>ursodiol 200 MG</td></tr><tr><td>452500</td><td>ursodiol 400 MG</td></tr><tr><td>828265</td><td>1 ML alemtuzumab 30 MG/ML Injection</td></tr><tr><td>828267</td><td>1 ML alemtuzumab 30 MG/ML Injection [Campath]</td></tr><tr><td>858328</td><td>ursodiol 300 MG</td></tr><tr><td>858329</td><td>ursodiol 300 MG Oral Tablet</td></tr><tr><td>858330</td><td>ursodiol 150 MG</td></tr><tr><td>858332</td><td>ursodiol 50 MG/ML</td></tr><tr><td>858333</td><td>ursodiol 50 MG/ML Oral Suspension</td></tr><tr><td>858335</td><td>ursodiol 150 MG Oral Tablet</td></tr><tr><td>858732</td><td>ursodiol 500 MG</td></tr><tr><td>858733</td><td>ursodiol 500 MG Oral Tablet</td></tr><tr><td>858734</td><td>ursodiol 500 MG [Urso Forte]</td></tr><tr><td>858735</td><td>ursodiol 500 MG Oral Tablet [Urso Forte]</td></tr><tr><td>858744</td><td>ursodiol 250 MG Oral Capsule</td></tr><tr><td>858745</td><td>ursodiol 250 MG [Urso]</td></tr><tr><td>858747</td><td>ursodiol 300 MG Oral Capsule</td></tr><tr><td>858748</td><td>ursodiol 300 MG [Actigall]</td></tr><tr><td>858749</td><td>ursodiol 300 MG Oral Capsule [Actigall]</td></tr><tr><td>858751</td><td>ursodiol 250 MG Oral Tablet</td></tr><tr><td>858752</td><td>ursodiol 250 MG Oral Tablet [Urso]</td></tr><tr><td>91601</td><td>lymphocyte immune globulin, anti-thymocyte globulin, equine</td></tr><tr><td>973</td><td>antilymphocyte immunoglobulin</td></tr></table></li></ul></div>"
  },
  "url" : "http://fhir.nmdp.org/ig/cibmtr-reporting/ValueSet/med-addition-peri-transplant-vs",
  "version" : "0.1.5",
  "name" : "RxNormAdditionalPeriTransplantVS",
  "title" : "RxNorm - Additional Drugs in Peri-Transplant Period",
  "status" : "active",
  "experimental" : true,
  "date" : "2023-02-02T10:26:54-06:00",
  "publisher" : "The Medical College of Wisconsin, Inc. and the National Marrow Donor Program",
  "contact" : [{
    "name" : "The Medical College of Wisconsin, Inc. and the National Marrow Donor Program",
    "telecom" : [{
      "system" : "url",
      "value" : "http://www.cibmtr.org"
    }]
  },
  {
    "name" : "Bob Milius",
    "telecom" : [{
      "system" : "email",
      "value" : "bmilius@nmdp.org"
    }]
  }],
  "description" : "RxNorm codes for Additional Drugs in Peri-Transplant Period",
  "compose" : {
    "include" : [{
      "system" : "http://www.nlm.nih.gov/research/umls/rxnorm",
      "concept" : [{
        "code" : "1011",
        "display" : "lymphocyte immune globulin, anti-thymocyte globulin"
      },
      {
        "code" : "107047",
        "display" : "rabbit anti-human T-lymphocyte globulin 25 MG Injection"
      },
      {
        "code" : "107050",
        "display" : "rabbit anti-human T-lymphocyte globulin 25 MG Injection [Thymoglobulin]"
      },
      {
        "code" : "11065",
        "display" : "ursodiol"
      },
      {
        "code" : "1164265",
        "display" : "alemtuzumab Injectable Product"
      },
      {
        "code" : "1165939",
        "display" : "ATGAM Injectable Product"
      },
      {
        "code" : "117055",
        "display" : "alemtuzumab"
      },
      {
        "code" : "1172298",
        "display" : "Campath Injectable Product"
      },
      {
        "code" : "1177887",
        "display" : "Thymoglobulin Injectable Product"
      },
      {
        "code" : "1204",
        "display" : "ATGAM"
      },
      {
        "code" : "1311089",
        "display" : "defibrotide"
      },
      {
        "code" : "1594657",
        "display" : "alemtuzumab 10 MG/ML"
      },
      {
        "code" : "1594658",
        "display" : "1.2 ML alemtuzumab 10 MG/ML Injection"
      },
      {
        "code" : "1594659",
        "display" : "Lemtrada"
      },
      {
        "code" : "1594660",
        "display" : "alemtuzumab 10 MG/ML [Lemtrada]"
      },
      {
        "code" : "1594662",
        "display" : "Lemtrada Injectable Product"
      },
      {
        "code" : "1594663",
        "display" : "1.2 ML alemtuzumab 10 MG/ML Injection [Lemtrada]"
      },
      {
        "code" : "1656628",
        "display" : "alemtuzumab 30 MG/ML"
      },
      {
        "code" : "1656629",
        "display" : "alemtuzumab Injection"
      },
      {
        "code" : "1656631",
        "display" : "alemtuzumab 30 MG/ML [Campath]"
      },
      {
        "code" : "1656632",
        "display" : "alemtuzumab Injection [Campath]"
      },
      {
        "code" : "1656637",
        "display" : "alemtuzumab Injection [Lemtrada]"
      },
      {
        "code" : "1746523",
        "display" : "defibrotide sodium"
      },
      {
        "code" : "1746524",
        "display" : "defibrotide sodium 80 MG/ML"
      },
      {
        "code" : "1746525",
        "display" : "defibrotide Injectable Product"
      },
      {
        "code" : "1746526",
        "display" : "defibrotide Injection"
      },
      {
        "code" : "1746527",
        "display" : "2.5 ML defibrotide sodium 80 MG/ML Injection"
      },
      {
        "code" : "1746528",
        "display" : "Defitelio"
      },
      {
        "code" : "1746529",
        "display" : "defibrotide sodium 80 MG/ML [Defitelio]"
      },
      {
        "code" : "1746530",
        "display" : "defibrotide Injection [Defitelio]"
      },
      {
        "code" : "1746531",
        "display" : "Defitelio Injectable Product"
      },
      {
        "code" : "1746532",
        "display" : "2.5 ML defibrotide sodium 80 MG/ML Injection [Defitelio]"
      },
      {
        "code" : "1788946",
        "display" : "defibrotide, bovine lung"
      },
      {
        "code" : "197906",
        "display" : "5 ML lymphocyte immune globulin, anti-thymocyte globulin, equine 50 MG/ML Injection"
      },
      {
        "code" : "206289",
        "display" : "5 ML lymphocyte immune globulin, anti-thymocyte globulin, equine 50 MG/ML Injection [ATGAM]"
      },
      {
        "code" : "225741",
        "display" : "Thymoglobulin"
      },
      {
        "code" : "2282514",
        "display" : "lymphocyte immune globulin, anti-thymocyte globulin, equine 50 MG/ML"
      },
      {
        "code" : "2282515",
        "display" : "lymphocyte immune globulin, anti-thymocyte globulin Injectable Product"
      },
      {
        "code" : "2282516",
        "display" : "lymphocyte immune globulin, anti-thymocyte globulin Injection"
      },
      {
        "code" : "2282518",
        "display" : "lymphocyte immune globulin, anti-thymocyte globulin, equine 50 MG/ML [ATGAM]"
      },
      {
        "code" : "2282519",
        "display" : "lymphocyte immune globulin, anti-thymocyte globulin Injection [ATGAM]"
      },
      {
        "code" : "2282525",
        "display" : "rabbit anti-human T-lymphocyte globulin 25 MG"
      },
      {
        "code" : "2282527",
        "display" : "rabbit anti-human T-lymphocyte globulin 25 MG [Thymoglobulin]"
      },
      {
        "code" : "2282528",
        "display" : "lymphocyte immune globulin, anti-thymocyte globulin Injection [Thymoglobulin]"
      },
      {
        "code" : "2376942",
        "display" : "ursodiol 400 MG Oral Capsule"
      },
      {
        "code" : "2477892",
        "display" : "ursodiol 200 MG [Reltone]"
      },
      {
        "code" : "2477896",
        "display" : "ursodiol 200 MG Oral Capsule [Reltone]"
      },
      {
        "code" : "2477897",
        "display" : "ursodiol 400 MG [Reltone]"
      },
      {
        "code" : "2477898",
        "display" : "ursodiol 400 MG Oral Capsule [Reltone]"
      },
      {
        "code" : "284679",
        "display" : "Campath"
      },
      {
        "code" : "360513",
        "display" : "ursodiol 250 MG"
      },
      {
        "code" : "412174",
        "display" : "ursodiol 200 MG Oral Capsule"
      },
      {
        "code" : "452499",
        "display" : "ursodiol 200 MG"
      },
      {
        "code" : "452500",
        "display" : "ursodiol 400 MG"
      },
      {
        "code" : "828265",
        "display" : "1 ML alemtuzumab 30 MG/ML Injection"
      },
      {
        "code" : "828267",
        "display" : "1 ML alemtuzumab 30 MG/ML Injection [Campath]"
      },
      {
        "code" : "858328",
        "display" : "ursodiol 300 MG"
      },
      {
        "code" : "858329",
        "display" : "ursodiol 300 MG Oral Tablet"
      },
      {
        "code" : "858330",
        "display" : "ursodiol 150 MG"
      },
      {
        "code" : "858332",
        "display" : "ursodiol 50 MG/ML"
      },
      {
        "code" : "858333",
        "display" : "ursodiol 50 MG/ML Oral Suspension"
      },
      {
        "code" : "858335",
        "display" : "ursodiol 150 MG Oral Tablet"
      },
      {
        "code" : "858732",
        "display" : "ursodiol 500 MG"
      },
      {
        "code" : "858733",
        "display" : "ursodiol 500 MG Oral Tablet"
      },
      {
        "code" : "858734",
        "display" : "ursodiol 500 MG [Urso Forte]"
      },
      {
        "code" : "858735",
        "display" : "ursodiol 500 MG Oral Tablet [Urso Forte]"
      },
      {
        "code" : "858744",
        "display" : "ursodiol 250 MG Oral Capsule"
      },
      {
        "code" : "858745",
        "display" : "ursodiol 250 MG [Urso]"
      },
      {
        "code" : "858747",
        "display" : "ursodiol 300 MG Oral Capsule"
      },
      {
        "code" : "858748",
        "display" : "ursodiol 300 MG [Actigall]"
      },
      {
        "code" : "858749",
        "display" : "ursodiol 300 MG Oral Capsule [Actigall]"
      },
      {
        "code" : "858751",
        "display" : "ursodiol 250 MG Oral Tablet"
      },
      {
        "code" : "858752",
        "display" : "ursodiol 250 MG Oral Tablet [Urso]"
      },
      {
        "code" : "91601",
        "display" : "lymphocyte immune globulin, anti-thymocyte globulin, equine"
      },
      {
        "code" : "973",
        "display" : "antilymphocyte immunoglobulin"
      }]
    }]
  }
}