<?xml version="1.0" encoding="UTF-8"?>

<ValueSet xmlns="http://hl7.org/fhir">
  <id value="med-defibrotide-vs"/>
  <text>
    <status value="generated"/><div xmlns="http://www.w3.org/1999/xhtml"><ul><li>Include these codes as defined in <a href="http://www.nlm.nih.gov/research/umls/rxnorm"><code>http://www.nlm.nih.gov/research/umls/rxnorm</code></a><table class="none"><tr><td style="white-space:nowrap"><b>Code</b></td><td><b>Display</b></td></tr><tr><td>1311089</td><td>defibrotide</td></tr><tr><td>1746523</td><td>defibrotide sodium</td></tr><tr><td>1746528</td><td>Defitelio</td></tr><tr><td>1788946</td><td>defibrotide, bovine lung</td></tr><tr><td>1746532</td><td>2.5 ML defibrotide sodium 80 MG/ML Injection [Defitelio]</td></tr><tr><td>1746525</td><td>defibrotide Injectable Product</td></tr><tr><td>1746526</td><td>defibrotide Injection</td></tr><tr><td>1746530</td><td>defibrotide Injection [Defitelio]</td></tr><tr><td>1746524</td><td>defibrotide sodium 80 MG/ML</td></tr><tr><td>1746529</td><td>defibrotide sodium 80 MG/ML [Defitelio]</td></tr><tr><td>1746534</td><td>defibrotide sodium 80 MG/ML Injection [Defitelio]</td></tr><tr><td>1746531</td><td>Defitelio Injectable Product</td></tr></table></li></ul></div>
  </text>
  <url value="http://fhir.nmdp.org/ig/cibmtr-reporting/ValueSet/med-defibrotide-vs"/>
  <version value="0.1.6"/>
  <name value="RxNormDefibrotideVS"/>
  <title value="RxNorm - Defibrotide"/>
  <status value="active"/>
  <experimental value="true"/>
  <date value="2023-05-04T21:45:15-05:00"/>
  <publisher value="The Medical College of Wisconsin, Inc. and the National Marrow Donor Program"/>
  <contact>
    <name value="The Medical College of Wisconsin, Inc. and the National Marrow Donor Program"/>
    <telecom>
      <system value="url"/>
      <value value="http://www.cibmtr.org"/>
    </telecom>
  </contact>
  <contact>
    <name value="Bob Milius"/>
    <telecom>
      <system value="email"/>
      <value value="bmilius@nmdp.org"/>
    </telecom>
  </contact>
  <description value="RxNorm codes for Defibrotide"/>
  <compose>
    <include>
      <system value="http://www.nlm.nih.gov/research/umls/rxnorm"/>
      <concept>
        <code value="1311089"/>
        <display value="defibrotide"/>
      </concept>
      <concept>
        <code value="1746523"/>
        <display value="defibrotide sodium"/>
      </concept>
      <concept>
        <code value="1746528"/>
        <display value="Defitelio"/>
      </concept>
      <concept>
        <code value="1788946"/>
        <display value="defibrotide, bovine lung"/>
      </concept>
      <concept>
        <code value="1746532"/>
        <display value="2.5 ML defibrotide sodium 80 MG/ML Injection [Defitelio]"/>
      </concept>
      <concept>
        <code value="1746525"/>
        <display value="defibrotide Injectable Product"/>
      </concept>
      <concept>
        <code value="1746526"/>
        <display value="defibrotide Injection"/>
      </concept>
      <concept>
        <code value="1746530"/>
        <display value="defibrotide Injection [Defitelio]"/>
      </concept>
      <concept>
        <code value="1746524"/>
        <display value="defibrotide sodium 80 MG/ML"/>
      </concept>
      <concept>
        <code value="1746529"/>
        <display value="defibrotide sodium 80 MG/ML [Defitelio]"/>
      </concept>
      <concept>
        <code value="1746534"/>
        <display value="defibrotide sodium 80 MG/ML Injection [Defitelio]"/>
      </concept>
      <concept>
        <code value="1746531"/>
        <display value="Defitelio Injectable Product"/>
      </concept>
    </include>
  </compose>
</ValueSet>